name,slug,city,state,country,latitude,longitude,website,type,total_enrollment,undergraduate_enrollment,acceptance_rate,average_sat,average_act,tuition_in_state,tuition_out_state,room_and_board,books_supplies,graduation_rate,retention_rate,avg_net_price,percent_receiving_aid,student_faculty_ratio
Southern New Hampshire University,southern-new-hampshire-university,Manchester,NH,USA,43.038922,-71.451842,https://www.snhu.edu/,Private Non-Profit,156755,156755,96.12,,,16450,16450,12800,1500,44.87,59.89,,59.07,24.0
Western Governors University,western-governors-university,Salt Lake City,UT,USA,40.68481,-111.869752,https://www.wgu.edu/,Private Non-Profit,135822,135822,,,,8300,8300,,200,50.89,61.51,,42.61,42.0
Arizona State University Campus Immersion,arizona-state-university-campus-immersion,Tempe,AZ,USA,33.417721,-111.934383,https://www.asu.edu/,Public,64398,64398,90.19,,,12051,32193,16091,1320,67.85,85.32,13670,28.4,18.0
Texas A & M University-College Station,texas-a-m-university-college-station,College Station,TX,USA,30.618726,-96.336475,https://www.tamu.edu/,Public,59099,59099,63.25,1272,28,13099,40328,13154,900,83.78,94.25,20924,26.34,19.0
University of Central Florida,university-of-central-florida,Orlando,FL,USA,28.602159,-81.200889,https://www.ucf.edu/,Public,59095,59095,39.52,1277,28,6368,22467,12070,1000,75.15,92.16,10650,24.21,29.0
Liberty University,liberty-university,Lynchburg,VA,USA,37.350232,-79.18222,https://www.liberty.edu/,Private Non-Profit,50059,50059,99.32,,,21222,21222,12919,1599,63.48,78.79,,49.02,18.0
Arizona State University Digital Immersion,arizona-state-university-digital-immersion,Scottsdale,AZ,USA,33.463517,-111.924487,https://www.asu.edu/,Public,49000,49000,64.11,,,,,,,,,,37.15,25.0
University of Maryland Global Campus,university-of-maryland-global-campus,Adelphi,MD,USA,38.912706,-76.847584,https://www.umgc.edu/,Public,48238,48238,,,,7992,12336,,0,29.58,52.8,14514,17.57,20.0
Ohio State University-Main Campus,ohio-state-university-main-campus,Columbus,OH,USA,39.999803,-83.007525,https://www.osu.edu/,Public,44617,44617,50.82,1407,29,12859,38365,14272,1030,87.73,94.12,18292,30.42,18.0
The University of Texas at Austin,the-university-of-texas-at-austin,Austin,TX,USA,30.282825,-97.738273,https://www.utexas.edu/,Public,42100,42100,29.12,1380,30,11678,42778,14136,724,87.64,96.12,19678,27.06,18.0
Brigham Young University-Idaho,brigham-young-university-idaho,Rexburg,ID,USA,43.818408,-111.782431,https://www.byui.edu/,Private Non-Profit,42090,42090,96.95,1123,23,4656,4656,5068,550,55.08,69.63,,11.54,20.0
Pennsylvania State University-Main Campus,pennsylvania-state-university-main-campus,University Park,PA,USA,40.7965,-77.862848,https://www.psu.edu/,Public,41862,41862,54.22,1316,,20234,40188,13030,1840,85.68,91.95,32598,39.86,15.0
University of Arizona,university-of-arizona,Tucson,AZ,USA,32.232672,-110.950815,https://www.arizona.edu/,Public,40769,40769,85.66,1261,25,13626,41095,14400,800,65.89,87.67,15960,26.95,19.0
Michigan State University,michigan-state-university,East Lansing,MI,USA,42.73212,-84.476111,https://www.msu.edu/,Public,40243,40243,83.92,1261,26,15988,43372,11754,1334,82.17,91.4,20751,33.39,17.0
Purdue University-Main Campus,purdue-university-main-campus,West Lafayette,IN,USA,40.428206,-86.914435,https://www.purdue.edu/,Public,39637,39637,50.3,1342,30,9992,28794,11650,1030,83.1,92.03,13945,23.21,14.0
Kennesaw State University,kennesaw-state-university,Kennesaw,GA,USA,34.038807,-84.583052,https://www.kennesaw.edu/,Public,39503,39503,69.18,1120,23,5786,17040,13027,1500,48.06,78.74,16972,35.07,23.0
Florida International University,florida-international-university,Miami,FL,USA,25.75732,-80.373928,https://www.fiu.edu/,Public,38761,38761,58.84,1154,24,6565,18963,12156,1350,73.87,91.61,9133,17.78,24.0
University of Houston,university-of-houston,Houston,TX,USA,29.720393,-95.343537,https://www.uh.edu/,Public,37175,37175,69.53,1229,26,9711,22191,10830,1556,64.92,86.44,13853,31.9,21.0
California State University-Fullerton,california-state-university-fullerton,Fullerton,CA,USA,33.881506,-117.885446,https://www.fullerton.edu/,Public,36956,36956,86.74,,,7073,18953,18348,965,69.22,84.99,5646,22.06,22.0
Indiana University-Bloomington,indiana-university-bloomington,Bloomington,IN,USA,39.16609,-86.526559,https://www.indiana.edu/,Public,36571,36571,80.37,1308,29,11790,40482,13380,690,81.17,90.55,15342,27.48,18.0
Rutgers University-New Brunswick,rutgers-university-new-brunswick,New Brunswick,NJ,USA,40.498769,-74.446251,https://newbrunswick.rutgers.edu/,Public,36357,36357,65.35,1383,30,17239,36001,14715,1391,85.01,92.63,23519,36.79,15.0
University of South Florida,university-of-south-florida,Tampa,FL,USA,28.061458,-82.413232,https://www.usf.edu/,Public,36299,36299,40.96,1235,27,6410,17324,13595,770,74.58,91.44,10043,24.71,22.0
University of Wisconsin-Madison,university-of-wisconsin-madison,Madison,WI,USA,43.075409,-89.404098,https://www.wisc.edu/,Public,35665,35665,43.35,1402,29,11205,40603,13500,1100,89.33,94.53,16928,21.7,18.0
University of Illinois Urbana-Champaign,university-of-illinois-urbana-champaign,Champaign,IL,USA,40.104718,-88.229114,https://www.illinois.edu/,Public,34623,34623,43.69,1418,32,16004,34501,13938,1200,84.89,94.32,15201,28.97,20.0
Texas State University,texas-state-university,San Marcos,TX,USA,29.888885,-97.943029,https://www.txst.edu/,Public,34547,34547,89.48,1093,22,11450,23210,12270,740,56.17,77.51,16438,42.59,21.0
California State University-Long Beach,california-state-university-long-beach,Long Beach,CA,USA,33.782818,-118.11204,https://www.csulb.edu/,Public,34131,34131,47.12,,,7008,18888,15612,1490,69.86,85.3,8931,24.14,19.0
University of Florida,university-of-florida,Gainesville,FL,USA,29.64629,-82.347911,https://www.ufl.edu/,Public,34102,34102,24.03,1397,31,6381,28659,11500,1050,91.51,97.09,6351,11.92,16.0
University of California-San Diego,university-of-california-san-diego,La Jolla,CA,USA,32.877749,-117.235866,https://www.ucsd.edu/,Public,33787,33787,24.52,,,15265,46042,17198,1307,87.63,93.92,11750,24.12,19.0
University of North Texas,university-of-north-texas,Denton,TX,USA,33.211178,-97.148422,https://www.unt.edu/,Public,33680,33680,72.46,1109,23,11164,21244,10805,1120,59.57,76.96,14352,39.1,23.0
San Diego State University,san-diego-state-university,San Diego,CA,USA,32.77525,-117.071228,https://www.sdsu.edu/,Public,33654,33654,34.44,,,8290,20170,21630,908,78.27,90.32,16174,23.14,22.0
University of Michigan-Ann Arbor,university-of-michigan-ann-arbor,Ann Arbor,MI,USA,42.278374,-83.73481,https://umich.edu/,Public,33488,33488,17.94,1473,,17228,58072,13856,1126,93.22,97.64,14832,21.01,11.0
University of California-Berkeley,university-of-california-berkeley,Berkeley,CA,USA,37.871918,-122.260463,https://www.berkeley.edu/,Public,33073,33073,11.66,,,14850,45627,22692,1273,92.89,96.75,14979,18.23,18.0
University of California-Los Angeles,university-of-california-los-angeles,Los Angeles,CA,USA,34.07178,-118.442179,https://www.ucla.edu/,Public,33040,33040,8.73,,,13747,44524,17148,1574,92.66,96.76,14013,20.69,18.0
Texas Tech University,texas-tech-university,Lubbock,TX,USA,33.583448,-101.874783,https://www.ttu.edu/,Public,32446,32446,70.89,1182,26,11852,24451,10460,1200,67.47,84.87,20071,43.48,21.0
California State University-Northridge,california-state-university-northridge,Northridge,CA,USA,34.240126,-118.529319,https://www.csun.edu/,Public,32357,32357,93.15,,,7095,18975,12648,1284,56.18,74.4,7599,22.63,21.0
The University of Alabama,the-university-of-alabama,Tuscaloosa,AL,USA,33.211875,-87.545978,https://www.ua.edu/,Public,32323,32323,75.82,1287,26,11900,33200,14840,800,73.69,86.09,22150,33.58,19.0
Brigham Young University,brigham-young-university,Provo,UT,USA,40.250851,-111.649281,https://byu.edu/,Private Non-Profit,32221,32221,69.19,1376,29,6496,6496,9720,1040,82.21,89.05,,11.63,21.0
Florida State University,florida-state-university,Tallahassee,FL,USA,30.443147,-84.295064,https://www.fsu.edu/,Public,31812,31812,25.38,1323,28,5656,18786,12740,1000,82.99,95.64,10997,21.91,17.0
University of California-Davis,university-of-california-davis,Davis,CA,USA,38.539667,-121.749567,https://ucdavis.edu/,Public,31777,31777,41.63,,,15247,46024,19068,1381,85.07,93.37,15288,23.22,21.0
University of Washington-Seattle Campus,university-of-washington-seattle-campus,Seattle,WA,USA,47.65538,-122.30514,https://www.washington.edu/,Public,31588,31588,42.53,,,12643,41997,17982,900,83.7,94.9,13485,15.79,20.0
University of Colorado Boulder,university-of-colorado-boulder,Boulder,CO,USA,40.008781,-105.270823,https://www.colorado.edu/,Public,31578,31578,83.28,1353,28,16430,41943,16950,1200,75.03,89.17,21480,24.36,19.0
University of Georgia,university-of-georgia,Athens,GA,USA,33.956262,-83.374039,https://www.uga.edu/,Public,31310,31310,37.2,1301,31,11180,30220,11246,1002,87.16,94.54,13816,21.65,17.0
The University of Texas at Arlington,the-university-of-texas-at-arlington,Arlington,TX,USA,32.729718,-97.11296,https://www.uta.edu/,Public,30834,30834,81.29,1116,23,11728,29660,10582,1150,56.52,72.88,15235,32.81,23.0
University of Minnesota-Twin Cities,university-of-minnesota-twin-cities,Minneapolis,MN,USA,44.972851,-93.235464,https://twin-cities.umn.edu/,Public,30469,30469,77.03,1359,30,16488,36402,13028,1000,84.82,90.86,17139,29.06,16.0
Virginia Polytechnic Institute and State University,virginia-polytechnic-institute-and-state-university,Blacksburg,VA,USA,37.229012,-80.423675,https://www.vt.edu/,Public,30435,30435,57.03,1337,29,15478,36694,14888,2620,86.28,91.79,23790,34.26,17.0
University of Maryland-College Park,university-of-maryland-college-park,College Park,MD,USA,38.988178,-76.944721,https://www.umd.edu/,Public,30246,30246,44.84,1463,32,11505,40306,15416,1250,88.62,95.66,15590,22.69,18.0
The University of Texas at San Antonio,the-university-of-texas-at-san-antonio,San Antonio,TX,USA,29.583709,-98.620657,https://www.utsa.edu/,Public,29675,29675,88.46,1102,22,8991,21965,11843,1000,51.19,79.4,11234,42.57,25.0
Oregon State University,oregon-state-university,Corvallis,OR,USA,44.56395,-123.274723,https://oregonstate.edu/,Public,29557,29557,78.85,,25,13494,35664,15075,600,70.63,87.47,19568,33.39,20.0
University of California-Irvine,university-of-california-irvine,Irvine,CA,USA,33.648434,-117.841248,https://www.uci.edu/,Public,29494,29494,25.57,,,14237,45014,18423,1550,85.95,93.79,12840,21.81,18.0
New York University,new-york-university,New York,NY,USA,40.729452,-73.997264,https://www.nyu.edu/,Private Non-Profit,29430,29430,9.41,1527,34,60438,60438,22786,1494,88.46,95.5,,21.71,8.0
Louisiana State University and Agricultural & Mechanical College,louisiana-state-university-and-agricultural-mechanical-college,Baton Rouge,LA,USA,30.414986,-91.178921,https://www.lsu.edu/,Public,29207,29207,74.0,1248,26,11954,28631,14296,1084,70.96,84.01,20015,29.56,20.0
University of Cincinnati-Main Campus,university-of-cincinnati-main-campus,Cincinnati,OH,USA,39.131159,-84.51428,https://www.uc.edu/,Public,29094,29094,87.67,1281,27,13570,30582,13048,1300,71.55,85.74,23156,38.84,19.0
The University of Tennessee-Knoxville,the-university-of-tennessee-knoxville,Knoxville,TN,USA,35.952082,-83.925852,https://www.utk.edu/,Public,28763,28763,45.99,1304,28,13484,31974,12500,1598,73.5,91.08,18109,30.09,18.0
University of South Carolina-Columbia,university-of-south-carolina-columbia,Columbia,SC,USA,33.996788,-81.026935,https://www.sc.edu/,Public,28113,28113,61.49,1297,29,12688,34934,12558,1226,77.75,90.74,24532,41.72,18.0
California State University-Sacramento,california-state-university-sacramento,Sacramento,CA,USA,38.559415,-121.423549,https://www.csus.edu/,Public,27867,27867,93.62,,,7602,19482,16278,1112,55.82,81.07,10512,24.85,21.0
Utah Valley University,utah-valley-university,Orem,UT,USA,40.281078,-111.716456,https://www.uvu.edu/,Public,27481,27481,,,,6270,17830,,670,40.74,69.67,8463,8.95,28.0
University of Arkansas,university-of-arkansas,Fayetteville,AR,USA,36.070009,-94.176981,https://www.uark.edu/,Public,27312,27312,71.67,1174,25,9748,28772,13290,1154,69.97,86.46,17525,34.05,20.0
Georgia State University,georgia-state-university,Atlanta,GA,USA,33.7527,-84.38667,https://www.gsu.edu/,Public,27109,27109,62.28,1149,23,8478,23709,16328,2000,53.72,78.35,15931,41.47,25.0
George Mason University,george-mason-university,Fairfax,VA,USA,38.83195,-77.307063,https://www2.gmu.edu/,Public,27083,27083,88.83,1247,28,13815,39397,15151,1278,69.32,87.35,18287,34.25,16.0
The University of Texas Rio Grande Valley,the-university-of-texas-rio-grande-valley,Edinburg,TX,USA,26.306759,-98.173567,https://www.utrgv.edu/,Public,27026,27026,84.82,1020,,9859,19939,9662,1190,49.27,78.91,6500,25.58,19.0
San Jose State University,san-jose-state-university,San Jose,CA,USA,37.336569,-121.880621,https://www.sjsu.edu/,Public,26757,26757,80.23,,,7992,19872,19866,938,64.65,86.43,13741,20.75,18.0
North Carolina State University at Raleigh,north-carolina-state-university-at-raleigh,Raleigh,NC,USA,35.785111,-78.674517,https://www.ncsu.edu/,Public,26389,26389,39.85,1380,30,8895,31767,13719,869,84.64,93.42,16931,33.99,15.0
University of Utah,university-of-utah,Salt Lake City,UT,USA,40.762484,-111.846044,https://www.utah.edu/,Public,26041,26041,87.17,1231,26,9315,29837,12398,1100,63.91,85.38,13172,21.5,18.0
Auburn University,auburn-university,Auburn,AL,USA,32.599378,-85.488258,https://www.auburn.edu/,Public,25732,25732,50.47,1318,,12536,33944,15396,1200,79.21,93.19,23897,27.01,21.0
Colorado State University-Fort Collins,colorado-state-university-fort-collins,Fort Collins,CO,USA,40.574805,-105.080732,https://colostate.edu/,Public,25148,25148,89.59,,26,12896,33751,15606,1200,66.91,84.83,20332,30.89,17.0
Iowa State University,iowa-state-university,Ames,IA,USA,42.026212,-93.648504,https://www.iastate.edu/,Public,25033,25033,89.13,1199,25,10497,27683,9726,1091,75.47,87.56,18165,45.91,18.0
California State Polytechnic University-Pomona,california-state-polytechnic-university-pomona,Pomona,CA,USA,34.057912,-117.821476,https://www.cpp.edu/,Public,24271,24271,73.7,,,7439,19319,16330,995,66.74,88.14,11580,25.26,23.0
University of Nevada-Las Vegas,university-of-nevada-las-vegas,Las Vegas,NV,USA,36.106047,-115.138462,https://www.unlv.edu/,Public,24131,24131,96.26,1091,,9142,26098,12072,1240,50.12,77.93,10011,27.07,18.0
University of Massachusetts-Amherst,university-of-massachusetts-amherst,Amherst,MA,USA,42.385999,-72.526728,https://www.umass.edu/,Public,23694,23694,57.77,1393,31,17357,39293,14869,1000,83.16,91.0,23691,47.89,18.0
University of North Carolina at Charlotte,university-of-north-carolina-at-charlotte,Charlotte,NC,USA,35.306022,-80.730919,https://www.charlotte.edu/,Public,23567,23567,80.21,1202,24,7214,21876,13864,950,67.71,85.13,14745,41.12,21.0
Florida Atlantic University,florida-atlantic-university,Boca Raton,FL,USA,26.372421,-80.102978,https://www.fau.edu/,Public,23458,23458,73.44,1119,23,4879,17324,12536,1256,64.33,84.16,8001,27.92,23.0
University of California-Santa Barbara,university-of-california-santa-barbara,Santa Barbara,CA,USA,34.416297,-119.846426,https://www.ucsb.edu/,Public,23205,23205,27.78,,,14965,45742,18684,1482,85.33,91.91,13825,20.21,17.0
University of Kentucky,university-of-kentucky,Lexington,KY,USA,38.038911,-84.504747,https://www.uky.edu/,Public,23189,23189,92.38,1213,26,13212,33406,15242,1200,69.93,86.67,17218,34.8,17.0
University of Missouri-Columbia,university-of-missouri-columbia,Columbia,MO,USA,38.94531,-92.328843,https://missouri.edu/,Public,23118,23118,77.02,1247,27,14130,34338,13550,950,76.18,91.31,19889,34.93,17.0
Northern Arizona University,northern-arizona-university,Flagstaff,AZ,USA,35.188449,-111.653724,https://nau.edu/,Public,23041,23041,90.95,,,12652,28900,11728,900,56.86,72.56,14922,33.1,19.0
Clemson University,clemson-university,Clemson,SC,USA,34.679381,-82.835114,https://www.clemson.edu/,Public,22778,22778,38.05,1341,30,15554,39498,12872,1436,87.9,92.83,22112,33.0,16.0
University of California-Riverside,university-of-california-riverside,Riverside,CA,USA,33.97246,-117.32741,https://www.ucr.edu/,Public,22644,22644,63.3,,,14170,44947,19433,1748,76.56,88.19,13707,32.81,23.0
University of Illinois Chicago,university-of-illinois-chicago,Chicago,IL,USA,41.871837,-87.650503,https://www.uic.edu/,Public,21814,21814,78.5,1242,27,14338,29360,14600,1400,60.3,78.37,12313,24.96,17.0
University of Iowa,university-of-iowa,Iowa City,IA,USA,41.661935,-91.536425,https://uiowa.edu/,Public,21691,21691,84.67,1220,26,10964,32927,12616,950,73.06,89.3,21398,41.68,15.0
Washington State University,washington-state-university,Pullman,WA,USA,46.730448,-117.158168,https://wsu.edu/,Public,21583,21583,85.36,,,12997,29073,13131,762,61.64,79.57,14401,30.83,15.0
California Polytechnic State University-San Luis Obispo,california-polytechnic-state-university-san-luis-obispo,San Luis Obispo,CA,USA,35.299513,-120.657311,https://calpoly.edu/,Public,21521,21521,29.75,,,11075,30995,17220,1089,85.19,95.21,15624,23.49,18.0
University of Oklahoma-Norman Campus,university-of-oklahoma-norman-campus,Norman,OK,USA,35.209407,-97.444211,https://www.ou.edu/,Public,21496,21496,76.54,1239,26,9595,26665,13310,800,75.3,88.88,17413,32.76,17.0
California State University-Los Angeles,california-state-university-los-angeles,Los Angeles,CA,USA,34.066927,-118.168965,https://www.calstatela.edu/,Public,21478,21478,91.93,,,6813,18698,18658,1011,52.57,72.87,4113,20.4,19.0
The University of Texas at Dallas,the-university-of-texas-at-dallas,Richardson,TX,USA,32.984673,-96.749702,https://www.utdallas.edu/,Public,21317,21317,65.46,1300,,14564,40064,13832,1200,70.83,88.13,17435,35.28,27.0
Temple University,temple-university,Philadelphia,PA,USA,39.980546,-75.156859,https://www.temple.edu/,Public,21249,21249,82.92,,,22082,37462,16968,1240,74.68,83.38,29219,55.27,12.0
California State University-Fresno,california-state-university-fresno,Fresno,CA,USA,36.811154,-119.744569,https://www.fresnostate.edu/,Public,21070,21070,96.38,,,6980,18860,11634,938,54.82,77.78,6480,19.78,18.0
Georgia Southern University,georgia-southern-university,Statesboro,GA,USA,32.426153,-81.784045,https://www.georgiasouthern.edu/,Public,21029,21029,89.63,1057,21,5905,16959,10993,1200,52.05,77.19,16531,40.04,24.0
University of Southern California,university-of-southern-california,Los Angeles,CA,USA,34.021281,-118.284169,https://www.usc.edu/,Private Non-Profit,20817,20817,10.02,1501,34,68237,68237,19198,1200,91.99,96.5,,24.85,9.0
Oklahoma State University-Main Campus,oklahoma-state-university-main-campus,Stillwater,OK,USA,36.123085,-97.069743,https://www.okstate.edu/,Public,20814,20814,70.93,1145,24,10234,25754,11300,1300,65.89,83.87,16378,37.97,18.0
Virginia Commonwealth University,virginia-commonwealth-university,Richmond,VA,USA,37.54962,-77.452697,https://www.vcu.edu/,Public,20797,20797,93.06,1168,25,16458,39042,16119,1240,65.38,85.63,19452,41.73,17.0
University of North Carolina at Chapel Hill,university-of-north-carolina-at-chapel-hill,Chapel Hill,NC,USA,35.911769,-79.050969,https://www.unc.edu/,Public,20556,20556,18.74,1454,25,8989,39330,13016,1290,92.07,97.15,12983,18.3,15.0
The University of Texas at El Paso,the-university-of-texas-at-el-paso,El Paso,TX,USA,31.77015,-106.504098,https://www.utep.edu/,Public,20547,20547,99.9,982,,9744,25512,10864,1646,45.95,77.35,10726,29.46,20.0
James Madison University,james-madison-university,Harrisonburg,VA,USA,38.436311,-78.870484,https://www.jmu.edu/,Public,20497,20497,76.25,1247,27,13576,30790,12584,1254,80.89,90.14,21816,30.42,17.0
Utah State University,utah-state-university,Logan,UT,USA,41.740748,-111.81391,https://www.usu.edu/,Public,20342,20342,93.62,1189,25,9228,24802,8644,856,57.32,74.15,12869,19.25,19.0
University at Buffalo,university-at-buffalo,Buffalo,NY,USA,43.000942,-78.789458,https://www.buffalo.edu/,Public,20284,20284,69.3,1298,28,10782,30572,16754,1500,73.41,84.45,20470,40.91,11.0
University of Pittsburgh-Pittsburgh Campus,university-of-pittsburgh-pittsburgh-campus,Pittsburgh,PA,USA,40.444388,-79.953254,https://www.pitt.edu/,Public,20189,20189,49.7,1371,31,21524,39890,13420,584,84.34,92.4,30074,37.17,13.0
San Francisco State University,san-francisco-state-university,San Francisco,CA,USA,37.721224,-122.476799,https://www.sfsu.edu/,Public,20033,20033,96.15,,,7424,19304,17955,1099,50.15,83.74,12882,25.43,16.0
University of Kansas,university-of-kansas,Lawrence,KS,USA,38.958549,-95.247567,https://ku.edu/,Public,19857,19857,88.2,1186,25,11700,29412,10818,1224,68.79,85.13,17365,37.36,17.0
East Carolina University,east-carolina-university,Greenville,NC,USA,35.607186,-77.368291,https://www.ecu.edu/,Public,19857,19857,90.06,1143,,7361,23638,11000,1794,62.14,81.73,16514,40.42,17.0
University of Oregon,university-of-oregon,Eugene,OR,USA,44.045146,-123.075792,https://www.uoregon.edu/,Public,19758,19758,85.11,1257,,15669,43302,15840,1320,71.48,84.95,21782,30.86,20.0
Appalachian State University,appalachian-state-university,Boone,NC,USA,36.215536,-81.680583,https://www.appstate.edu/,Public,19304,19304,88.64,1187,27,7541,24537,12258,800,73.11,85.33,16487,37.56,16.0
University of Connecticut,university-of-connecticut,Storrs,CT,USA,41.809098,-72.249948,https://uconn.edu/,Public,19147,19147,53.95,1338,30,20366,43034,13996,990,83.8,91.44,22886,40.53,16.0
Kent State University at Kent,kent-state-university-at-kent,Kent,OH,USA,41.146653,-81.342533,https://www.kent.edu/,Public,19134,19134,86.65,1095,22,12846,22316,13040,1200,65.45,78.79,19614,49.9,21.0
Grand Valley State University,grand-valley-state-university,Allendale,MI,USA,42.963001,-85.889826,https://www.gvsu.edu/,Public,19073,19073,94.69,1079,,14628,20820,11142,780,68.65,76.74,17096,48.56,15.0
University of Mississippi,university-of-mississippi,University,MS,USA,34.365529,-89.537434,https://www.olemiss.edu/,Public,18995,18995,97.78,1187,25,9412,26980,12040,1200,68.49,87.93,13164,32.92,17.0
University of Nebraska-Lincoln,university-of-nebraska-lincoln,Lincoln,NE,USA,40.817598,-96.700508,https://www.unl.edu/,Public,18887,18887,77.07,1191,25,10108,27748,13856,1250,65.85,84.27,17424,33.73,16.0
University of Delaware,university-of-delaware,Newark,DE,USA,39.679577,-75.752822,https://www.udel.edu/,Public,18812,18812,65.11,1297,29,16080,39720,14838,1000,78.78,90.11,16931,48.12,15.0
Ohio University-Main Campus,ohio-university-main-campus,Athens,OH,USA,39.326798,-82.100985,https://www.ohio.edu/,Public,18456,18456,84.76,1212,25,13746,24114,13594,840,66.44,82.47,20413,46.7,18.0
Illinois State University,illinois-state-university,Normal,IL,USA,40.509403,-88.990058,https://illinoisstate.edu/,Public,18414,18414,89.01,1127,24,16021,28086,11584,830,66.32,81.33,18996,45.36,19.0
Georgia Institute of Technology-Main Campus,georgia-institute-of-technology-main-campus,Atlanta,GA,USA,33.77242,-84.394832,https://www.gatech.edu/,Public,18260,18260,16.46,1447,32,11764,32876,12760,800,92.28,97.74,13289,19.3,18.0
Sam Houston State University,sam-houston-state-university,Huntsville,TX,USA,30.714738,-95.546205,https://www.shsu.edu/,Public,18138,18138,85.39,1055,21,9228,19020,11720,1380,55.07,75.44,16025,46.31,20.0
Mississippi State University,mississippi-state-university,Mississippi State,MS,USA,33.454852,-88.790139,https://www.msstate.edu/,Public,18092,18092,76.32,1220,26,9815,26580,12293,1200,62.91,82.85,15501,39.2,16.0
Boston University,boston-university,Boston,MA,USA,42.351118,-71.107942,https://www.bu.edu/,Private Non-Profit,17850,17850,10.85,1473,33,65168,65168,18110,1000,89.97,94.51,,22.61,10.0
University of California-Santa Cruz,university-of-california-santa-cruz,Santa Cruz,CA,USA,36.995584,-122.058801,https://www.ucsc.edu/,Public,17812,17812,62.54,,,14560,45337,18785,1315,74.45,89.67,16607,29.43,22.0
West Virginia University,west-virginia-university,Morgantown,WV,USA,39.634371,-79.954391,https://www.wvu.edu/,Public,17705,17705,86.26,1129,24,9648,27360,13876,950,61.2,81.45,12997,44.08,17.0
Montclair State University,montclair-state-university,Montclair,NJ,USA,40.860414,-74.198141,https://www.montclair.edu/,Public,17677,17677,87.41,1080,,14766,24126,16822,1240,64.26,79.72,14159,40.3,17.0
Old Dominion University,old-dominion-university,Norfolk,VA,USA,36.886418,-76.30666,https://www.odu.edu/,Public,17521,17521,90.52,1190,24,12262,32662,14592,1800,44.35,75.92,14170,42.17,15.0
Stony Brook University,stony-brook-university,Stony Brook,NY,USA,40.91476,-73.12046,https://www.stonybrook.edu/,Public,17420,17420,49.01,1410,31,10560,30350,17662,900,77.85,88.69,18430,36.35,19.0
University of Virginia-Main Campus,university-of-virginia-main-campus,Charlottesville,VA,USA,38.035665,-78.503428,https://www.virginia.edu/,Public,17315,17315,16.86,1488,34,20986,58014,13940,1480,95.3,97.34,22881,20.41,15.0
Boise State University,boise-state-university,Boise,ID,USA,43.604284,-116.203301,https://www.boisestate.edu/,Public,17081,17081,83.96,,,8782,26976,16610,1226,61.87,77.86,19182,25.26,19.0
University of Wisconsin-Milwaukee,university-of-wisconsin-milwaukee,Milwaukee,WI,USA,43.076848,-87.880488,https://uwm.edu/,Public,16762,16762,88.44,1090,22,10020,22020,10980,800,51.19,72.06,16177,43.78,17.0
University of New Mexico-Main Campus,university-of-new-mexico-main-campus,Albuquerque,NM,USA,35.083868,-106.620155,https://www.unm.edu/,Public,16686,16686,95.45,1047,23,8115,26450,11884,1328,52.53,72.92,17478,42.87,15.0
CUNY Hunter College,cuny-hunter-college,New York,NY,USA,40.768669,-73.964795,https://www.hunter.cuny.edu/,Public,16642,16642,54.05,1350,,7382,15332,11324,1500,60.99,79.97,2446,7.15,14.0
Indiana University-Indianapolis,indiana-university-indianapolis,Indianapolis,IN,USA,39.772948,-86.172217,https://indianapolis.iu.edu/,Public,16582,16582,81.39,1146,25,10449,33717,13010,690,53.87,72.48,11408,35.28,14.0
Towson University,towson-university,Towson,MD,USA,39.393622,-76.611164,https://www.towson.edu/,Public,16400,16400,82.8,1166,24,11306,28326,15644,960,67.62,83.21,16791,43.12,14.0
Miami University-Oxford,miami-university-oxford,Oxford,OH,USA,39.507757,-84.732954,https://miamioh.edu/,Public,16361,16361,82.09,1313,27,17809,40025,16714,1240,81.84,89.52,27662,32.69,15.0
Middle Tennessee State University,middle-tennessee-state-university,Murfreesboro,TN,USA,35.848005,-86.360618,https://www.mtsu.edu/,Public,16115,16115,68.0,1119,23,9506,29042,11704,1260,54.0,77.65,12599,31.07,17.0
Cornell University,cornell-university,Ithaca,NY,USA,42.4472,-76.483084,https://www.cornell.edu/,Private Non-Profit,15935,15935,8.16,1520,34,66014,66014,18554,1354,95.14,97.82,,24.07,9.0
California State University-San Bernardino,california-state-university-san-bernardino,San Bernardino,CA,USA,34.182622,-117.323801,https://www.csusb.edu/,Public,15771,15771,98.25,,,7675,19555,12996,788,54.65,77.64,5918,23.37,19.0
CUNY Bernard M Baruch College,cuny-bernard-m-baruch-college,New York,NY,USA,40.740238,-73.983417,https://www.baruch.cuny.edu/,Public,15734,15734,50.48,1310,,7464,15414,18684,1500,72.11,88.41,2978,11.99,19.0
University of Nevada-Reno,university-of-nevada-reno,Reno,NV,USA,39.543642,-119.815377,https://www.unr.edu/,Public,15723,15723,85.31,,23,8994,25950,13700,1200,62.45,80.35,15402,26.48,16.0
Northeastern University,northeastern-university,Boston,MA,USA,42.339992,-71.088782,https://www.northeastern.edu/,Private Non-Profit,15719,15719,5.65,1505,34,63141,63141,18790,1000,90.38,97.52,,28.34,16.0
Wayne State University,wayne-state-university,Detroit,MI,USA,42.358994,-83.068998,https://wayne.edu/,Public,15676,15676,82.03,1147,25,14297,30419,11762,1316,56.51,81.54,14773,39.72,13.0
University of North Georgia,university-of-north-georgia,Dahlonega,GA,USA,34.530219,-83.985694,https://www.ung.edu/,Public,15542,15542,72.16,1136,23,5009,15441,12310,1460,36.85,72.72,10785,20.88,18.0
Syracuse University,syracuse-university,Syracuse,NY,USA,43.036644,-76.133989,https://www.syracuse.edu/,Private Non-Profit,15245,15245,41.69,1351,30,63061,63061,18444,1690,81.35,91.21,,34.36,15.0
Baylor University,baylor-university,Waco,TX,USA,31.546872,-97.121041,https://www.baylor.edu/,Private Non-Profit,15007,15007,50.99,1313,29,54844,54844,14235,1438,80.16,90.62,,33.77,15.0
Metropolitan State University of Denver,metropolitan-state-university-of-denver,Denver,CO,USA,39.744202,-105.00504,https://www.msudenver.edu/,Public,14932,14932,99.14,1014,21,10780,29503,,1460,29.89,70.37,14294,29.64,14.0
Kansas State University,kansas-state-university,Manhattan,KS,USA,39.188648,-96.581077,https://www.k-state.edu/,Public,14835,14835,79.36,1149,,10942,27816,12020,1056,70.47,87.16,17883,36.64,18.0
Rowan University,rowan-university,Glassboro,NJ,USA,39.709108,-75.119119,https://www.rowan.edu/,Public,14647,14647,77.82,1216,27,15700,25564,16553,1665,68.28,81.58,22185,44.31,16.0
Montana State University,montana-state-university,Bozeman,MT,USA,45.666726,-111.048812,https://www.montana.edu/,Public,14472,14472,86.83,1154,24,8083,31337,13446,1450,57.35,77.89,20593,32.44,18.0
Savannah College of Art and Design,savannah-college-of-art-and-design,Savannah,GA,USA,32.072964,-81.09395,https://www.scad.edu/,Private Non-Profit,14423,14423,83.68,1178,,40595,40595,17493,2025,70.48,86.83,,34.56,20.0
Binghamton University,binghamton-university,Vestal,NY,USA,42.087868,-75.966889,https://www.binghamton.edu/,Public,14401,14401,37.73,1415,32,10363,29453,18294,1000,83.65,88.49,21364,40.94,18.0
University of Hawaii at Manoa,university-of-hawaii-at-manoa,Honolulu,HI,USA,21.298598,-157.818979,https://manoa.hawaii.edu/,Public,14306,14306,69.69,1157,24,12186,34218,14936,1350,62.57,74.78,13181,27.36,14.0
DePaul University,depaul-university,Chicago,IL,USA,41.877618,-87.62724,https://www.depaul.edu/,Private Non-Profit,14283,14283,73.53,1254,,44460,44460,18468,1104,70.0,86.69,,47.17,17.0
University of Louisville,university-of-louisville,Louisville,KY,USA,38.216862,-85.760412,https://www.louisville.edu/,Public,14187,14187,80.54,1147,24,12828,29174,11690,1274,60.68,80.58,17634,28.52,14.0
University of North Carolina Wilmington,university-of-north-carolina-wilmington,Wilmington,NC,USA,34.225223,-77.875527,https://www.uncw.edu/,Public,14176,14176,74.01,1262,26,7317,22985,12605,1130,70.73,85.02,19472,36.1,17.0
California State University-San Marcos,california-state-university-san-marcos,San Marcos,CA,USA,33.130569,-117.159013,https://www.csusm.edu/,Public,14174,14174,95.7,,,7739,19619,14152,1018,54.18,74.81,10550,29.6,21.0
West Chester University of Pennsylvania,west-chester-university-of-pennsylvania,West Chester,PA,USA,39.953398,-75.59812,https://www.wcupa.edu/,Public,14067,14067,79.2,1184,26,10687,22511,12474,1200,69.8,84.42,22673,53.68,20.0
University of North Florida,university-of-north-florida,Jacksonville,FL,USA,30.27194,-81.509144,https://www.unf.edu/,Public,13915,13915,62.27,1115,23,6389,20793,10910,1200,68.18,81.18,10353,24.37,19.0
University of North Carolina at Greensboro,university-of-north-carolina-at-greensboro,Greensboro,NC,USA,36.068236,-79.809414,https://www.uncg.edu/,Public,13848,13848,89.83,1187,24,7593,23339,10534,850,57.9,75.79,10170,44.59,17.0
University of Rhode Island,university-of-rhode-island,Kingston,RI,USA,41.484691,-71.527356,https://web.uri.edu/,Public,13822,13822,77.07,1176,28,16408,35804,14900,1250,71.03,84.14,19899,49.47,17.0
Florida Gulf Coast University,florida-gulf-coast-university,Fort Myers,FL,USA,26.463638,-81.7726,https://www.fgcu.edu/,Public,13809,13809,76.75,1120,22,6118,25162,10914,1200,56.02,83.03,10319,26.23,21.0
Ball State University,ball-state-university,Muncie,IN,USA,40.203431,-85.409043,https://www.bsu.edu/,Public,13770,13770,71.6,1172,24,10758,28766,12064,1360,63.27,77.19,15898,72.75,15.0
University of Memphis,university-of-memphis,Memphis,TN,USA,35.118878,-89.938068,https://www.memphis.edu/,Public,13645,13645,93.38,1051,,10344,14784,10344,920,49.42,71.21,13253,38.77,17.0
Portland State University,portland-state-university,Portland,OR,USA,45.511601,-122.686289,https://www.pdx.edu/,Public,13619,13619,90.91,,21,11238,30138,13728,798,53.13,74.72,12932,32.79,16.0
Western Washington University,western-washington-university,Bellingham,WA,USA,48.737812,-122.485734,https://wwu.edu/,Public,13574,13574,91.31,1235,26,9286,27853,14915,1176,65.55,79.73,18680,28.16,17.0
Drexel University,drexel-university,Philadelphia,PA,USA,39.955217,-75.190051,https://drexel.edu/,Private Non-Profit,13509,13509,77.53,1337,29,60663,60663,17550,1700,77.12,89.57,,49.09,9.0
Missouri State University-Springfield,missouri-state-university-springfield,Springfield,MO,USA,37.199258,-93.281281,https://www.missouristate.edu/,Public,13407,13407,91.05,1119,23,9024,17928,10230,1200,57.33,79.3,17502,31.08,21.0
Rochester Institute of Technology,rochester-institute-of-technology,Rochester,NY,USA,43.084188,-77.67386,https://www.rit.edu/,Private Non-Profit,13225,13225,71.4,1378,31,57016,57016,15516,1100,70.8,88.24,,55.2,13.0
CUNY Queens College,cuny-queens-college,Queens,NY,USA,40.736416,-73.820053,https://www.qc.cuny.edu/,Public,13060,13060,68.52,1210,,7538,15488,16464,1500,60.16,78.17,3830,8.93,14.0
California State University-Chico,california-state-university-chico,Chico,CA,USA,39.729712,-121.844859,https://www.csuchico.edu/,Public,13057,13057,93.72,,,8064,19944,16020,1052,63.63,83.71,14838,33.06,20.0
CUNY New York City College of Technology,cuny-new-york-city-college-of-technology,Brooklyn,NY,USA,40.695483,-73.987856,https://www.citytech.cuny.edu/,Public,12950,12950,80.74,1040,,7332,15282,,1500,19.41,59.97,4783,5.53,16.0
University of Houston-Downtown,university-of-houston-downtown,Houston,TX,USA,29.7661,-95.359338,https://www.uhd.edu/,Public,12812,12812,90.64,1041,,7708,17788,,1296,33.76,67.41,14623,30.5,18.0
Western Michigan University,western-michigan-university,Kalamazoo,MI,USA,42.282194,-85.613759,https://wmich.edu/,Public,12704,12704,84.68,1108,24,15298,19098,11713,1128,57.77,79.85,18701,47.91,16.0
Excelsior University,excelsior-university,Albany,NY,USA,42.705487,-73.862981,https://www.excelsior.edu/,Private Non-Profit,12701,12701,,,,,,,,,,,33.63,20.0
California State University-Dominguez Hills,california-state-university-dominguez-hills,Carson,CA,USA,33.864766,-118.255917,https://www.csudh.edu/,Public,12642,12642,91.32,,,7064,18944,16886,1106,46.85,65.62,3659,19.56,18.0
University of Miami,university-of-miami,Coral Gables,FL,USA,25.72126,-80.278662,https://www.miami.edu/,Private Non-Profit,12570,12570,18.51,1416,32,59926,59926,21580,1328,84.23,92.15,,26.62,11.0
Oakland University,oakland-university,Rochester Hills,MI,USA,42.674573,-83.216418,https://www.oakland.edu/,Public,12450,12450,70.24,1110,25,14694,23188,11309,700,56.94,75.19,13584,38.86,17.0
University of Louisiana at Lafayette,university-of-louisiana-at-lafayette,Lafayette,LA,USA,30.212191,-92.020165,https://www.louisiana.edu/,Public,12269,12269,88.83,1219,22,10418,24146,11988,1300,52.0,76.01,14118,43.59,18.0
Western Kentucky University,western-kentucky-university,Bowling Green,KY,USA,36.985035,-86.456828,https://www.wku.edu/,Public,12267,12267,97.05,977,,11436,27000,12043,1000,53.67,77.97,10916,36.25,18.0
Tarleton State University,tarleton-state-university,Stephenville,TX,USA,32.217805,-98.219039,https://www.tarleton.edu/,Public,12263,12263,94.2,1068,20,7878,17958,10846,1560,51.23,73.81,20261,45.48,18.0
Bowling Green State University-Main Campus,bowling-green-state-university-main-campus,Bowling Green,OH,USA,41.375513,-83.640896,https://www.bgsu.edu/,Public,12255,12255,80.61,1118,23,14081,22070,11784,640,62.77,79.9,20918,48.75,17.0
University of Alabama at Birmingham,university-of-alabama-at-birmingham,Birmingham,AL,USA,33.505697,-86.799345,https://www.uab.edu/,Public,12118,12118,88.42,1251,27,8832,21864,13590,1200,62.6,81.95,17727,40.97,18.0
University at Albany,university-at-albany,Albany,NY,USA,42.685489,-73.824662,https://www.albany.edu/,Public,12100,12100,69.87,,26,10408,28998,16182,1000,63.89,83.33,18486,52.36,17.0
CUNY City College,cuny-city-college,New York,NY,USA,40.819846,-73.948542,https://www.ccny.cuny.edu/,Public,11934,11934,58.07,1340,,7340,15290,18104,1500,54.66,78.6,3486,7.48,14.0
North Carolina A & T State University,north-carolina-a-t-state-university,Greensboro,NC,USA,36.07282,-79.773375,https://www.ncat.edu/,Public,11925,11925,46.17,1048,19,6748,20408,8832,1500,55.27,79.51,10980,57.26,20.0
University of Massachusetts-Boston,university-of-massachusetts-boston,Boston,MA,USA,42.312881,-71.036865,https://www.umb.edu/,Public,11848,11848,82.96,1188,27,15496,37174,17512,1000,51.15,72.85,18282,51.71,15.0
Eastern Kentucky University,eastern-kentucky-university,Richmond,KY,USA,37.740845,-84.300796,https://www.eku.edu/,Public,11674,11674,78.09,1089,21,10130,20820,11735,0,49.74,79.62,9962,42.77,15.0
University of Massachusetts-Lowell,university-of-massachusetts-lowell,Lowell,MA,USA,42.652864,-71.326809,https://www.uml.edu/,Public,11632,11632,85.24,1253,29,16570,35396,15424,1200,70.1,81.9,18627,53.52,17.0
University of Vermont,university-of-vermont,Burlington,VT,USA,44.477325,-73.196646,https://www.uvm.edu/,Public,11614,11614,60.02,1357,31,18890,43890,13354,1200,78.56,88.16,20860,38.4,17.0
Loyola University Chicago,loyola-university-chicago,Chicago,IL,USA,42.000765,-87.656872,https://www.luc.edu/,Private Non-Profit,11576,11576,81.39,1283,30,51716,51716,16894,1200,76.92,84.21,,47.94,13.0
University of Nebraska at Omaha,university-of-nebraska-at-omaha,Omaha,NE,USA,41.258769,-96.008516,https://www.unomaha.edu/,Public,11573,11573,86.9,1120,22,8370,22358,11610,1120,47.5,75.75,12791,28.23,15.0
New Mexico State University-Main Campus,new-mexico-state-university-main-campus,Las Cruces,NM,USA,32.281568,-106.752069,https://www.nmsu.edu/,Public,11561,11561,75.73,1004,20,8147,25271,12026,1240,52.22,74.83,6747,22.88,15.0
CUNY John Jay College of Criminal Justice,cuny-john-jay-college-of-criminal-justice,New York,NY,USA,40.770351,-73.98841,https://www.jjay.cuny.edu/,Public,11340,11340,57.22,1140,,7470,15420,,1500,55.49,81.26,3046,8.46,16.0
Minnesota State University-Mankato,minnesota-state-university-mankato,Mankato,MN,USA,44.146712,-93.99945,https://mnsu.edu/,Public,11325,11325,91.33,1190,22,9490,18860,11224,1042,54.11,79.66,18609,42.46,21.0
Northern Illinois University,northern-illinois-university,Dekalb,IL,USA,41.933869,-88.766428,https://www.niu.edu/,Public,11277,11277,70.45,,,12700,12700,12800,1300,49.65,70.38,12909,48.86,14.0
University of New Hampshire-Main Campus,university-of-new-hampshire-main-campus,Durham,NH,USA,43.135934,-70.932465,https://www.unh.edu/,Public,11230,11230,86.87,1229,28,19112,38882,13314,1000,76.45,86.4,23261,57.66,16.0
Georgia Gwinnett College,georgia-gwinnett-college,Lawrenceville,GA,USA,33.979409,-84.00459,https://www.ggc.edu/,Public,11156,11156,95.57,,20,4458,13244,15320,1550,19.8,68.79,11696,24.47,20.0
Texas Christian University,texas-christian-university,Fort Worth,TX,USA,32.70961,-97.364758,https://www.tcu.edu/,Private Non-Profit,10919,10919,42.6,1303,29,57220,57220,14800,800,85.61,94.28,,25.05,14.0
George Washington University,george-washington-university,Washington,DC,USA,38.89923,-77.048363,https://www.gwu.edu/,Private Non-Profit,10848,10848,43.54,1433,32,64990,64990,16300,1400,85.18,91.86,,32.38,12.0
Kean University,kean-university,Union,NJ,USA,40.677981,-74.233503,https://www.kean.edu/,Public,10842,10842,76.88,1150,20,13426,21076,16592,1200,43.38,75.37,12168,45.6,17.0
University of Pennsylvania,university-of-pennsylvania,Philadelphia,PA,USA,39.950929,-75.19391,https://www.upenn.edu/,Private Non-Profit,10768,10768,5.87,1545,34,66104,66104,18496,1358,96.81,98.1,,10.05,8.0
Eastern Michigan University,eastern-michigan-university,Ypsilanti,MI,USA,42.251675,-83.627443,https://www.emich.edu/,Public,10751,10751,81.35,1046,22,15510,15510,12440,1000,45.49,67.85,17084,45.79,15.0
University of Colorado Denver/Anschutz Medical Campus,university-of-colorado-denveranschutz-medical-campus,Denver,CO,USA,39.745149,-104.837722,https://www.ucdenver.edu/,Public,10686,10686,77.81,1119,25,10017,28209,14920,1460,47.4,71.48,19133,25.15,16.0
Wichita State University,wichita-state-university,Wichita,KS,USA,37.718882,-97.292361,https://www.wichita.edu/,Public,10493,10493,94.94,1118,23,9322,19240,13790,1250,51.43,67.59,13776,34.88,20.0
CUNY Brooklyn College,cuny-brooklyn-college,Brooklyn,NY,USA,40.631517,-73.949898,https://www.brooklyn.cuny.edu/,Public,10443,10443,53.66,1310,,7452,15402,,1500,56.58,79.87,2943,7.0,13.0
CUNY Lehman College,cuny-lehman-college,Bronx,NY,USA,40.872962,-73.895379,https://www.lehman.edu/,Public,10438,10438,55.43,1010,,7410,15360,,1500,49.29,73.53,3482,12.88,15.0
University of Maryland-Baltimore County,university-of-maryland-baltimore-county,Baltimore,MD,USA,39.256686,-76.711607,https://umbc.edu/,Public,10434,10434,74.24,1299,28,12952,30308,14204,1600,70.55,87.14,18328,29.15,18.0
Bellevue University,bellevue-university,Bellevue,NE,USA,41.150225,-95.91764,https://www.bellevue.edu/,Private Non-Profit,10426,10426,,,,8886,8886,10683,1833,55.88,51.18,,24.15,17.0
California State University-East Bay,california-state-university-east-bay,Hayward,CA,USA,37.657694,-122.054135,https://www.csueastbay.edu/,Public,10422,10422,96.81,,,7055,18935,16480,1003,45.51,78.57,11276,28.57,17.0
College of Charleston,college-of-charleston,Charleston,SC,USA,32.784225,-79.939794,https://www.cofc.edu/,Public,10366,10366,72.0,1238,26,12978,36858,14032,1454,64.98,82.3,19518,38.07,16.0
University of Toledo,university-of-toledo,Toledo,OH,USA,41.660572,-83.614714,https://www.utoledo.edu/,Public,10244,10244,94.83,1209,25,12377,21737,14652,1240,55.63,75.88,17460,37.66,18.0
Fordham University,fordham-university,Bronx,NY,USA,40.859354,-73.882705,https://www.fordham.edu/,Private Non-Profit,10239,10239,56.28,1412,32,61992,61992,23075,1088,80.27,87.63,,46.95,14.0
University of Central Oklahoma,university-of-central-oklahoma,Edmond,OK,USA,35.6552,-97.471508,https://www.uco.edu/,Public,10132,10132,81.76,1050,21,8522,19409,8886,1600,37.5,65.5,18990,34.8,17.0
The University of Tampa,the-university-of-tampa,Tampa,FL,USA,27.948455,-82.46483,https://www.ut.edu/,Private Non-Profit,10093,10093,40.93,,26,33424,33424,12676,1500,61.92,80.09,,67.91,17.0
Troy University,troy-university,Troy,AL,USA,31.799583,-85.95802,https://www.troy.edu/,Public,10089,10089,92.61,1086,21,9792,19584,7996,1366,46.84,72.99,13869,66.17,15.0
University of Akron Main Campus,university-of-akron-main-campus,Akron,OH,USA,41.075923,-81.511167,https://www.uakron.edu/,Public,10011,10011,70.91,1088,,12799,17239,11070,1200,48.18,73.01,14981,35.03,16.0
Central Michigan University,central-michigan-university,Mount Pleasant,MI,USA,43.591203,-84.77525,https://www.cmich.edu/,Public,9916,9916,91.01,1099,23,14190,14190,12178,1240,61.84,73.69,16041,67.86,16.0
Coastal Carolina University,coastal-carolina-university,Conway,SC,USA,33.794995,-79.011767,https://www.coastal.edu/,Public,9909,9909,80.19,1128,23,11640,29628,11418,1210,50.84,75.72,13742,57.38,16.0
University of Southern Mississippi,university-of-southern-mississippi,Hattiesburg,MS,USA,31.32661,-89.331236,https://www.usm.edu/,Public,9899,9899,99.38,1120,23,9618,11618,11664,840,50.58,70.5,14224,49.99,15.0
The University of Tennessee-Chattanooga,the-university-of-tennessee-chattanooga,Chattanooga,TN,USA,35.047519,-85.300247,https://utc.edu/,Public,9878,9878,77.02,1117,23,10144,18208,10052,1400,53.09,74.47,12817,38.4,17.0
Western Carolina University,western-carolina-university,Cullowhee,NC,USA,35.308979,-83.186258,https://www.wcu.edu/,Public,9867,9867,86.66,1151,22,4532,8532,11764,693,59.08,75.54,12579,43.64,16.0
Boston College,boston-college,Chestnut Hill,MA,USA,42.336213,-71.169242,https://www.bc.edu/,Private Non-Profit,9865,9865,15.65,1501,34,67680,67680,18475,1250,90.99,95.37,,31.99,13.0
East Tennessee State University,east-tennessee-state-university,Johnson City,TN,USA,36.301643,-82.366954,https://www.etsu.edu/,Public,9807,9807,87.06,1114,23,9950,13790,10270,1350,49.88,73.94,15794,35.81,18.0
Fort Hays State University,fort-hays-state-university,Hays,KS,USA,38.872156,-99.342503,https://www.fhsu.edu/,Public,9792,9792,91.77,1118,,5633,16811,8772,1000,47.85,76.84,13493,27.0,14.0
St. John's University-New York,st-johns-university-new-york,Queens,NY,USA,40.722523,-73.796104,https://www.stjohns.edu/,Private Non-Profit,9742,9742,79.67,1215,26,50110,50110,19926,775,68.46,79.91,,26.6,16.0
National University,national-university,San Diego,CA,USA,32.829299,-117.127296,https://www.nu.edu/,Private Non-Profit,9725,9725,,,,13320,13320,,938,50.0,53.85,,22.79,16.0
Howard University,howard-university,Washington,DC,USA,38.922392,-77.018966,https://www.howard.edu/,Private Non-Profit,9604,9604,34.89,1205,24,33344,33344,16474,1360,68.9,90.08,,57.12,11.0
North Dakota State University-Main Campus,north-dakota-state-university-main-campus,Fargo,ND,USA,46.893127,-96.800838,https://www.ndsu.edu/,Public,9567,9567,95.81,1120,23,10857,15511,9565,800,63.72,76.9,16334,52.79,18.0
University of Puerto Rico-Mayaguez,university-of-puerto-rico-mayaguez,Mayaguez,PR,USA,18.211142,-67.139172,https://www.uprm.edu/,Public,9564,9564,52.17,,,5274,5274,,4168,46.96,84.21,12684,8.75,19.0
Southeastern Louisiana University,southeastern-louisiana-university,Hammond,LA,USA,30.514652,-90.468676,https://www.southeastern.edu/,Public,9514,9514,94.28,1090,,8373,20851,10240,1300,44.8,76.24,12174,34.37,20.0
College of Staten Island CUNY,college-of-staten-island-cuny,Staten Island,NY,USA,40.601831,-74.14849,https://www.csi.cuny.edu/,Public,9387,9387,,,,7490,15440,20535,1500,32.78,76.24,5115,11.04,16.0
Commonwealth University of Pennsylvania,commonwealth-university-of-pennsylvania,Bloomsburg,PA,USA,41.00782,-76.447844,https://www.commonwealthu.edu/,Public,9309,9309,94.75,1093,,11046,22870,11106,1200,53.02,74.8,18877,58.42,19.0
University of North Dakota,university-of-north-dakota,Grand Forks,ND,USA,47.921654,-97.071738,https://und.edu/,Public,9296,9296,77.09,,23,10951,15570,11046,800,63.33,82.96,18998,42.47,17.0
University of Wisconsin-La Crosse,university-of-wisconsin-la-crosse,La Crosse,WI,USA,43.81568,-91.23186,https://www.uwlax.edu/,Public,9194,9194,73.25,1190,24,9651,18691,7960,120,71.19,85.73,15374,43.98,19.0
University of Wisconsin-Whitewater,university-of-wisconsin-whitewater,Whitewater,WI,USA,42.835563,-88.742368,https://www.uww.edu/,Public,9180,9180,82.76,1090,21,8250,17916,7770,300,64.3,77.54,14785,47.12,20.0
Farmingdale State College,farmingdale-state-college,Farmingdale,NY,USA,40.754224,-73.42832,https://www.farmingdale.edu/,Public,9117,9117,69.12,1104,24,8576,18486,14546,1300,57.06,80.87,9173,23.07,18.0
Cleveland State University,cleveland-state-university,Cleveland,OH,USA,41.502281,-81.674355,https://www.csuohio.edu/,Public,9077,9077,95.48,980,23,12613,17973,14760,900,48.91,69.08,16065,46.9,16.0
University of West Florida,university-of-west-florida,Pensacola,FL,USA,30.549076,-87.218511,https://uwf.edu/,Public,9042,9042,56.87,1137,24,6360,19241,12432,1600,61.76,87.64,8155,25.5,22.0
University of Wisconsin-Eau Claire,university-of-wisconsin-eau-claire,Eau Claire,WI,USA,44.798284,-91.501906,https://www.uwec.edu/,Public,8995,8995,76.08,1190,24,9277,18516,9200,400,67.56,81.89,16948,43.21,19.0
Northwestern University,northwestern-university,Evanston,IL,USA,42.050356,-87.679858,https://www.northwestern.edu/,Private Non-Profit,8960,8960,7.15,1526,35,65997,65997,20334,1686,95.89,97.44,,18.77,6.0
University of Notre Dame,university-of-notre-dame,Notre Dame,IN,USA,41.703058,-86.238959,https://www.nd.edu/,Private Non-Profit,8923,8923,12.38,1510,34,62693,62693,17378,1250,96.83,98.18,,25.66,9.0
Columbia University in the City of New York,columbia-university-in-the-city-of-new-york,New York,NY,USA,40.808286,-73.961885,https://www.columbia.edu/,Private Non-Profit,8899,8899,4.23,1547,35,69045,69045,16800,1392,94.96,97.18,,14.39,6.0
University of Colorado Colorado Springs,university-of-colorado-colorado-springs,Colorado Springs,CO,USA,38.892735,-104.800296,https://www.uccs.edu/,Public,8870,8870,96.57,1140,,9712,20492,12278,1400,45.34,67.12,16431,35.14,15.0
Southern Illinois University-Edwardsville,southern-illinois-university-edwardsville,Edwardsville,IL,USA,38.793949,-89.997779,https://www.siue.edu/,Public,8836,8836,97.21,1063,23,12922,12922,10562,980,54.97,72.22,13696,40.37,15.0
Texas Woman's University,texas-womans-university,Denton,TX,USA,33.226211,-97.127842,https://www.twu.edu/,Public,8804,8804,94.99,,21,8648,18720,11358,1140,44.21,73.62,10948,39.09,17.0
South Dakota State University,south-dakota-state-university,Brookings,SD,USA,44.317485,-96.782139,https://www.sdstate.edu/,Public,8798,8798,98.71,1121,22,9299,12809,9562,1200,59.64,82.91,18219,45.78,17.0
Embry-Riddle Aeronautical University-Worldwide,embry-riddle-aeronautical-university-worldwide,Daytona Beach,FL,USA,29.189903,-81.048367,https://worldwide.erau.edu/,Private Non-Profit,8786,8786,61.75,1193,,11665,11665,,1600,21.56,66.67,,10.5,22.0
New Jersey Institute of Technology,new-jersey-institute-of-technology,Newark,NJ,USA,40.741997,-74.177113,https://www.njit.edu/,Public,8762,8762,66.9,1336,30,19022,35934,15000,2750,73.11,90.72,16496,32.85,16.0
University of Puerto Rico-Rio Piedras,university-of-puerto-rico-rio-piedras,San Juan,PR,USA,18.402826,-66.050009,https://www.uprrp.edu/,Public,8748,8748,53.2,,,5324,5324,,4168,52.48,79.86,6507,5.55,12.0
Stephen F Austin State University,stephen-f-austin-state-university,Nacogdoches,TX,USA,31.621056,-94.64908,https://www.sfasu.edu/,Public,8746,8746,88.25,1074,21,10600,20680,11142,1202,51.75,71.29,15152,42.94,15.0
California State University-Stanislaus,california-state-university-stanislaus,Turlock,CA,USA,37.52577,-120.852511,https://www.csustan.edu/,Public,8564,8564,97.47,,,7826,19706,12728,1038,58.0,80.17,5671,22.66,16.0
University of South Alabama,university-of-south-alabama,Mobile,AL,USA,30.696033,-88.178711,https://www.southalabama.edu/,Public,8540,8540,65.49,1119,23,9676,18652,8830,2020,52.57,76.25,15142,48.72,18.0
Prairie View A & M University,prairie-view-a-m-university,Prairie View,TX,USA,30.092425,-95.989475,https://www.pvamu.edu/,Public,8527,8527,75.3,949,19,11299,26874,10317,1571,43.22,74.05,14041,58.08,16.0
Wilmington University,wilmington-university,New Castle,DE,USA,39.682299,-75.586998,https://www.wilmu.edu/,Private Non-Profit,8497,8497,,,,12330,12330,,1800,22.57,53.78,,46.97,12.0
Tennessee Technological University,tennessee-technological-university,Cookeville,TN,USA,36.174754,-85.504039,https://www.tntech.edu/,Public,8495,8495,83.16,1148,,10084,20116,10502,1280,54.23,77.48,14207,36.91,16.0
University of California-Merced,university-of-california-merced,Merced,CA,USA,37.366237,-120.424944,https://ucmerced.edu/,Public,8372,8372,39.18,,,14167,44944,20293,1214,69.15,83.09,12744,31.45,21.0
University of Maine,university-of-maine,Orono,ME,USA,44.899257,-68.669332,https://www.umaine.edu/,Public,8341,8341,95.71,,26,12606,35346,12696,1000,56.43,77.01,18045,42.84,15.0
Morgan State University,morgan-state-university,Baltimore,MD,USA,39.344161,-76.585565,https://www.morgan.edu/,Public,8293,8293,82.96,984,18,8118,18800,12755,2000,41.61,70.82,15015,65.33,17.0
Texas A & M University-Commerce,texas-a-m-university-commerce,Commerce,TX,USA,33.242112,-95.904579,https://www.tamuc.edu/,Public,8249,8249,92.59,1067,21,10026,22626,9808,1202,45.93,63.06,11268,38.25,19.0
California State University-Bakersfield,california-state-university-bakersfield,Bakersfield,CA,USA,35.350005,-119.104711,https://www.csub.edu/,Public,8183,8183,88.19,,,7696,19576,14430,1068,49.31,79.72,5825,25.12,16.0
Pennsylvania Western University,pennsylvania-western-university,California,PA,USA,40.064964,-79.88679,https://www.pennwest.edu/,Public,8134,8134,93.65,1076,,11388,16006,13200,1240,51.03,70.43,19352,56.82,17.0
Southern Illinois University-Carbondale,southern-illinois-university-carbondale,Carbondale,IL,USA,37.714193,-89.217273,https://siu.edu/,Public,8116,8116,90.44,1060,24,13244,13244,12114,1100,56.3,68.69,16177,48.1,11.0
University of Dayton,university-of-dayton,Dayton,OH,USA,39.739547,-84.176113,https://udayton.edu/,Private Non-Profit,8099,8099,61.65,1313,26,47600,47600,15640,1000,81.52,88.75,,42.32,15.0
Ferris State University,ferris-state-university,Big Rapids,MI,USA,43.687724,-85.481925,https://www.ferris.edu/,Public,8087,8087,80.58,1001,23,13630,13630,10660,862,47.87,72.84,12202,46.98,15.0
Central Washington University,central-washington-university,Ellensburg,WA,USA,47.002687,-120.538368,https://www.cwu.edu/,Public,8081,8081,90.22,,,9192,26771,16314,900,49.85,68.97,14715,35.68,17.0
Northern Kentucky University,northern-kentucky-university,Highland Heights,KY,USA,39.029714,-84.463483,https://www.nku.edu/,Public,8065,8065,96.03,1114,23,10896,21480,11660,800,48.28,77.82,7168,30.91,18.0
University of Wyoming,university-of-wyoming,Laramie,WY,USA,41.311773,-105.57931,https://www.uwyo.edu/,Public,8047,8047,97.41,,,6938,22718,13340,1670,59.85,77.49,11779,28.28,13.0
Arkansas State University,arkansas-state-university,Jonesboro,AR,USA,35.842388,-90.679988,https://www.astate.edu/,Public,7994,7994,69.67,1119,23,7754,13826,11100,1250,55.1,77.82,13085,42.34,15.0
Lamar University,lamar-university,Beaumont,TX,USA,30.042738,-94.072244,https://www.lamar.edu/,Public,7945,7945,85.73,1040,20,8690,18482,10272,1250,37.18,60.99,11429,41.15,18.0
California Baptist University,california-baptist-university,Riverside,CA,USA,33.929321,-117.425619,https://www.calbaptist.edu/,Private Non-Profit,7914,7914,73.57,,,39720,39720,11630,938,59.53,74.21,,62.58,20.0
Bridgewater State University,bridgewater-state-university,Bridgewater,MA,USA,41.98749,-70.974553,https://www.bridgew.edu/,Public,7899,7899,89.19,1127,24,11389,17529,14586,1000,54.61,76.87,17970,71.35,17.0
Washington University in St Louis,washington-university-in-st-louis,Saint Louis,MO,USA,38.647929,-90.310604,https://wustl.edu/,Private Non-Profit,7897,7897,11.96,1530,34,62982,62982,20778,1264,94.45,95.9,,14.26,7.0
Stanford University,stanford-university,Stanford,CA,USA,37.429434,-122.167359,https://www.stanford.edu/,Private Non-Profit,7841,7841,3.91,1553,35,62484,62484,19922,825,92.82,97.81,,6.29,6.0
Louisiana Tech University,louisiana-tech-university,Ruston,LA,USA,32.528297,-92.649963,https://www.latech.edu/,Public,7819,7819,72.57,1190,25,10125,16866,9447,1590,57.62,83.99,12209,28.65,22.0
Texas A & M University-Corpus Christi,texas-a-m-university-corpus-christi,Corpus Christi,TX,USA,27.713723,-97.32395,https://www.tamucc.edu/,Public,7804,7804,89.47,1086,22,9748,21033,12869,1248,33.74,58.5,15137,43.4,18.0
Stockton University,stockton-university,Galloway,NJ,USA,39.492036,-74.531087,https://www.stockton.edu/,Public,7770,7770,88.17,1171,25,15532,23420,15332,1250,71.97,77.16,19634,51.17,17.0
Tulane University of Louisiana,tulane-university-of-louisiana,New Orleans,LA,USA,29.940069,-90.122144,https://tulane.edu/,Private Non-Profit,7759,7759,14.59,1443,32,65538,65538,18088,1200,88.91,94.41,,20.92,8.0
Harvard University,harvard-university,Cambridge,MA,USA,42.374471,-71.118313,https://www.harvard.edu/,Private Non-Profit,7755,7755,3.45,1553,35,59076,59076,20374,1000,97.33,98.6,,4.88,7.0
Pace University,pace-university,New York,NY,USA,40.711014,-74.004719,https://www.pace.edu/,Private Non-Profit,7725,7725,77.14,1232,26,51424,51424,21790,800,61.41,76.68,,46.39,16.0
Central Connecticut State University,central-connecticut-state-university,New Britain,CT,USA,41.692502,-72.765991,https://www.ccsu.edu/,Public,7670,7670,75.53,1091,23,12460,25736,12710,1600,49.33,78.61,16435,50.24,14.0
Universidad Ana G. Mendez-Gurabo Campus,universidad-ana-g-mendez-gurabo-campus,Gurabo,PR,USA,18.239647,-66.006259,https://uagm.edu/,Private Non-Profit,7666,7666,,,,6920,6920,,1700,30.21,75.13,,26.93,26.0
Chapman University,chapman-university,Orange,CA,USA,33.79302,-117.852518,https://www.chapman.edu/,Private Non-Profit,7629,7629,55.61,1353,29,62784,62784,17378,1600,80.36,89.99,,62.0,12.0
University of Wisconsin-Oshkosh,university-of-wisconsin-oshkosh,Oshkosh,WI,USA,44.026206,-88.549369,https://www.uwosh.edu/,Public,7613,7613,86.68,1090,21,8212,16125,8940,1000,57.89,72.26,14761,27.19,21.0
Colorado Mesa University,colorado-mesa-university,Grand Junction,CO,USA,39.080643,-108.553275,https://www.coloradomesa.edu/,Public,7604,7604,81.39,1070,23,9712,24312,11760,1800,41.52,75.18,15331,33.22,18.0
University of Northern Iowa,university-of-northern-iowa,Cedar Falls,IA,USA,42.514923,-92.459703,https://www.uni.edu/,Public,7599,7599,94.4,1120,23,9728,21272,9648,800,68.94,84.6,14609,43.81,17.0
American University,american-university,Washington,DC,USA,38.936005,-77.088875,https://www.american.edu/,Private Non-Profit,7593,7593,47.38,1392,31,56543,56543,17012,1000,78.49,86.18,,35.0,10.0
Pennsylvania State University-World Campus,pennsylvania-state-university-world-campus,University Park,PA,USA,40.7965,-77.862848,https://www.worldcampus.psu.edu/,Public,7554,7554,80.27,1198,,15204,15204,,1840,33.63,66.29,20826,41.18,16.0
University of Chicago,university-of-chicago,Chicago,IL,USA,41.787994,-87.599539,https://www.uchicago.edu/,Private Non-Profit,7540,7540,4.79,1554,34,66939,66939,19221,1800,94.91,99.42,,5.06,5.0
Embry-Riddle Aeronautical University-Daytona Beach,embry-riddle-aeronautical-university-daytona-beach,Daytona Beach,FL,USA,29.189903,-81.048367,https://daytonabeach.erau.edu/,Private Non-Profit,7535,7535,66.28,1256,26,42304,42304,13670,1400,67.36,85.49,,30.72,18.0
Florida Agricultural and Mechanical University,florida-agricultural-and-mechanical-university,Tallahassee,FL,USA,30.428504,-84.290226,https://www.famu.edu/,Public,7516,7516,21.12,1100,20,5785,17725,11644,1138,51.94,86.32,15847,50.94,14.0
Berklee College of Music,berklee-college-of-music,Boston,MA,USA,42.346646,-71.089405,https://www.berklee.edu/,Private Non-Profit,7510,7510,49.91,,,50270,50270,19440,1085,66.35,85.44,,32.6,10.0
University of West Georgia,university-of-west-georgia,Carrollton,GA,USA,33.573621,-85.097762,https://www.westga.edu/,Public,7485,7485,49.37,1044,21,5971,17024,11642,1275,42.72,76.02,15450,39.83,16.0
University of Minnesota-Duluth,university-of-minnesota-duluth,Duluth,MN,USA,46.817126,-92.084385,https://www.d.umn.edu/,Public,7475,7475,81.75,1221,25,14318,19762,10206,1000,64.45,80.83,18464,45.68,16.0
Georgetown University,georgetown-university,Washington,DC,USA,38.908809,-77.073463,https://www.georgetown.edu/,Private Non-Profit,7462,7462,13.08,1494,34,65081,65081,19750,1200,94.3,97.14,,19.39,11.0
University of Central Arkansas,university-of-central-arkansas,Conway,AR,USA,35.077945,-92.457672,https://www.uca.edu/,Public,7426,7426,90.47,1117,23,10118,17258,8662,1230,53.35,73.43,16775,41.69,14.0
Austin Peay State University,austin-peay-state-university,Clarksville,TN,USA,36.533319,-87.354081,https://www.apsu.edu/,Public,7365,7365,95.95,1050,21,8675,14219,13070,1250,44.5,66.85,14846,35.69,15.0
University of Idaho,university-of-idaho,Moscow,ID,USA,46.727406,-117.014167,https://www.uidaho.edu/,Public,7363,7363,79.09,1088,24,8816,29784,10380,1232,60.9,75.13,13782,30.53,17.0
Youngstown State University,youngstown-state-university,Youngstown,OH,USA,41.104928,-80.64659,https://ysu.edu/,Public,7340,7340,80.32,1055,21,10791,11151,10384,1200,52.91,76.89,11877,41.45,18.0
Saint Louis University,saint-louis-university,Saint Louis,MO,USA,38.636801,-90.2351,https://www.slu.edu/,Private Non-Profit,7324,7324,81.47,1326,30,53244,53244,14570,1070,79.75,88.73,,31.83,8.0
Belmont University,belmont-university,Nashville,TN,USA,36.135589,-86.794807,https://www.belmont.edu/,Private Non-Profit,7306,7306,96.36,1277,27,41320,41320,14290,1400,71.7,83.72,,34.8,12.0
Emory University,emory-university,Atlanta,GA,USA,33.790183,-84.325512,https://www.emory.edu/,Private Non-Profit,7275,7275,11.1,1507,33,60774,60774,18972,1250,91.76,96.17,,11.24,9.0
Brown University,brown-university,Providence,RI,USA,41.82617,-71.40385,https://www.brown.edu/,Private Non-Profit,7273,7273,5.23,1546,34,68230,68230,16598,0,95.95,98.66,,9.22,6.0
Idaho State University,idaho-state-university,Pocatello,ID,USA,42.863832,-112.432312,https://www.isu.edu/,Public,7260,7260,,,,8356,27466,7924,1000,38.3,73.63,17324,24.79,13.0
Marquette University,marquette-university,Milwaukee,WI,USA,43.03903,-87.927961,https://www.marquette.edu/,Private Non-Profit,7238,7238,87.44,1306,28,48700,48700,15740,720,80.06,91.35,,40.3,13.0
Carnegie Mellon University,carnegie-mellon-university,Pittsburgh,PA,USA,40.44357,-79.941993,https://www.cmu.edu/,Private Non-Profit,7187,7187,11.4,1545,34,63829,63829,17468,1000,92.52,97.01,,35.5,5.0
Rutgers University-Newark,rutgers-university-newark,Newark,NJ,USA,40.739122,-74.175809,https://www.newark.rutgers.edu/,Public,7187,7187,78.73,,25,16586,35348,15060,1391,67.6,84.25,19407,30.87,13.0
Loyola Marymount University,loyola-marymount-university,Los Angeles,CA,USA,33.97085,-118.415744,https://www.lmu.edu/,Private Non-Profit,7171,7171,40.29,,30,58974,58974,20713,938,79.78,88.24,,30.37,11.0
Nova Southeastern University,nova-southeastern-university,Fort Lauderdale,FL,USA,26.082288,-80.249891,https://www.nova.edu/,Private Non-Profit,7171,7171,72.67,1182,25,37080,37080,15950,2128,64.34,76.42,,43.87,17.0
Marshall University,marshall-university,Huntington,WV,USA,38.422482,-82.428964,https://www.marshall.edu/,Public,7149,7149,96.46,1051,22,8942,20294,12852,1100,48.69,78.7,8327,45.34,15.0
Vanderbilt University,vanderbilt-university,Nashville,TN,USA,36.14659,-86.803369,https://www.vanderbilt.edu/,Private Non-Profit,7143,7143,6.28,1550,35,63946,63946,21054,1194,92.69,96.41,,10.5,7.0
Southern Methodist University,southern-methodist-university,Dallas,TX,USA,32.843612,-96.783365,https://www.smu.edu/,Private Non-Profit,7106,7106,61.22,1424,33,64460,64460,18230,800,83.25,89.61,,21.74,11.0
University of Wisconsin-Stevens Point,university-of-wisconsin-stevens-point,Stevens Point,WI,USA,44.529582,-89.570934,https://www.uwsp.edu/,Public,7104,7104,90.14,1120,22,8834,17854,8500,250,55.96,75.44,13726,49.83,21.0
The University of Montana,the-university-of-montana,Missoula,MT,USA,46.859312,-113.982912,https://www.umt.edu/,Public,7079,7079,95.6,1190,22,8152,31622,12192,1100,45.44,75.99,17118,41.93,18.0
Empire State University,empire-state-university,Saratoga Springs,NY,USA,43.077283,-73.782484,https://www.sunyempire.edu/,Public,7046,7046,,,,7630,17540,,1528,29.32,45.95,11147,34.62,17.0
Jacksonville State University,jacksonville-state-university,Jacksonville,AL,USA,33.822938,-85.765321,https://www.jsu.edu/,Public,7030,7030,76.22,1055,20,12426,22716,8894,998,51.12,64.42,14850,69.41,19.0
The University of Texas at Tyler,the-university-of-texas-at-tyler,Tyler,TX,USA,32.315772,-95.254337,https://www.uttyler.edu/,Public,7009,7009,91.54,1113,22,9920,25198,10710,2860,46.77,73.03,13931,32.66,17.0
Villanova University,villanova-university,Villanova,PA,USA,40.036463,-75.340502,https://www.villanova.edu/,Private Non-Profit,7005,7005,25.12,1466,33,64701,64701,16896,1100,92.41,95.01,,36.56,10.0
Saint Leo University,saint-leo-university,Saint Leo,FL,USA,28.336776,-82.257801,https://www.saintleo.edu/,Private Non-Profit,6999,6999,72.1,,22,28360,28360,15724,910,48.78,57.8,,36.57,20.0
William & Mary,william-mary,Williamsburg,VA,USA,37.269489,-76.708214,https://www.wm.edu/,Public,6949,6949,32.72,1458,33,25040,49412,14555,1080,91.01,94.63,22529,23.35,13.0
University of Alaska Anchorage,university-of-alaska-anchorage,Anchorage,AK,USA,61.190163,-149.82619,https://www.uaa.alaska.edu/,Public,6916,6916,66.52,,,7566,21693,12412,720,28.94,71.66,13780,14.88,12.0
Sacred Heart University,sacred-heart-university,Fairfield,CT,USA,41.220893,-73.243332,https://www.sacredheart.edu/,Private Non-Profit,6904,6904,67.68,,,48460,48460,18450,1200,74.5,84.84,,56.8,16.0
Indiana University of Pennsylvania-Main Campus,indiana-university-of-pennsylvania-main-campus,Indiana,PA,USA,40.617531,-79.159332,https://www.iup.edu/,Public,6893,6893,91.2,1052,21,11380,16297,12802,1100,52.39,71.03,17216,65.49,22.0
Valdosta State University,valdosta-state-university,Valdosta,GA,USA,30.847402,-83.289282,https://www.valdosta.edu/,Public,6858,6858,83.49,1037,20,6007,17062,8922,1200,41.74,67.47,11298,46.57,17.0
The College of New Jersey,the-college-of-new-jersey,Ewing,NJ,USA,40.268651,-74.778791,https://www.tcnj.edu/,Public,6831,6831,62.14,1247,29,18685,24568,15569,1200,85.23,90.18,25458,47.35,13.0
The New School,the-new-school,New York,NY,USA,40.735508,-73.997114,https://www.newschool.edu/,Private Non-Profit,6819,6819,62.52,,,56386,56386,29874,1300,71.19,80.73,,25.86,9.0
Yale University,yale-university,New Haven,CT,USA,41.311158,-72.926688,https://www.yale.edu/,Private Non-Profit,6811,6811,4.5,1534,34,64700,64700,19180,1000,96.33,98.97,,5.82,6.0
Tufts University,tufts-university,Medford,MA,USA,42.40855,-71.118293,https://www.tufts.edu/,Private Non-Profit,6804,6804,10.13,1513,34,67844,67844,17660,1000,93.33,95.92,,19.09,10.0
West Texas A & M University,west-texas-a-m-university,Canyon,TX,USA,34.982789,-101.914736,https://www.wtamu.edu/,Public,6771,6771,97.35,1072,21,9101,10996,9449,1200,47.31,67.15,20841,38.2,18.0
Slippery Rock University of Pennsylvania,slippery-rock-university-of-pennsylvania,Slippery Rock,PA,USA,41.062719,-80.045965,https://www.sru.edu/,Public,6728,6728,74.62,1086,23,10507,14615,10584,1992,65.91,81.49,19524,60.9,20.0
Thomas Edison State University,thomas-edison-state-university,Trenton,NJ,USA,40.220487,-74.768562,https://www.tesu.edu/,Public,6685,6685,,,,6638,8598,,1700,,,,23.39,15.0
Middle Georgia State University,middle-georgia-state-university,Macon,GA,USA,32.808092,-83.732058,https://www.mga.edu/,Public,6655,6655,99.77,1055,22,4432,14032,8850,1240,25.6,60.85,13922,34.41,18.0
University of Alabama in Huntsville,university-of-alabama-in-huntsville,Huntsville,AL,USA,34.724557,-86.640449,https://www.uah.edu/,Public,6650,6650,74.25,1321,28,11770,24662,11122,2416,61.91,80.5,19880,33.91,17.0
Murray State University,murray-state-university,Murray,KY,USA,36.612419,-88.323629,https://www.murraystate.edu/,Public,6646,6646,86.17,1110,24,9708,19452,10594,900,59.53,76.14,9121,36.63,16.0
Indiana State University,indiana-state-university,Terre Haute,IN,USA,39.469073,-87.407846,https://www.indstate.edu/,Public,6620,6620,91.5,,,9992,21734,11483,1200,41.07,68.64,12188,51.18,17.0
Texas Southern University,texas-southern-university,Houston,TX,USA,29.721046,-95.361113,https://www.tsu.edu/,Public,6619,6619,93.35,913,17,9173,21773,10914,1654,19.89,56.99,19734,65.27,16.0
University of Missouri-Kansas City,university-of-missouri-kansas-city,Kansas City,MO,USA,39.034179,-94.582141,https://www.umkc.edu/,Public,6618,6618,74.99,1230,26,11988,28788,12118,800,55.89,77.45,12837,24.35,14.0
Southeast Missouri State University,southeast-missouri-state-university,Cape Girardeau,MO,USA,37.311107,-89.531187,https://www.semo.edu/,Public,6588,6588,78.5,1018,,9496,9496,11486,684,55.68,75.85,14532,34.5,20.0
William Paterson University of New Jersey,william-paterson-university-of-new-jersey,Wayne,NJ,USA,40.945255,-74.200248,https://www.wpunj.edu/,Public,6526,6526,92.52,,,15150,24464,15990,1600,47.71,72.66,17764,41.7,17.0
Eastern Washington University,eastern-washington-university,Cheney,WA,USA,47.490667,-117.583808,https://www.ewu.edu/,Public,6517,6517,91.77,,,8353,25892,14880,798,47.21,67.07,13091,67.53,20.0
Texas A & M International University,texas-a-m-international-university,Laredo,TX,USA,27.571172,-99.436043,https://www.tamiu.edu/,Public,6502,6502,45.96,1008,18,7846,19382,9650,1270,48.92,73.64,3061,27.98,21.0
Tennessee State University,tennessee-state-university,Nashville,TN,USA,36.166321,-86.828275,https://www.tnstate.edu/,Public,6498,6498,92.63,1017,,8568,22284,10120,1600,33.03,60.22,10026,39.24,13.0
University of Rochester,university-of-rochester,Rochester,NY,USA,43.126397,-77.631202,https://www.rochester.edu/,Private Non-Profit,6488,6488,35.85,1480,33,64348,64348,18924,1310,84.48,92.53,,40.3,9.0
Northern Michigan University,northern-michigan-university,Marquette,MI,USA,46.559751,-87.406568,https://www.nmu.edu/,Public,6425,6425,69.95,,,13304,18800,12752,720,50.84,75.84,17485,50.7,18.0
Duke University,duke-university,Durham,NC,USA,36.001135,-78.937624,https://www.duke.edu/,Private Non-Profit,6417,6417,6.78,1539,34,65805,65805,17458,1602,95.83,96.16,,16.31,6.0
Elon University,elon-university,Elon,NC,USA,36.104148,-79.50344,https://www.elon.edu/,Private Non-Profit,6402,6402,67.31,1222,,44536,44536,14478,900,82.96,90.43,,24.49,11.0
Kutztown University of Pennsylvania,kutztown-university-of-pennsylvania,Kutztown,PA,USA,40.513561,-75.783933,https://www.kutztown.edu/,Public,6348,6348,94.83,1170,21,11230,16434,13116,1200,54.11,74.8,21205,62.51,20.0
Wright State University-Main Campus,wright-state-university-main-campus,Dayton,OH,USA,39.780634,-84.064881,https://www.wright.edu/,Public,6330,6330,95.15,1086,21,11188,20606,10900,1400,45.86,62.64,15216,42.26,15.0
Columbia College Chicago,columbia-college-chicago,Chicago,IL,USA,41.874261,-87.624667,https://www.colum.edu/,Private Non-Profit,6294,6294,91.17,,,32520,32520,16838,1800,48.46,63.97,,57.32,15.0
Santa Clara University,santa-clara-university,Santa Clara,CA,USA,37.348362,-121.93784,https://www.scu.edu/,Private Non-Profit,6235,6235,43.84,1417,32,59241,59241,18984,939,88.45,93.59,,24.45,10.0
University of Wisconsin-Green Bay,university-of-wisconsin-green-bay,Green Bay,WI,USA,44.532298,-87.919973,https://www.uwgb.edu/,Public,6230,6230,87.84,1090,22,8342,16929,8042,800,53.09,70.42,12878,31.02,23.0
Texas A&M University-San Antonio,texas-am-university-san-antonio,San Antonio,TX,USA,29.304762,-98.52417,https://www.tamusa.edu/,Public,6224,6224,92.0,954,20,9548,23124,10760,1200,29.37,63.16,13220,40.08,19.0
Quinnipiac University,quinnipiac-university,Hamden,CT,USA,41.418915,-72.894117,https://www.qu.edu/,Private Non-Profit,6208,6208,77.0,1212,,53090,53090,16470,1100,77.28,86.72,,58.78,11.0
Colorado State University Global,colorado-state-university-global,Aurora,CO,USA,39.724786,-104.786666,https://csuglobal.edu/,Public,6202,6202,92.86,,17,8400,8400,,521,,56.25,14099,32.94,25.0
Southern Connecticut State University,southern-connecticut-state-university,New Haven,CT,USA,41.333225,-72.947897,https://www.southernct.edu/,Public,6180,6180,81.12,,,12828,26104,14700,1200,47.82,75.8,20877,54.39,11.0
Hofstra University,hofstra-university,Hempstead,NY,USA,40.715959,-73.60078,https://www.hofstra.edu/,Private Non-Profit,6155,6155,70.59,1294,29,55450,55450,17720,1000,67.1,83.11,,46.94,13.0
Case Western Reserve University,case-western-reserve-university,Cleveland,OH,USA,41.507419,-81.609596,https://www.case.edu/,Private Non-Profit,6108,6108,28.68,1501,34,64671,64671,18202,1200,86.95,92.01,,48.84,9.0
University of Houston-Clear Lake,university-of-houston-clear-lake,Houston,TX,USA,29.582523,-95.098129,https://www.uhcl.edu/,Public,6082,6082,75.3,1105,20,7746,21330,11014,1026,50.85,75.26,11056,28.84,19.0
University of Denver,university-of-denver,Denver,CO,USA,39.678005,-104.963259,https://www.du.edu/,Private Non-Profit,6059,6059,71.19,1344,29,59340,59340,17049,1000,77.95,87.72,,30.11,10.0
Salisbury University,salisbury-university,Salisbury,MD,USA,38.34648,-75.604815,https://www.salisbury.edu/,Public,6056,6056,88.63,1250,,10638,21332,13416,1300,67.45,80.31,16456,39.62,13.0
State University of New York at New Paltz,state-university-of-new-york-at-new-paltz,New Paltz,NY,USA,41.740936,-74.082188,https://www.newpaltz.edu/,Public,6022,6022,58.7,1267,27,8524,18434,15896,1240,68.88,86.68,18481,45.02,16.0
University of St Thomas,university-of-st-thomas,Saint Paul,MN,USA,44.943439,-93.188986,https://www.stthomas.edu/,Private Non-Profit,6014,6014,84.94,1296,25,52284,52284,12932,1000,75.17,86.25,,44.95,13.0
Saginaw Valley State University,saginaw-valley-state-university,University Center,MI,USA,43.51176,-83.964273,https://www.svsu.edu/,Public,6004,6004,72.88,1051,22,12240,28752,11700,1120,53.82,75.36,14582,51.21,15.0
Maryville University of Saint Louis,maryville-university-of-saint-louis,Saint Louis,MO,USA,38.644774,-90.505998,https://www.maryville.edu/,Private Non-Profit,5988,5988,93.69,,23,27166,27166,13300,,71.52,82.73,,54.26,13.0
University of Wisconsin-Platteville,university-of-wisconsin-platteville,Platteville,WI,USA,42.733451,-90.48622,https://www.uwplatt.edu/,Public,5928,5928,87.26,1190,23,8315,17274,8174,220,61.54,80.06,14754,43.85,20.0
Seton Hall University,seton-hall-university,South Orange,NJ,USA,40.742336,-74.246027,https://www.shu.edu/,Private Non-Profit,5924,5924,78.9,1308,29,51370,51370,17350,1000,71.47,85.24,,51.16,14.0
Rensselaer Polytechnic Institute,rensselaer-polytechnic-institute,Troy,NY,USA,42.729978,-73.676646,https://www.rpi.edu/,Private Non-Profit,5909,5909,58.45,1415,33,61884,61884,17530,1310,83.16,88.71,,50.05,14.0
University of Wisconsin-Stout,university-of-wisconsin-stout,Menomonie,WI,USA,44.873187,-91.926653,https://www.uwstout.edu/,Public,5900,5900,84.74,1150,23,10142,18706,8718,488,52.53,74.1,17365,48.91,18.0
State University of New York at Cortland,state-university-of-new-york-at-cortland,Cortland,NY,USA,42.598022,-76.188655,https://www2.cortland.edu/,Public,5896,5896,50.71,,25,8815,18725,15210,1200,68.25,80.82,19951,60.2,15.0
University of Michigan-Dearborn,university-of-michigan-dearborn,Dearborn,MI,USA,42.317287,-83.231417,https://umdearborn.edu/,Public,5882,5882,58.63,1127,25,14944,31360,,1300,56.55,81.25,10904,38.42,16.0
Northwestern State University of Louisiana,northwestern-state-university-of-louisiana,Natchitoches,LA,USA,31.750666,-93.097797,https://www.nsula.edu/,Public,5840,5840,93.74,1090,19,8864,19652,10617,1300,44.63,70.42,13809,36.68,16.0
Michigan Technological University,michigan-technological-university,Houghton,MI,USA,47.11866,-88.548092,https://www.mtu.edu/,Public,5829,5829,87.94,1243,28,18392,41340,12774,1200,68.72,87.69,15729,45.69,13.0
Albany State University,albany-state-university,Albany,GA,USA,31.56928,-84.141825,https://www.asurams.edu/,Public,5829,5829,,,,5934,16656,9066,1220,22.79,78.41,14251,62.4,20.0
California State University-Monterey Bay,california-state-university-monterey-bay,Seaside,CA,USA,36.652397,-121.796178,https://csumb.edu/,Public,5811,5811,94.83,,,7437,19317,16413,864,63.23,79.12,14487,31.45,16.0
Indiana Wesleyan University-National & Global,indiana-wesleyan-university-national-global,Marion,IN,USA,40.510655,-85.677641,https://www.indwes.edu/,Private Non-Profit,5808,5808,,,,8216,8216,,264,37.22,,,54.56,19.0
Lehigh University,lehigh-university,Bethlehem,PA,USA,40.606822,-75.380236,https://www.lehigh.edu/,Private Non-Profit,5803,5803,29.26,1432,32,62180,62180,16470,1000,89.21,92.71,,37.52,10.0
Colorado School of Mines,colorado-school-of-mines,Golden,CO,USA,39.751443,-105.223364,https://www.mines.edu/,Public,5801,5801,59.71,1403,31,21186,44376,16820,1500,79.44,92.98,29240,33.63,17.0
Purdue University Northwest,purdue-university-northwest,Hammond,IN,USA,41.584324,-87.474236,https://www.pnw.edu/,Public,5786,5786,70.63,1034,23,8419,15620,9097,598,44.02,67.69,8463,27.07,17.0
Alabama A & M University,alabama-a-m-university,Normal,AL,USA,34.783368,-86.568502,https://www.aamu.edu/,Public,5726,5726,66.22,947,18,10024,18634,11402,2192,28.74,63.87,14559,58.59,19.0
University of San Francisco,university-of-san-francisco,San Francisco,CA,USA,37.776618,-122.450477,https://www.usfca.edu/,Private Non-Profit,5697,5697,50.77,1313,29,58222,58222,17300,1152,71.13,80.1,,47.27,12.0
University of Northern Colorado,university-of-northern-colorado,Greeley,CO,USA,40.410855,-104.692777,https://www.unco.edu/,Public,5693,5693,86.43,1077,23,12010,26204,15230,1200,51.34,74.41,18457,39.68,14.0
University of Central Missouri,university-of-central-missouri,Warrensburg,MO,USA,38.759111,-93.737428,https://www.ucmo.edu/,Public,5653,5653,68.61,1090,,9739,18064,10206,1250,49.4,70.4,15336,36.19,19.0
Unity Environmental University,unity-environmental-university,New Gloucester,ME,USA,43.905745,-70.257277,https://unity.edu/,Private Non-Profit,5619,5619,81.8,,,12640,12640,12156,800,56.98,42.03,,51.57,36.0
University of San Diego,university-of-san-diego,San Diego,CA,USA,32.770816,-117.192073,https://www.sandiego.edu/,Private Non-Profit,5619,5619,46.75,,,56444,56444,18084,938,81.58,89.78,,32.72,14.0
State University of New York at Oswego,state-university-of-new-york-at-oswego,Oswego,NY,USA,43.454287,-76.540798,https://www.oswego.edu/,Public,5618,5618,80.39,1177,27,8769,18679,15440,1000,60.37,70.34,17231,53.33,14.0
Johns Hopkins University,johns-hopkins-university,Baltimore,MD,USA,39.328977,-76.621595,https://www.jhu.edu/,Private Non-Profit,5617,5617,7.56,1553,,63340,63340,19910,1345,94.63,97.86,,11.45,6.0
Millersville University of Pennsylvania,millersville-university-of-pennsylvania,Millersville,PA,USA,40.000337,-76.357381,https://www.millersville.edu/,Public,5610,5610,89.41,1120,,12262,16232,12600,1000,54.4,78.04,20231,52.49,19.0
Radford University,radford-university,Radford,VA,USA,37.136907,-80.549728,https://www.radford.edu/,Public,5609,5609,90.64,1061,21,12286,25185,11973,1260,49.62,72.67,16640,55.14,12.0
Georgia College & State University,georgia-college-state-university,Milledgeville,GA,USA,33.082787,-83.231962,https://www.gcsu.edu/,Public,5599,5599,87.77,1150,24,8998,28178,11774,2000,61.57,84.47,18809,34.38,16.0
Princeton University,princeton-university,Princeton,NJ,USA,40.348732,-74.659365,https://www.princeton.edu/,Private Non-Profit,5579,5579,4.5,1535,34,59710,59710,19380,1050,97.09,97.33,,2.96,5.0
Mercy University,mercy-university,Dobbs Ferry,NY,USA,41.021626,-73.874447,https://www.mercy.edu/,Private Non-Profit,5539,5539,85.47,,25,22106,22106,14700,1692,48.1,74.97,,48.89,15.0
Columbus State University,columbus-state-university,Columbus,GA,USA,32.50096,-84.94106,https://www.columbusstate.edu/,Public,5537,5537,99.24,994,21,5751,16805,11262,1600,41.74,72.73,11889,41.71,18.0
Angelo State University,angelo-state-university,San Angelo,TX,USA,31.440914,-100.465051,https://www.angelo.edu/,Public,5515,5515,79.23,1049,21,8319,18399,11800,1200,40.73,71.6,12915,25.25,18.0
Norfolk State University,norfolk-state-university,Norfolk,VA,USA,36.848429,-76.261375,https://www.nsu.edu/,Public,5495,5495,87.46,980,18,9910,21412,11692,1200,32.67,71.97,12973,58.27,18.0
Fayetteville State University,fayetteville-state-university,Fayetteville,NC,USA,35.073641,-78.891696,https://www.uncfsu.edu/,Public,5493,5493,79.89,972,17,3969,7969,11302,420,35.2,77.69,7360,45.89,19.0
California State Polytechnic University-Humboldt,california-state-polytechnic-university-humboldt,Arcata,CA,USA,40.877481,-124.078293,https://www.humboldt.edu/,Public,5491,5491,98.83,,,7913,19793,13166,836,46.63,75.59,13167,37.08,14.0
Long Island University,long-island-university,Brookville,NY,USA,40.820714,-73.593678,https://www.liu.edu/,Private Non-Profit,5478,5478,89.77,1259,28,41642,41642,17354,2000,55.44,77.37,,25.45,13.0
Wake Forest University,wake-forest-university,Winston-Salem,NC,USA,36.133609,-80.277446,https://www.wfu.edu/,Private Non-Profit,5471,5471,21.56,1469,,64758,64758,17848,1630,90.87,94.67,,14.58,9.0
University of the Cumberlands,university-of-the-cumberlands,Williamsburg,KY,USA,36.737048,-84.161646,https://www.ucumberlands.edu/,Private Non-Profit,5468,5468,71.39,,21,9875,9875,9300,0,46.24,81.13,,69.16,19.0
University of North Alabama,university-of-north-alabama,Florence,AL,USA,34.80731,-87.680407,https://www.una.edu/,Public,5468,5468,96.48,,,11990,22190,7900,1500,54.03,77.76,11024,29.57,18.0
Missouri University of Science and Technology,missouri-university-of-science-and-technology,Rolla,MO,USA,37.953426,-91.775583,https://www.mst.edu/,Public,5467,5467,73.07,1287,29,14278,31678,11762,886,63.6,86.07,13773,40.36,19.0
Purdue University Fort Wayne,purdue-university-fort-wayne,Fort Wayne,IN,USA,41.117278,-85.108962,https://www.pfw.edu/,Public,5450,5450,85.66,1078,23,9254,22220,10332,2940,32.47,64.25,11513,23.44,13.0
North Carolina Central University,north-carolina-central-university,Durham,NC,USA,35.974237,-78.898602,https://www.nccu.edu/,Public,5400,5400,90.49,1023,18,6542,19578,14760,1500,45.97,75.37,15028,63.38,16.0
University of North Carolina at Pembroke,university-of-north-carolina-at-pembroke,Pembroke,NC,USA,34.688313,-79.200347,https://www.uncp.edu/,Public,5386,5386,92.36,,19,3571,7571,11016,1000,44.52,70.86,9918,42.58,14.0
SUNY Brockport,suny-brockport,Brockport,NY,USA,43.211926,-77.947188,https://www.brockport.edu/,Public,5381,5381,71.29,1147,26,8678,15748,15960,980,56.64,73.19,15844,60.96,16.0
Sonoma State University,sonoma-state-university,Rohnert Park,CA,USA,38.340274,-122.677066,https://sonoma.edu/,Public,5374,5374,94.73,,,8190,20070,15770,822,60.52,75.32,13801,27.01,15.0
Colorado Christian University,colorado-christian-university,Lakewood,CO,USA,39.71388,-105.09456,https://www.ccu.edu/,Private Non-Profit,5363,5363,,,,39266,39266,12362,1000,55.32,78.9,,41.92,15.0
Columbia College,columbia-college,Columbia,MO,USA,38.957388,-92.326354,https://www.ccis.edu/,Private Non-Profit,5359,5359,,,,24326,24326,8874,480,45.67,67.4,,42.59,20.0
SUNY Buffalo State University,suny-buffalo-state-university,Buffalo,NY,USA,42.933832,-78.882125,https://suny.buffalostate.edu/,Public,5358,5358,75.87,1080,,8486,18906,16716,1052,36.04,54.71,14229,52.93,13.0
University of Southern Indiana,university-of-southern-indiana,Evansville,IN,USA,37.962374,-87.677214,https://www.usi.edu/,Public,5344,5344,94.65,1131,24,10136,22573,10798,1200,51.95,69.48,12621,28.77,14.0
Worcester Polytechnic Institute,worcester-polytechnic-institute,Worcester,MA,USA,42.274853,-71.808339,https://www.wpi.edu/,Private Non-Profit,5344,5344,58.5,,,59070,59070,18072,1200,88.43,93.72,,50.5,13.0
Southern University and A & M College,southern-university-and-a-m-college,Baton Rouge,LA,USA,30.524558,-91.190105,https://www.subr.edu/,Public,5323,5323,49.87,938,17,9940,17198,9366,1300,28.45,60.35,19740,70.1,21.0
University of Massachusetts-Dartmouth,university-of-massachusetts-dartmouth,North Dartmouth,MA,USA,41.62869,-71.004552,https://www.umassd.edu/,Public,5289,5289,92.16,1152,23,15208,31750,17940,1400,48.97,63.73,20605,65.8,15.0
Augusta University,augusta-university,Augusta,GA,USA,33.47037,-81.989071,https://www.augusta.edu/,Public,5282,5282,89.31,1113,25,8122,23500,11935,1240,48.65,73.47,13347,38.47,16.0
Park University,park-university,Parkville,MO,USA,39.189256,-94.679041,https://www.park.edu/,Private Non-Profit,5250,5250,,,,16400,16400,8978,1200,29.96,57.49,,31.31,13.0
University of South Dakota,university-of-south-dakota,Vermillion,SD,USA,42.786019,-96.925283,https://www.usd.edu/,Public,5239,5239,98.95,1122,22,9432,12942,9060,1200,61.43,79.98,19155,41.76,14.0
California State University-Channel Islands,california-state-university-channel-islands,Camarillo,CA,USA,34.162949,-119.04356,https://www.csuci.edu/,Public,5230,5230,93.06,,,6817,18697,14200,906,53.45,72.59,9792,25.95,15.0
University of Washington-Bothell Campus,university-of-washington-bothell-campus,Bothell,WA,USA,47.759773,-122.191293,https://www.uwb.edu/,Public,5228,5228,91.77,1376,,12559,41913,17115,900,68.22,86.17,10898,20.22,21.0
Duquesne University,duquesne-university,Pittsburgh,PA,USA,40.43589,-79.993123,https://www.duq.edu/,Private Non-Profit,5216,5216,78.85,1257,27,47146,47146,15620,1440,75.55,86.47,,57.47,12.0
Bowie State University,bowie-state-university,Bowie,MD,USA,39.018185,-76.759721,https://www.bowiestate.edu/,Public,5207,5207,83.54,935,19,8999,19889,13272,2500,38.14,69.91,19335,40.87,16.0
Saint Cloud State University,saint-cloud-state-university,Saint Cloud,MN,USA,45.553227,-94.152657,https://www.stcloudstate.edu/,Public,5181,5181,94.95,1091,21,10117,10117,9630,1400,46.91,67.93,14485,25.4,17.0
Franklin University,franklin-university,Columbus,OH,USA,39.95831,-82.990375,https://www.franklin.edu/,Private Non-Profit,5111,5111,,,,9577,9577,,576,30.25,47.37,,39.3,16.0
University of Missouri-St Louis,university-of-missouri-st-louis,Saint Louis,MO,USA,38.710312,-90.311091,https://www.umsl.edu/,Public,5108,5108,57.16,1147,26,13440,33432,13104,1000,56.87,68.28,12323,19.88,13.0
Gonzaga University,gonzaga-university,Spokane,WA,USA,47.666531,-117.400625,https://www.gonzaga.edu/,Private Non-Profit,5098,5098,75.96,1316,29,53500,53500,15080,1382,86.87,93.91,,36.0,12.0
Winona State University,winona-state-university,Winona,MN,USA,44.046159,-91.643723,https://www.winona.edu/,Public,5088,5088,68.52,1119,22,10498,17230,9924,900,60.89,77.53,18148,51.7,15.0
Adelphi University,adelphi-university,Garden City,NY,USA,40.721439,-73.653321,https://www.adelphi.edu/,Private Non-Profit,5077,5077,77.51,1224,26,47290,47290,20028,1020,68.93,83.05,,59.53,12.0
Marist College,marist-college,Poughkeepsie,NY,USA,41.720937,-73.935484,https://www.marist.edu/,Private Non-Profit,5039,5039,64.71,1285,28,46140,46140,17710,2425,79.84,89.43,,63.01,16.0
Metropolitan State University,metropolitan-state-university,Saint Paul,MN,USA,44.957256,-93.074361,https://www.metrostate.edu/,Public,4998,4998,96.49,1020,,9780,9780,,1500,38.37,73.27,19181,33.72,14.0
High Point University,high-point-university,High Point,NC,USA,35.972035,-79.994675,https://www.highpoint.edu/,Private Non-Profit,4970,4970,76.83,1242,26,44208,44208,18462,1500,70.0,83.79,,36.04,17.0
Western Illinois University,western-illinois-university,Macomb,IL,USA,40.468086,-90.686899,https://www.wiu.edu/,Public,4939,4939,74.96,,,14952,14952,10920,1200,44.77,58.73,11592,30.89,14.0
Fairfield University,fairfield-university,Fairfield,CT,USA,41.157673,-73.255903,https://fairfield.edu/,Private Non-Profit,4938,4938,44.98,1323,29,56360,56360,17400,1175,83.79,89.73,,47.59,12.0
University of Massachusetts Global,university-of-massachusetts-global,Irvine,CA,USA,33.656401,-117.769012,https://www.umassglobal.edu/,Public,4902,4902,,,,12520,12520,,936,0.0,42.31,31601,31.63,28.0
Ana G. Mendez University,ana-g-mendez-university,Orlando,FL,USA,28.482195,-81.30843,https://www.agmu.edu/,Private Non-Profit,4897,4897,,,,13575,13575,,2010,,63.25,,34.08,34.0
University of Louisiana at Monroe,university-of-louisiana-at-monroe,Monroe,LA,USA,32.527748,-92.07374,https://www.ulm.edu/,Public,4891,4891,74.56,1102,22,9190,21290,10182,1300,50.6,72.27,11633,34.74,16.0
McNeese State University,mcneese-state-university,Lake Charles,LA,USA,30.178187,-93.217222,https://www.mcneese.edu/,Public,4846,4846,67.55,1080,22,8460,9960,10596,1300,52.01,70.75,11257,30.91,18.0
SUNY Oneonta,suny-oneonta,Oneonta,NY,USA,42.468861,-75.063632,https://suny.oneonta.edu/,Public,4820,4820,70.15,1181,,8812,19232,15810,1400,70.24,78.01,18833,56.0,14.0
University of New Haven,university-of-new-haven,West Haven,CT,USA,41.291314,-72.961472,https://www.newhaven.edu/,Private Non-Profit,4799,4799,80.55,1190,27,45730,45730,19954,1240,59.25,77.16,,80.94,18.0
Virginia State University,virginia-state-university,Petersburg,VA,USA,37.234692,-77.419026,https://www.vsu.edu/,Public,4787,4787,89.1,917,18,9755,22006,12966,1300,40.72,71.18,14553,75.67,13.0
Nicholls State University,nicholls-state-university,Thibodaux,LA,USA,29.794486,-90.801571,https://www.nicholls.edu/,Public,4772,4772,96.02,1088,23,8173,9266,10938,1300,54.29,76.64,12091,43.06,17.0
Jackson State University,jackson-state-university,Jackson,MS,USA,32.296105,-90.207405,https://www.jsums.edu/,Public,4769,4769,91.03,974,18,9090,10110,11782,1400,32.19,68.45,20191,78.04,15.0
Lindenwood University,lindenwood-university,Saint Charles,MO,USA,38.785425,-90.501286,https://www.lindenwood.edu/,Private Non-Profit,4748,4748,65.86,1120,24,21100,21100,10800,1400,50.32,73.06,,51.81,13.0
Saint Joseph's University,saint-josephs-university,Philadelphia,PA,USA,39.994442,-75.238343,https://www.sju.edu/,Private Non-Profit,4742,4742,86.39,1256,28,51340,51340,15740,1050,79.83,87.95,,54.05,10.0
University of Arkansas at Little Rock,university-of-arkansas-at-little-rock,Little Rock,AR,USA,34.723254,-92.339778,https://ualr.edu/www/,Public,4740,4740,57.74,1049,22,8455,19210,9352,1250,41.42,71.46,16136,37.65,11.0
Xavier University,xavier-university,Cincinnati,OH,USA,39.149547,-84.47465,https://www.xavier.edu/,Private Non-Profit,4723,4723,87.73,1224,25,48125,48125,13820,1300,70.5,82.76,,49.32,11.0
Morehead State University,morehead-state-university,Morehead,KY,USA,38.186768,-83.434021,https://www.moreheadstate.edu/,Public,4689,4689,82.12,,,9838,14706,8942,480,47.69,69.48,10089,34.28,14.0
Ramapo College of New Jersey,ramapo-college-of-new-jersey,Mahwah,NJ,USA,41.080942,-74.174086,https://www.ramapo.edu/,Public,4664,4664,73.22,1190,26,15978,26388,15834,1226,71.86,87.12,20360,39.06,16.0
Southeastern University,southeastern-university,Lakeland,FL,USA,28.029733,-81.918382,https://www.seu.edu/,Private Non-Profit,4646,4646,74.29,,22,31732,31732,11020,1600,43.3,72.22,,36.23,26.0
Northeastern State University,northeastern-state-university,Tahlequah,OK,USA,35.919939,-94.967229,https://www.nsuok.edu/,Public,4636,4636,99.21,1050,20,7513,16633,10494,1000,37.2,62.83,11800,38.04,17.0
Rhode Island College,rhode-island-college,Providence,RI,USA,41.842415,-71.46556,https://www.ric.edu/,Public,4630,4630,81.09,1010,,10986,26519,13719,1200,46.18,73.66,10988,48.25,14.0
Delaware State University,delaware-state-university,Dover,DE,USA,39.187173,-75.54053,https://www.desu.edu/,Public,4630,4630,61.67,984,,10314,20250,13634,1500,38.66,72.31,15745,48.5,18.0
Texas A & M University-Kingsville,texas-a-m-university-kingsville,Kingsville,TX,USA,27.525168,-97.882387,https://www.tamuk.edu/,Public,4622,4622,92.29,1030,19,9892,26106,10823,1190,45.59,66.98,10204,46.48,16.0
Mercer University,mercer-university,Macon,GA,USA,32.829134,-83.649392,https://www.mercer.edu/,Private Non-Profit,4620,4620,66.46,1280,30,40890,40890,14528,1200,73.39,82.72,,61.0,13.0
East Stroudsburg University of Pennsylvania,east-stroudsburg-university-of-pennsylvania,East Stroudsburg,PA,USA,40.99599,-75.173905,https://www.esu.edu/,Public,4611,4611,92.88,1078,23,11036,19002,11154,1000,43.83,70.98,15089,57.7,20.0
The University of Tennessee-Martin,the-university-of-tennessee-martin,Martin,TN,USA,36.340338,-88.864211,https://www.utm.edu/,Public,4600,4600,87.32,1090,22,10208,16248,7280,1500,54.83,73.39,10299,33.38,15.0
Universidad Ana G. Mendez-Cupey Campus,universidad-ana-g-mendez-cupey-campus,San Juan,PR,USA,18.387183,-66.061647,https://uagm.edu/,Private Non-Profit,4579,4579,,,,6920,6920,,2000,31.11,70.37,,35.96,21.0
University of Florida-Online,university-of-florida-online,Gainesville,FL,USA,29.649413,-82.339848,https://www.ufonline.ufl.edu/,Public,4577,4577,64.38,1331,29,3876,16579,,1050,77.66,93.5,4702,12.81,51.0
Massachusetts Institute of Technology,massachusetts-institute-of-technology,Cambridge,MA,USA,42.359243,-71.093226,https://web.mit.edu/,Private Non-Profit,4571,4571,4.74,1553,,60156,60156,19390,880,96.08,99.03,,6.57,3.0
Rice University,rice-university,Houston,TX,USA,29.717897,-95.402035,https://www.rice.edu/,Private Non-Profit,4562,4562,7.88,1553,35,58128,58128,15900,1400,95.69,97.58,,6.25,6.0
Northwest Missouri State University,northwest-missouri-state-university,Maryville,MO,USA,40.351692,-94.883339,https://www.nwmissouri.edu/,Public,4550,4550,85.91,1090,22,10181,16623,11788,400,57.5,74.26,14824,46.83,19.0
University of the Incarnate Word,university-of-the-incarnate-word,San Antonio,TX,USA,29.46708,-98.46583,https://www.uiw.edu/,Private Non-Profit,4545,4545,93.36,1042,20,35660,35660,13746,250,51.84,72.38,,74.81,12.0
University of New Orleans,university-of-new-orleans,New Orleans,LA,USA,30.027704,-90.067142,https://new.uno.edu/,Public,4479,4479,66.77,1056,21,9172,14008,12174,1300,42.51,70.21,11147,28.19,18.0
United States Naval Academy,united-states-naval-academy,Annapolis,MD,USA,38.980507,-76.481692,https://www.usna.edu/,Public,4465,4465,9.36,1308,29,,,,,91.85,96.14,,,8.0
CUNY York College,cuny-york-college,Jamaica,NY,USA,40.701576,-73.796313,https://www.york.cuny.edu/,Public,4439,4439,59.42,1100,,7358,15308,,1500,30.27,59.54,4734,6.19,13.0
United States Military Academy,united-states-military-academy,West  Point,NY,USA,41.388988,-73.956772,https://www.westpoint.edu/,Public,4439,4439,13.98,1355,31,,,,,85.41,95.57,,,7.0
Suffolk University,suffolk-university,Boston,MA,USA,42.357945,-71.060917,https://www.suffolk.edu/,Private Non-Profit,4434,4434,84.74,1197,26,45380,45380,19562,1200,59.85,75.52,,55.97,15.0
Dalton State College,dalton-state-college,Dalton,GA,USA,34.774221,-85.002775,https://www.daltonstate.edu/index.cms,Public,4419,4419,,,,3283,10189,10128,1743,29.59,59.51,4694,14.97,20.0
Louisiana State University-Alexandria,louisiana-state-university-alexandria,Alexandria,LA,USA,31.178616,-92.414409,https://www.lsua.edu/,Public,4414,4414,92.63,1048,20,7050,14650,9598,1200,35.52,67.83,8365,38.56,14.0
Christopher Newport University,christopher-newport-university,Newport News,VA,USA,37.062495,-76.494364,https://cnu.edu/,Public,4402,4402,87.96,1207,27,16351,30988,12360,1516,75.08,82.77,22197,36.48,13.0
Eastern Illinois University,eastern-illinois-university,Charleston,IL,USA,39.479843,-88.175658,https://www.eiu.edu/,Public,4398,4398,67.75,1010,20,13403,15879,11298,150,45.17,70.03,14093,34.95,15.0
Clayton  State University,clayton-state-university,Morrow,GA,USA,33.594079,-84.328174,https://www.clayton.edu/,Public,4390,4390,70.59,973,,5068,15790,11104,1822,35.39,73.21,10145,40.11,17.0
Universidad Ana G. Mendez-Carolina Campus,universidad-ana-g-mendez-carolina-campus,Carolina,PR,USA,18.414805,-65.983869,https://uagm.edu/,Private Non-Profit,4383,4383,,,,6920,6920,,2000,36.41,69.91,,30.1,23.0
Butler University,butler-university,Indianapolis,IN,USA,39.8374,-86.172167,https://www.butler.edu/,Private Non-Profit,4383,4383,85.87,1282,28,45980,45980,15870,1300,80.15,88.07,,41.99,11.0
Dartmouth College,dartmouth-college,Hanover,NH,USA,43.704115,-72.289949,https://www.dartmouth.edu/,Private Non-Profit,4367,4367,6.23,1533,34,65739,65739,19009,1005,96.04,97.78,,11.98,7.0
Ithaca College,ithaca-college,Ithaca,NY,USA,42.422154,-76.494136,https://www.ithaca.edu/,Private Non-Profit,4350,4350,69.94,1285,,50510,50510,16030,850,74.11,83.35,,64.15,10.0
Bentley University,bentley-university,Waltham,MA,USA,42.385995,-71.222839,https://www.bentley.edu/,Private Non-Profit,4288,4288,48.44,1340,30,58150,58150,19200,1300,88.21,92.9,,42.68,12.0
Salem State University,salem-state-university,Salem,MA,USA,42.503575,-70.890234,https://www.salemstate.edu/,Public,4286,4286,95.57,1090,,11978,18961,16378,1200,54.99,73.66,18441,56.75,11.0
Regent University,regent-university,Virginia Beach,VA,USA,36.801173,-76.194627,https://www.regent.edu/,Private Non-Profit,4282,4282,41.18,1169,26,20686,20686,7658,1000,54.09,66.27,,57.4,20.0
University of Southern Maine,university-of-southern-maine,Portland,ME,USA,43.662863,-70.274247,https://usm.maine.edu/,Public,4245,4245,79.31,1130,22,10920,27104,11650,1000,46.34,75.58,11729,34.06,14.0
Winston-Salem State University,winston-salem-state-university,Winston-Salem,NC,USA,36.089554,-80.225033,https://www.wssu.edu/,Public,4244,4244,68.55,946,17,6735,17391,11484,1690,48.55,74.79,13393,62.31,16.0
Creighton University,creighton-university,Omaha,NE,USA,41.265361,-95.947811,https://www.creighton.edu/,Private Non-Profit,4231,4231,72.31,1296,28,47000,47000,12790,1200,80.52,92.18,,44.55,10.0
Shippensburg University of Pennsylvania,shippensburg-university-of-pennsylvania,Shippensburg,PA,USA,40.057933,-77.522335,https://www.ship.edu/,Public,4179,4179,85.55,1090,,13544,15798,12952,1200,51.61,76.14,23553,59.87,18.0
Providence College,providence-college,Providence,RI,USA,41.842742,-71.437446,https://www.providence.edu/,Private Non-Profit,4170,4170,48.72,1342,29,60848,60848,17150,1150,87.85,91.16,,55.11,11.0
Pittsburg State University,pittsburg-state-university,Pittsburg,KS,USA,37.392071,-94.702473,https://www.pittstate.edu/,Public,4162,4162,88.17,1090,21,8008,19692,9398,1200,57.58,77.84,18889,44.51,15.0
University of Michigan-Flint,university-of-michigan-flint,Flint,MI,USA,43.01875,-83.690276,https://www.umflint.edu/,Public,4157,4157,68.83,1104,25,14014,31274,13456,700,44.56,76.03,12280,42.0,14.0
Pennsylvania State University-Penn State Harrisburg,pennsylvania-state-university-penn-state-harrisburg,Middletown,PA,USA,40.204253,-76.741216,https://harrisburg.psu.edu/,Public,4154,4154,96.39,1218,,15944,26668,15870,1840,29.26,81.53,23478,43.29,15.0
University of Wisconsin-River Falls,university-of-wisconsin-river-falls,River Falls,WI,USA,44.8534,-92.622641,https://www.uwrf.edu/,Public,4152,4152,81.62,1120,22,8606,16887,7658,440,60.88,72.82,14714,44.91,17.0
Emerson College,emerson-college,Boston,MA,USA,42.352202,-71.065384,https://www.emerson.edu/,Private Non-Profit,4145,4145,47.48,1359,30,55392,55392,20310,1200,79.27,87.82,,46.62,14.0
Grambling State University,grambling-state-university,Grambling,LA,USA,32.523797,-92.713245,https://www.gram.edu/,Public,4144,4144,23.68,955,17,7683,16706,10990,1800,32.34,76.19,19125,77.09,25.0
University of Arkansas-Fort Smith,university-of-arkansas-fort-smith,Fort Smith,AR,USA,35.384184,-94.373729,https://uafs.edu/,Public,4133,4133,81.47,1050,,6906,13770,9799,1368,36.96,71.63,10097,28.17,20.0
University of Nebraska at Kearney,university-of-nebraska-at-kearney,Kearney,NE,USA,40.701452,-99.098699,https://www.unk.edu/,Public,4130,4130,85.79,1089,22,8302,14260,11936,770,59.75,76.6,16488,37.13,13.0
United States Air Force Academy,united-states-air-force-academy,USAF Academy,CO,USA,39.010957,-104.891358,https://www.usafa.edu/,Public,4124,4124,13.93,1362,32,,,,,88.14,95.51,,,7.0
The University of Texas Permian Basin,the-university-of-texas-permian-basin,Odessa,TX,USA,31.889509,-102.329634,https://www.utpb.edu/,Public,4122,4122,84.46,1031,20,10904,23212,12780,1684,42.98,61.36,9144,29.83,20.0
Seattle University,seattle-university,Seattle,WA,USA,47.608859,-122.318851,https://www.seattleu.edu/,Private Non-Profit,4117,4117,76.05,1266,28,54285,54285,14748,762,73.31,84.6,,46.1,10.0
National Louis University,national-louis-university,Chicago,IL,USA,41.880093,-87.624699,https://www.nl.edu/,Private Non-Profit,4100,4100,93.12,,,12345,12345,,0,36.87,56.43,,47.09,17.0
Washburn University,washburn-university,Topeka,KS,USA,39.033778,-95.702222,https://www.washburn.edu/,Public,4093,4093,,,,9578,20582,10759,970,52.63,69.24,13046,34.67,13.0
Stevens Institute of Technology,stevens-institute-of-technology,Hoboken,NJ,USA,40.744776,-74.025334,https://www.stevens.edu/,Private Non-Profit,4084,4084,43.44,1447,33,60952,60952,18650,1200,89.88,94.45,,54.96,10.0
New Jersey City University,new-jersey-city-university,Jersey City,NJ,USA,40.709937,-74.08727,https://www.njcu.edu/,Public,4076,4076,89.18,,,13971,24888,16274,1236,38.74,66.58,11732,32.36,14.0
Merrimack College,merrimack-college,North Andover,MA,USA,42.668344,-71.124216,https://www.merrimack.edu/,Private Non-Profit,4043,4043,73.61,,,51786,51786,19995,1000,72.13,84.26,,61.08,14.0
Midwestern State University,midwestern-state-university,Wichita Falls,TX,USA,33.874809,-98.519386,https://www.msutexas.edu/,Public,4043,4043,87.38,,,10310,12260,10240,600,41.28,63.0,11882,42.09,16.0
Universidad del Sagrado Corazon,universidad-del-sagrado-corazon,Santurce,PR,USA,18.441166,-66.059617,https://www.sagrado.edu/,Private Non-Profit,4042,4042,53.41,,,6360,6360,9200,2500,43.6,79.09,,21.92,21.0
University of Hartford,university-of-hartford,West Hartford,CT,USA,41.798591,-72.715213,https://www.hartford.edu/,Private Non-Profit,4032,4032,83.01,1207,26,47647,47647,13945,1460,58.28,78.85,,64.42,11.0
University of Alaska Fairbanks,university-of-alaska-fairbanks,Fairbanks,AK,USA,64.85756,-147.823146,https://www.uaf.edu/,Public,4027,4027,,,22,8640,22752,10450,2000,31.97,72.1,9634,17.65,12.0
Aurora University,aurora-university,Aurora,IL,USA,41.753631,-88.349023,https://aurora.edu/,Private Non-Profit,4021,4021,85.14,1072,22,28220,28220,13240,1200,58.32,77.84,,48.84,18.0
University of South Carolina-Upstate,university-of-south-carolina-upstate,Spartanburg,SC,USA,34.996403,-81.970583,https://www.uscupstate.edu/,Public,4008,4008,69.61,1082,21,11583,22545,10040,1600,42.42,69.34,13725,53.11,15.0
Touro University,touro-university,New York,NY,USA,40.757267,-73.980813,https://www.touro.edu/,Private Non-Profit,4004,4004,63.01,1365,,21810,21810,15920,1200,64.96,85.95,,26.52,10.0
University of Washington-Tacoma Campus,university-of-washington-tacoma-campus,Tacoma,WA,USA,47.244594,-122.438541,https://www.tacoma.uw.edu/,Public,3989,3989,82.95,,,12817,42171,15948,900,62.26,77.68,10017,29.68,15.0
Loyola University Maryland,loyola-university-maryland,Baltimore,MD,USA,39.346358,-76.621872,https://www.loyola.edu/,Private Non-Profit,3975,3975,76.33,1292,,55480,55480,18240,800,80.49,85.89,,52.71,12.0
Worcester State University,worcester-state-university,Worcester,MA,USA,42.267526,-71.844018,https://www.worcester.edu/,Public,3963,3963,89.86,1145,24,11286,17366,12999,1368,55.51,76.52,14738,47.63,15.0
Roger Williams University,roger-williams-university,Bristol,RI,USA,41.650214,-71.260374,https://www.rwu.edu/,Private Non-Profit,3957,3957,87.78,1228,,42666,42666,16690,900,66.61,78.71,,58.66,12.0
SUNY Old Westbury,suny-old-westbury,Old Westbury,NY,USA,40.799021,-73.571907,https://www.oldwestbury.edu/,Public,3945,3945,84.58,,,8379,18289,13440,2500,46.59,73.52,9900,29.66,17.0
Johnson & Wales University-Providence,johnson-wales-university-providence,Providence,RI,USA,41.819956,-71.41277,https://www.jwu.edu/campuses/providence/,Private Non-Profit,3913,3913,83.7,1107,,40408,40408,18776,1200,54.88,76.34,,73.52,13.0
Northeastern Illinois University,northeastern-illinois-university,Chicago,IL,USA,41.980399,-87.718983,https://www.neiu.edu/,Public,3869,3869,70.4,,,12383,22726,10742,2400,16.79,61.04,13550,21.68,12.0
Bradley University,bradley-university,Peoria,IL,USA,40.696896,-89.616786,https://www.bradley.edu/,Private Non-Profit,3865,3865,76.66,1237,27,39680,39680,12850,1200,72.14,84.46,,63.58,11.0
SUNY College at Geneseo,suny-college-at-geneseo,Geneseo,NY,USA,42.796645,-77.821894,https://www.geneseo.edu/,Public,3855,3855,63.53,1296,28,8966,19206,15380,1000,72.09,83.83,18021,49.11,15.0
Monmouth University,monmouth-university,West Long Branch,NJ,USA,40.280066,-74.006447,https://www.monmouth.edu/,Private Non-Profit,3831,3831,89.54,1204,24,44850,44850,17738,1000,70.33,81.47,,61.06,12.0
Samford University,samford-university,Birmingham,AL,USA,33.464128,-86.791799,https://www.samford.edu/,Private Non-Profit,3828,3828,82.23,1203,26,38144,38144,12160,1200,79.88,87.65,,28.7,14.0
Pontifical Catholic University of Puerto Rico-Ponce,pontifical-catholic-university-of-puerto-rico-ponce,Ponce,PR,USA,18.00165,-66.617138,https://www.pucpr.edu/,Private Non-Profit,3827,3827,90.33,1285,,6340,6340,6663,3512,47.94,78.93,,31.63,22.0
Rutgers University-Camden,rutgers-university-camden,Camden,NJ,USA,39.948064,-75.12224,https://camden.rutgers.edu/,Public,3819,3819,77.75,1118,21,17079,35841,13389,1391,66.45,81.87,18803,48.63,12.0
Bucknell University,bucknell-university,Lewisburg,PA,USA,40.954317,-76.882616,https://www.bucknell.edu/,Private Non-Profit,3818,3818,32.01,1389,31,64772,64772,16118,900,86.23,95.84,,34.13,9.0
Cedarville University,cedarville-university,Cedarville,OH,USA,39.749237,-83.814692,https://www.cedarville.edu/,Private Non-Profit,3815,3815,62.82,1246,26,36078,36078,9094,1516,74.31,85.05,,37.33,15.0
Indiana University-South Bend,indiana-university-south-bend,South Bend,IN,USA,41.665324,-86.221991,https://iusb.edu/,Public,3807,3807,85.99,1072,21,8179,22043,11216,644,35.74,66.82,8364,36.5,14.0
Nevada State University,nevada-state-university,Henderson,NV,USA,35.982345,-114.938044,https://nsc.edu/,Public,3791,3791,86.15,,,6368,20449,,1300,31.03,76.97,13208,13.77,19.0
Universidad Politecnica de Puerto Rico,universidad-politecnica-de-puerto-rico,Hato Rey,PR,USA,18.422195,-66.056084,https://www.pupr.edu/,Private Non-Profit,3791,3791,,,,9810,9810,10635,2448,23.56,77.36,,34.05,17.0
SUNY College at Plattsburgh,suny-college-at-plattsburgh,Plattsburgh,NY,USA,44.69293,-73.466536,https://www.plattsburgh.edu/,Public,3789,3789,75.18,1180,26,8881,18791,16570,1320,58.84,71.21,16547,57.19,15.0
Pratt Institute-Main,pratt-institute-main,Brooklyn,NY,USA,40.691297,-73.96431,https://www.pratt.edu/,Private Non-Profit,3766,3766,53.17,1339,30,59683,59683,16710,2100,72.69,89.39,,34.18,9.0
Thomas Jefferson University,thomas-jefferson-university,Philadelphia,PA,USA,39.948274,-75.158266,https://www.jefferson.edu/,Private Non-Profit,3708,3708,86.14,1259,28,45683,45683,17246,1600,68.19,81.99,,84.96,13.0
Lewis University,lewis-university,Romeoville,IL,USA,41.605432,-88.079032,https://www.lewisu.edu/,Private Non-Profit,3665,3665,72.73,1117,23,37882,37882,12140,1500,62.56,83.64,,46.45,14.0
Brandeis University,brandeis-university,Waltham,MA,USA,42.365727,-71.260155,https://www.brandeis.edu/,Private Non-Profit,3663,3663,35.31,1473,33,64946,64946,19096,1000,86.11,90.26,,28.34,11.0
Wentworth Institute of Technology,wentworth-institute-of-technology,Boston,MA,USA,42.336632,-71.094983,https://wit.edu/,Private Non-Profit,3641,3641,85.37,1226,28,41010,41010,18670,1500,68.63,86.27,,51.87,16.0
Spelman College,spelman-college,Atlanta,GA,USA,33.745279,-84.411527,https://www.spelman.edu/,Private Non-Profit,3633,3633,34.09,1184,,30058,30058,16293,1500,76.1,93.76,,57.7,11.0
Pepperdine University,pepperdine-university,Malibu,CA,USA,34.037786,-118.707077,https://www.pepperdine.edu/,Private Non-Profit,3629,3629,49.85,1367,28,66742,66742,23270,1000,84.67,85.96,,38.42,13.0
University of Scranton,university-of-scranton,Scranton,PA,USA,41.406556,-75.656915,https://www.scranton.edu/,Private Non-Profit,3589,3589,84.35,1237,26,52309,52309,16918,1300,80.8,87.34,,64.93,13.0
Vermont State University,vermont-state-university,Randolph,VT,USA,43.939623,-72.604498,https://vermontstate.edu/,Public,3567,3567,83.23,,,11400,21408,12898,1000,48.94,66.81,20865,55.28,9.0
Beth Medrash Govoha,beth-medrash-govoha,Lakewood,NJ,USA,40.095672,-74.221328,https://yeshivanotices.org/,Private Non-Profit,3532,3532,,,,,,,,,,,0.0,20.0
University of Mary Washington,university-of-mary-washington,Fredericksburg,VA,USA,38.302492,-77.476055,https://www.umw.edu/,Public,3504,3504,86.26,1241,29,14559,31479,14040,1200,67.38,81.97,21108,30.75,13.0
Clark Atlanta University,clark-atlanta-university,Atlanta,GA,USA,33.747628,-84.412584,https://www.cau.edu/,Private Non-Profit,3482,3482,64.63,,19,26446,26446,12018,1900,47.8,69.2,,87.86,16.0
Westfield State University,westfield-state-university,Westfield,MA,USA,42.132698,-72.796503,https://www.westfield.ma.edu/,Public,3481,3481,80.74,,20,11882,17962,13510,1140,54.86,70.71,18561,54.54,15.0
MCPHS University,mcphs-university,Boston,MA,USA,42.336825,-71.101244,https://www.mcphs.edu/,Private Non-Profit,3474,3474,85.21,1216,27,38850,38850,23988,948,63.32,78.65,,65.84,10.0
Southwestern Oklahoma State University,southwestern-oklahoma-state-university,Weatherford,OK,USA,35.535281,-98.707768,https://www.swosu.edu/,Public,3469,3469,100.0,1050,20,8295,8325,7410,1218,34.71,69.68,14542,65.35,19.0
Inter American University of Puerto Rico-Bayamon,inter-american-university-of-puerto-rico-bayamon,Bayamon,PR,USA,18.351631,-66.182473,https://bayamon.inter.edu/,Private Non-Profit,3453,3453,36.42,,,5580,5580,7492,2460,33.01,71.49,,14.39,28.0
Siena College,siena-college,Loudonville,NY,USA,42.717602,-73.7526,https://www.siena.edu/,Private Non-Profit,3447,3447,70.57,1238,,44405,44405,16700,1293,75.84,84.34,,66.92,13.0
Western Connecticut State University,western-connecticut-state-university,Danbury,CT,USA,41.400365,-73.444264,https://www.wcsu.edu/,Public,3434,3434,81.36,1044,,12763,16095,15131,1300,50.25,70.03,18617,49.8,11.0
Winthrop University,winthrop-university,Rock Hill,SC,USA,34.941515,-81.031404,https://www.winthrop.edu/,Public,3424,3424,75.06,1132,23,15956,30286,10488,1200,61.22,72.84,16353,55.36,12.0
Central State University,central-state-university,Wilberforce,OH,USA,39.715787,-83.880186,https://www.centralstate.edu/,Public,3412,3412,46.0,,16,7824,9824,11390,1200,25.57,51.19,16544,28.78,17.0
CUNY Medgar Evers College,cuny-medgar-evers-college,Brooklyn,NY,USA,40.666256,-73.957076,https://www.mec.cuny.edu/,Public,3404,3404,83.39,980,,7352,15302,,1500,22.29,52.2,5881,12.17,14.0
Biola University,biola-university,La Mirada,CA,USA,33.906203,-118.014374,https://www.biola.edu/,Private Non-Profit,3390,3390,60.08,1258,26,46704,46704,11234,1200,68.81,85.26,,44.67,14.0
Lander University,lander-university,Greenwood,SC,USA,34.199892,-82.164736,https://www.lander.edu/,Public,3384,3384,67.92,1057,21,11700,21300,10700,1200,48.76,68.62,14501,53.14,17.0
Eastern Connecticut State University,eastern-connecticut-state-university,Willimantic,CT,USA,41.721673,-72.218753,https://www.easternct.edu/,Public,3377,3377,80.55,1200,,13292,16624,17258,800,58.14,84.23,20480,50.48,15.0
St. Joseph's University-New York,st-josephs-university-new-york,Brooklyn,NY,USA,40.690418,-73.967664,https://www.sjny.edu/,Private Non-Profit,3343,3343,71.4,1170,26,34535,34535,,1000,64.21,79.12,,53.21,12.0
University of La Verne,university-of-la-verne,La Verne,CA,USA,34.100855,-117.773262,https://www.laverne.edu/,Private Non-Profit,3341,3341,48.48,1116,21,47000,47000,15180,1152,65.45,76.34,,57.33,11.0
Harding University,harding-university,Searcy,AR,USA,35.247386,-91.726143,https://www.harding.edu/,Private Non-Profit,3323,3323,100.0,1187,24,24888,24888,9940,512,70.94,86.63,,39.51,16.0
Oral Roberts University,oral-roberts-university,Tulsa,OK,USA,36.049129,-95.952547,https://oru.edu/,Private Non-Profit,3322,3322,98.6,1183,23,34100,34100,9400,1920,53.9,81.43,,46.19,17.0
Alabama State University,alabama-state-university,Montgomery,AL,USA,32.364317,-86.295677,https://www.alasu.edu/,Public,3322,3322,95.64,977,18,11248,19576,7690,1600,30.18,60.45,13889,77.76,16.0
New York Institute of Technology,new-york-institute-of-technology,Old Westbury,NY,USA,40.812447,-73.6078,https://www.nyit.edu/,Private Non-Profit,3320,3320,78.08,1290,28,44360,44360,21836,1500,56.04,78.78,,45.61,13.0
Plymouth State University,plymouth-state-university,Plymouth,NH,USA,43.759573,-71.690164,https://www.plymouth.edu/,Public,3298,3298,91.03,,,14558,25498,12104,1410,47.43,71.3,19685,72.91,15.0
Hope College,hope-college,Holland,MI,USA,42.787247,-86.100971,https://www.hope.edu/,Private Non-Profit,3274,3274,75.85,1237,28,40420,40420,12180,1150,82.26,90.25,,46.32,11.0
Hampton University,hampton-university,Hampton,VA,USA,37.019944,-76.339161,https://www.hamptonu.edu/,Private Non-Profit,3254,3254,48.27,1062,,29162,29162,12986,1100,55.67,84.78,,56.36,15.0
University of the Pacific,university-of-the-pacific,Stockton,CA,USA,37.981424,-121.312301,https://www.pacific.edu/,Private Non-Profit,3247,3247,94.86,1303,28,55340,55340,16688,938,67.82,88.56,,42.74,14.0
Embry-Riddle Aeronautical University-Prescott,embry-riddle-aeronautical-university-prescott,Prescott,AZ,USA,34.616766,-112.449741,https://prescott.erau.edu/,Private Non-Profit,3245,3245,75.19,1256,26,42204,42204,14102,1400,69.76,83.82,,34.39,17.0
Bryant University,bryant-university,Smithfield,RI,USA,41.920092,-71.539547,https://www.bryant.edu/,Private Non-Profit,3236,3236,65.65,1263,28,51169,51169,16938,1400,80.61,86.92,,50.61,13.0
Florida Institute of Technology,florida-institute-of-technology,Melbourne,FL,USA,28.065773,-80.623123,https://www.fit.edu/,Private Non-Profit,3235,3235,62.53,1213,27,44360,44360,14340,1200,65.45,77.04,,39.8,13.0
Barnard College,barnard-college,New York,NY,USA,40.810098,-73.963346,https://www.barnard.edu/,Private Non-Profit,3219,3219,7.96,1500,33,66246,66246,20582,1150,92.94,96.7,,37.45,10.0
Abraham Baldwin Agricultural College,abraham-baldwin-agricultural-college,Tifton,GA,USA,31.481889,-83.528281,https://www.abac.edu/,Public,3218,3218,77.16,994,19,3195,10101,9270,1000,29.12,69.23,6061,26.77,23.0
Davenport University,davenport-university,Grand Rapids,MI,USA,42.850013,-85.533519,https://www.davenport.edu/,Private Non-Profit,3213,3213,97.05,,,23324,23324,11366,904,49.52,73.67,,47.6,18.0
Western Oregon University,western-oregon-university,Monmouth,OR,USA,44.852235,-123.238309,https://wou.edu/,Public,3211,3211,98.69,1057,,11025,30735,11610,1125,44.83,76.35,18290,73.64,13.0
University of Arkansas Grantham,university-of-arkansas-grantham,LIttle Rock,AR,USA,34.775996,-92.343582,https://www.uagrantham.edu/,Public,3202,3202,,,,8280,8280,,0,24.3,23.68,9325,63.66,20.0
Rider University,rider-university,Lawrenceville,NJ,USA,40.278796,-74.737833,https://www.rider.edu/,Private Non-Profit,3192,3192,79.4,1219,30,38900,38900,16730,1500,63.32,81.64,,59.88,12.0
York College of Pennsylvania,york-college-of-pennsylvania,York,PA,USA,39.94614,-76.727984,https://www.ycp.edu/,Private Non-Profit,3187,3187,94.2,1135,25,24606,24606,12780,1200,59.74,77.28,,59.7,13.0
Eastern New Mexico University-Main Campus,eastern-new-mexico-university-main-campus,Portales,NM,USA,34.175592,-103.34819,https://www.enmu.edu/,Public,3186,3186,54.92,965,19,6863,8843,8446,950,39.81,61.92,6199,19.65,17.0
Molloy College,molloy-college,Rockville Centre,NY,USA,40.685941,-73.626183,https://www.molloy.edu/,Private Non-Profit,3185,3185,75.64,1193,29,37840,37840,17760,1000,71.76,81.14,,61.42,10.0
Pennsylvania State University-Penn State Erie-Behrend College,pennsylvania-state-university-penn-state-erie-behrend-college,Erie,PA,USA,42.119417,-79.983818,https://behrend.psu.edu/,Public,3172,3172,95.71,1213,,15944,26668,14774,1840,45.7,82.3,22951,56.71,12.0
University of Indianapolis,university-of-indianapolis,Indianapolis,IN,USA,39.709571,-86.133969,https://uindy.edu/,Private Non-Profit,3147,3147,72.76,,,36136,36136,15878,1068,55.81,68.16,,47.35,12.0
Point Loma Nazarene University,point-loma-nazarene-university,San Diego,CA,USA,32.718391,-117.250265,https://www.pointloma.edu/,Private Non-Profit,3132,3132,81.76,1278,26,43550,43550,12850,938,73.79,86.07,,49.81,13.0
Abilene Christian University,abilene-christian-university,Abilene,TX,USA,32.468943,-99.709797,https://www.acu.edu/,Private Non-Profit,3129,3129,63.88,1189,25,42380,42380,12500,1250,60.21,79.53,,42.23,13.0
Colgate University,colgate-university,Hamilton,NY,USA,42.819475,-75.536346,https://www.colgate.edu/,Private Non-Profit,3122,3122,11.95,1480,33,67024,67024,16790,1524,90.53,92.85,,12.17,9.0
Minnesota State University Moorhead,minnesota-state-university-moorhead,Moorhead,MN,USA,46.867153,-96.759532,https://www.mnstate.edu/,Public,3120,3120,52.62,1090,22,10336,10336,10594,1000,54.64,72.44,17816,51.92,17.0
Bemidji State University,bemidji-state-university,Bemidji,MN,USA,47.482341,-94.874119,https://www.bemidjistate.edu/,Public,3120,3120,70.66,1090,22,10164,10164,10041,890,53.4,78.2,17050,44.78,16.0
SUNY at Purchase College,suny-at-purchase-college,Purchase,NY,USA,41.047223,-73.701955,https://www.purchase.edu/,Public,3110,3110,72.83,1277,29,8953,18863,15400,1240,61.56,79.09,19067,44.25,11.0
University of Portland,university-of-portland,Portland,OR,USA,45.572724,-122.726691,https://www.up.edu/,Private Non-Profit,3104,3104,95.39,1277,29,54900,54900,16600,810,80.42,83.0,,39.98,9.0
Endicott College,endicott-college,Beverly,MA,USA,42.553296,-70.840847,https://www.endicott.edu/,Private Non-Profit,3101,3101,72.29,1263,,39212,39212,17372,1304,75.43,87.64,,64.64,13.0
Missouri Southern State University,missouri-southern-state-university,Joplin,MO,USA,37.095155,-94.461689,https://www.mssu.edu/,Public,3101,3101,97.44,1090,21,8400,16800,7172,1020,38.33,69.64,11653,34.53,16.0
Indiana University-Southeast,indiana-university-southeast,New Albany,IN,USA,38.345191,-85.819985,https://ius.edu/,Public,3088,3088,83.12,1097,23,8179,22043,11654,644,33.41,69.79,8257,31.89,13.0
University of the District of Columbia,university-of-the-district-of-columbia,Washington,DC,USA,38.943819,-77.066247,https://www.udc.edu/,Public,3080,3080,,,,6152,13004,,1149,26.26,66.67,14693,26.23,6.0
Pennsylvania State University-Penn State Abington,pennsylvania-state-university-penn-state-abington,Abington,PA,USA,40.117101,-75.110724,https://www.abington.psu.edu/,Public,3074,3074,92.03,1179,,15240,25388,11912,1840,22.22,77.08,17818,48.41,14.0
Fort Lewis College,fort-lewis-college,Durango,CO,USA,37.275939,-107.867422,https://fortlewis.edu/,Public,3070,3070,93.2,1084,20,9670,20798,13390,1240,43.15,62.61,17339,29.14,14.0
CUNY Graduate School and University Center,cuny-graduate-school-and-university-center,New York,NY,USA,40.748612,-73.983822,https://www.gc.cuny.edu/,Public,3067,3067,38.61,,,7410,15360,,1500,,,,15.07,12.0
The Catholic University of America,the-catholic-university-of-america,Washington,DC,USA,38.933651,-76.997909,https://www.catholic.edu/,Private Non-Profit,3063,3063,83.84,,,55834,55834,17370,1180,81.33,83.49,,48.46,11.0
St Olaf College,st-olaf-college,Northfield,MN,USA,44.461529,-93.182039,https://wp.stolaf.edu/,Private Non-Profit,3049,3049,52.15,1373,31,56970,56970,13000,1000,83.5,90.54,,43.6,12.0
Wayne State College,wayne-state-college,Wayne,NE,USA,42.241556,-97.015122,https://www.wsc.edu/,Public,3041,3041,,,,7970,7970,9624,1488,55.7,72.97,15108,37.51,19.0
Southeastern Oklahoma State University,southeastern-oklahoma-state-university,Durant,OK,USA,34.006808,-96.376864,https://www.se.edu/,Public,3031,3031,80.34,1084,20,7200,16410,7760,1200,33.33,70.7,6352,34.43,22.0
Saint Xavier University,saint-xavier-university,Chicago,IL,USA,41.707199,-87.714749,https://www.sxu.edu/,Private Non-Profit,3030,3030,85.75,,,36840,36840,12480,1200,59.0,74.39,,86.62,15.0
Colorado State University Pueblo,colorado-state-university-pueblo,Pueblo,CO,USA,38.30859,-104.579033,https://www.csupueblo.edu/,Public,3028,3028,99.84,1005,22,9401,17242,11596,1460,37.98,65.01,12948,25.0,16.0
Stevenson University,stevenson-university,Owings Mills,MD,USA,39.426413,-76.775809,https://www.stevenson.edu/,Private Non-Profit,3027,3027,83.2,,,39708,39708,14978,2000,66.42,77.79,,47.0,15.0
Baker College,baker-college,Owosso,MI,USA,42.984804,-84.172404,https://www.baker.edu/,Private Non-Profit,3026,3026,87.5,1080,,12810,12810,7600,1000,31.33,71.93,,48.31,8.0
Lipscomb University,lipscomb-university,Nashville,TN,USA,36.106253,-86.799791,https://www.lipscomb.edu/,Private Non-Profit,3021,3021,66.64,1248,26,38824,38824,14804,1650,68.7,85.92,,33.44,13.0
College of the Holy Cross,college-of-the-holy-cross,Worcester,MA,USA,42.23752,-71.808214,https://www.holycross.edu/,Private Non-Profit,3015,3015,21.1,1354,30,60850,60850,17750,1000,89.61,93.02,,40.19,9.0
Inter American University of Puerto Rico-Aguadilla,inter-american-university-of-puerto-rico-aguadilla,Aguadilla,PR,USA,18.467886,-67.121671,https://aguadilla.inter.edu/,Private Non-Profit,3002,3002,46.74,,,5542,5542,,2460,38.71,74.57,,11.66,27.0
University of Richmond,university-of-richmond,University of Richmond,VA,USA,37.577393,-77.538806,https://www.richmond.edu/,Private Non-Profit,3002,3002,23.31,1474,,62600,62600,16210,1000,87.84,93.18,,33.35,7.0
Loyola University New Orleans,loyola-university-new-orleans,New Orleans,LA,USA,29.936141,-90.120417,https://www.loyno.edu/,Private Non-Profit,2999,2999,87.72,,,47240,47240,15000,1300,67.42,77.37,,53.75,13.0
Azusa Pacific University,azusa-pacific-university,Azusa,CA,USA,34.130047,-117.888375,https://www.apu.edu/,Private Non-Profit,2977,2977,79.48,1155,22,43600,43600,9724,938,64.42,83.73,,46.48,10.0
Wesleyan University,wesleyan-university,Middletown,CT,USA,41.554665,-72.657146,https://www.wesleyan.edu/,Private Non-Profit,2973,2973,17.1,1513,33,67316,67316,19034,1200,91.57,95.42,,18.18,7.0
University of Puerto Rico-Bayamon,university-of-puerto-rico-bayamon,Bayamon,PR,USA,18.371398,-66.143541,https://www.uprb.edu/,Public,2967,2967,92.45,,,6284,6284,,2168,31.41,78.46,9657,4.43,21.0
University of Mary Hardin-Baylor,university-of-mary-hardin-baylor,Belton,TX,USA,31.066793,-97.463471,https://go.umhb.edu/,Private Non-Profit,2959,2959,95.12,1098,22,33150,33150,10720,1300,53.4,67.88,,62.76,17.0
Longwood University,longwood-university,Farmville,VA,USA,37.297975,-78.396987,https://www.longwood.edu/,Public,2957,2957,84.8,1117,20,15200,27410,15887,1240,61.6,77.75,20814,49.43,14.0
Elmhurst University,elmhurst-university,Elmhurst,IL,USA,41.897164,-87.945369,https://www.elmhurst.edu/,Private Non-Profit,2954,2954,75.74,1116,26,41628,41628,11858,1240,65.19,75.85,,50.84,14.0
University of Wisconsin-Parkside,university-of-wisconsin-parkside,Kenosha,WI,USA,42.647718,-87.855231,https://www.uwp.edu/,Public,2951,2951,72.62,1090,21,7855,16497,8286,590,39.82,71.26,10044,37.52,18.0
Oberlin College,oberlin-college,Oberlin,OH,USA,41.291992,-82.216795,https://www.oberlin.edu/,Private Non-Profit,2950,2950,32.98,1440,32,64646,64646,18942,1908,79.48,88.78,,32.92,9.0
Yeshiva University,yeshiva-university,New York,NY,USA,40.850605,-73.929873,https://www.yu.edu/,Private Non-Profit,2942,2942,63.75,1410,,49900,49900,15000,1250,83.67,92.83,,17.62,7.0
Manhattan College,manhattan-college,Riverdale,NY,USA,40.889756,-73.901893,https://www.manhattan.edu/,Private Non-Profit,2928,2928,78.49,1254,,50850,50850,18440,1200,65.97,77.48,,49.84,11.0
Calvin University,calvin-university,Grand Rapids,MI,USA,42.929916,-85.587548,https://www.calvin.edu/,Private Non-Profit,2921,2921,71.31,1205,27,38670,38670,11950,1300,77.36,88.49,,33.63,14.0
University of North Texas at Dallas,university-of-north-texas-at-dallas,Dallas,TX,USA,32.659588,-96.803446,https://untdallas.edu/,Public,2914,2914,93.86,916,18,9590,22189,9954,1500,43.79,70.42,8376,29.66,17.0
Oregon Institute of Technology,oregon-institute-of-technology,Klamath Falls,OR,USA,42.257152,-121.785177,https://www.oit.edu/,Public,2913,2913,91.67,1165,25,12687,35592,11604,1000,59.08,72.86,16391,25.66,14.0
Southern Oregon University,southern-oregon-university,Ashland,OR,USA,42.185077,-122.695081,https://www.sou.edu/,Public,2911,2911,82.66,,22,12093,30723,16248,999,44.18,67.57,16470,27.07,23.0
Champlain College,champlain-college,Burlington,VT,USA,44.473287,-73.202746,https://www.champlain.edu/,Private Non-Profit,2870,2870,66.72,1262,,45550,45550,16900,1000,63.01,76.66,,51.34,13.0
Robert Morris University,robert-morris-university,Moon Township,PA,USA,40.520415,-80.210468,https://www.rmu.edu/,Private Non-Profit,2866,2866,90.57,,,34940,34940,12930,1000,65.55,83.76,,46.3,14.0
Southern Arkansas University Main Campus,southern-arkansas-university-main-campus,Magnolia,AR,USA,33.291618,-93.235922,https://www.saumag.edu/,Public,2865,2865,66.59,1050,22,9820,15400,7601,1600,46.5,69.13,15944,66.68,16.0
SUNY at Fredonia,suny-at-fredonia,Fredonia,NY,USA,42.452236,-79.337375,https://www.fredonia.edu/,Public,2860,2860,79.2,1213,27,8771,19191,14830,1150,53.48,76.22,15644,66.06,11.0
Frostburg State University,frostburg-state-university,Frostburg,MD,USA,39.650918,-78.934293,https://www.frostburg.edu/,Public,2849,2849,89.44,,21,9998,25180,12502,1500,52.07,66.13,15323,37.79,13.0
Fitchburg State University,fitchburg-state-university,Fitchburg,MA,USA,42.588298,-71.789666,https://www.fitchburgstate.edu/,Public,2825,2825,89.94,1114,22,11046,17126,14225,1500,52.73,72.77,15432,49.97,11.0
Lynn University,lynn-university,Boca Raton,FL,USA,26.385985,-80.122806,https://www.lynn.edu/,Private Non-Profit,2820,2820,73.95,1136,23,42950,42950,13750,800,52.69,71.48,,35.56,16.0
Illinois Institute of Technology,illinois-institute-of-technology,Chicago,IL,USA,41.8313,-87.627321,https://www.iit.edu/,Private Non-Profit,2812,2812,55.42,1296,29,51763,51763,16528,1200,72.44,86.92,,32.61,17.0
Brigham Young University-Hawaii,brigham-young-university-hawaii,Laie,HI,USA,21.642074,-157.926586,https://www.byuh.edu/,Private Non-Profit,2812,2812,37.87,1104,24,6438,6438,9916,1310,54.39,67.01,,20.95,16.0
University of South Carolina Aiken,university-of-south-carolina-aiken,Aiken,SC,USA,33.572704,-81.767612,https://www.usca.edu/,Public,2805,2805,79.72,1063,20,10760,21218,8736,1240,40.11,64.42,11611,45.5,15.0
College of Coastal Georgia,college-of-coastal-georgia,Brunswick,GA,USA,31.181983,-81.486169,https://www.ccga.edu/,Public,2794,2794,98.51,1001,19,3483,10389,13086,1850,25.56,52.51,12905,31.09,20.0
University of North Carolina Asheville,university-of-north-carolina-asheville,Asheville,NC,USA,35.617068,-82.565392,https://unca.edu/,Public,2790,2790,93.89,1247,26,7461,24809,11018,1200,54.95,73.36,12865,39.02,11.0
Campbell University,campbell-university,Buies Creek,NC,USA,35.409149,-78.738238,https://www.campbell.edu/,Private Non-Profit,2790,2790,94.29,,22,40410,40410,15200,1384,55.86,74.59,,39.02,13.0
University of Puerto Rico-Arecibo,university-of-puerto-rico-arecibo,Arecibo,PR,USA,18.469199,-66.74114,https://www.upra.edu/,Public,2788,2788,62.26,,,5324,5324,,2168,50.68,78.75,11759,4.49,18.0
Concordia University-Saint Paul,concordia-university-saint-paul,Saint Paul,MN,USA,44.949759,-93.154861,https://www.csp.edu/,Private Non-Profit,2786,2786,74.87,,,25000,25000,10800,3000,58.78,67.34,,55.98,15.0
Middlebury College,middlebury-college,Middlebury,VT,USA,44.009117,-73.176068,https://www.middlebury.edu/college/,Private Non-Profit,2785,2785,10.37,1500,33,65280,65280,18600,1000,92.59,93.58,,22.79,9.0
SUNY College of Technology at Canton,suny-college-of-technology-at-canton,Canton,NY,USA,44.604096,-75.182906,https://www.canton.edu/,Public,2778,2778,96.34,,20,8689,13519,16700,1300,44.06,66.81,15001,60.95,17.0
Houston Christian University,houston-christian-university,Houston,TX,USA,29.693819,-95.515954,https://www.hc.edu/,Private Non-Profit,2777,2777,85.15,1092,25,38100,38100,10816,1000,49.8,69.15,,56.25,18.0
Franciscan University of Steubenville,franciscan-university-of-steubenville,Steubenville,OH,USA,40.376919,-80.620524,https://www.franciscan.edu/,Private Non-Profit,2775,2775,72.23,1218,25,32630,32630,9540,1200,77.09,87.87,,48.04,19.0
Baldwin Wallace University,baldwin-wallace-university,Berea,OH,USA,41.373017,-81.851145,https://www.bw.edu/,Private Non-Profit,2775,2775,76.85,1176,24,37938,37938,13180,1500,68.61,84.89,,79.23,9.0
Widener University,widener-university,Chester,PA,USA,39.861689,-75.355363,https://www.widener.edu/,Private Non-Profit,2765,2765,84.02,1170,,53638,53638,15530,1408,63.51,78.24,,73.46,11.0
School of the Art Institute of Chicago,school-of-the-art-institute-of-chicago,Chicago,IL,USA,41.88105,-87.625758,https://www.saic.edu/,Private Non-Profit,2762,2762,76.42,,,54530,54530,16100,2380,64.02,82.4,,36.98,10.0
Skidmore College,skidmore-college,Saratoga Springs,NY,USA,43.097035,-73.785335,https://www.skidmore.edu/,Private Non-Profit,2760,2760,22.92,1388,31,65030,65030,17340,1300,81.67,88.85,,34.37,8.0
University of Maine at Augusta,university-of-maine-at-augusta,Augusta,ME,USA,44.337746,-69.796396,https://www.uma.edu/,Public,2759,2759,,,,8618,21548,8700,1200,23.28,62.65,11353,28.47,15.0
South Carolina State University,south-carolina-state-university,Orangeburg,SC,USA,33.497968,-80.848722,https://scsu.edu/,Public,2757,2757,81.73,,17,11060,21750,9000,2000,29.41,58.75,18268,65.84,19.0
Lafayette College,lafayette-college,Easton,PA,USA,40.69956,-75.209786,https://www.lafayette.edu/,Private Non-Profit,2746,2746,31.47,1419,32,62574,62574,18640,1000,88.05,92.07,,21.14,10.0
Morehouse College,morehouse-college,Atlanta,GA,USA,33.745982,-84.414917,https://www.morehouse.edu/,Private Non-Profit,2736,2736,51.39,1050,23,31725,31725,14964,2000,52.67,85.84,,59.79,13.0
Iona University,iona-university,New Rochelle,NY,USA,40.925725,-73.788046,https://www.iona.edu/,Private Non-Profit,2731,2731,91.14,1167,26,45880,45880,18270,1000,57.44,79.98,,42.88,15.0
Saint Edward's University,saint-edwards-university,Austin,TX,USA,30.229618,-97.754998,https://www.stedwards.edu/,Private Non-Profit,2729,2729,83.69,1135,,51384,51384,14010,2308,64.18,77.97,,48.14,13.0
Uta Mesivta of Kiryas Joel,uta-mesivta-of-kiryas-joel,Monroe,NY,USA,41.333864,-74.161179,https://utam.edu/,Private Non-Profit,2729,2729,,,,15000,15000,3200,600,78.41,95.61,,0.0,16.0
Savannah State University,savannah-state-university,Savannah,GA,USA,32.024781,-81.063377,https://www.savannahstate.edu/,Public,2727,2727,,,,5498,16218,9620,1600,25.17,70.02,8683,66.12,21.0
Charleston Southern University,charleston-southern-university,Charleston,SC,USA,32.983047,-80.072587,https://www.charlestonsouthern.edu/,Private Non-Profit,2716,2716,76.09,1056,21,31030,31030,11590,,48.58,61.94,,52.57,13.0
Niagara University,niagara-university,Niagara University,NY,USA,43.137279,-79.036689,https://www.niagara.edu/,Private Non-Profit,2713,2713,85.34,1155,25,38135,38135,12980,420,70.24,80.7,,57.36,10.0
Lee University,lee-university,Cleveland,TN,USA,35.166019,-84.871399,https://www.leeuniversity.edu/,Private Non-Profit,2712,2712,72.19,1144,24,22690,22690,9340,1250,60.67,81.04,,44.83,12.0
Montana State University Billings,montana-state-university-billings,Billings,MT,USA,45.796896,-108.523009,https://www.msubillings.edu/,Public,2710,2710,,,,6706,21347,9800,1700,28.2,55.7,15044,29.55,14.0
Babson College,babson-college,Wellesley,MA,USA,42.297017,-71.264057,https://www.babson.edu/,Private Non-Profit,2696,2696,19.74,1435,32,56032,56032,20786,1292,92.36,94.21,,26.01,16.0
Auburn University at Montgomery,auburn-university-at-montgomery,Montgomery,AL,USA,32.36736,-86.177544,https://www.aum.edu/,Public,2693,2693,92.63,1090,21,9436,20092,7368,1500,35.68,65.8,14596,45.6,15.0
Inter American University of Puerto Rico-Metro,inter-american-university-of-puerto-rico-metro,San Juan,PR,USA,18.368988,-66.077711,https://metro.inter.edu/,Private Non-Profit,2692,2692,66.44,,,5580,5580,12539,2460,31.6,72.96,,18.15,19.0
Fairmont State University,fairmont-state-university,Fairmont,WV,USA,39.483079,-80.162433,https://www.fairmontstate.edu/,Public,2690,2690,99.24,993,20,8454,18372,11486,1000,48.32,64.21,9055,41.31,12.0
Keene State College,keene-state-college,Keene,NH,USA,42.926452,-72.279276,https://www.keene.edu/,Public,2680,2680,89.09,,25,14710,26186,13860,1000,58.44,78.47,19164,68.36,16.0
Southern Adventist University,southern-adventist-university,Collegedale,TN,USA,35.048254,-85.052088,https://www.southern.edu/,Private Non-Profit,2673,2673,66.61,1116,,25590,25590,8460,1100,51.43,82.05,,43.72,16.0
Drake University,drake-university,Des Moines,IA,USA,41.60129,-93.652163,https://www.drake.edu/,Private Non-Profit,2669,2669,64.13,1288,28,49944,49944,11858,1100,77.31,83.92,,47.09,10.0
Truman State University,truman-state-university,Kirksville,MO,USA,40.188267,-92.581658,https://www.truman.edu/,Public,2666,2666,79.96,1249,27,9470,17870,10701,1100,68.39,83.5,12030,27.53,12.0
University of West Alabama,university-of-west-alabama,Livingston,AL,USA,32.588132,-88.186329,https://www.uwa.edu/,Public,2666,2666,87.11,1015,19,10990,20090,8166,1206,38.04,60.75,13832,63.73,17.0
Jacksonville University,jacksonville-university,Jacksonville,FL,USA,30.353227,-81.60458,https://www.ju.edu/index.php,Private Non-Profit,2649,2649,57.29,1211,23,46180,46180,16550,700,56.97,75.29,,47.8,13.0
Inter American University of Puerto Rico-San German,inter-american-university-of-puerto-rico-san-german,San German,PR,USA,18.08353,-67.05082,https://www.sg.inter.edu/,Private Non-Profit,2641,2641,50.67,,,5580,5580,5092,2460,42.72,78.72,,11.9,25.0
Campbellsville University,campbellsville-university,Campbellsville,KY,USA,37.343342,-85.348943,https://www.campbellsville.edu/,Private Non-Profit,2641,2641,98.33,,,26990,26990,9170,1200,47.13,59.79,,20.68,21.0
Francis Marion University,francis-marion-university,Florence,SC,USA,34.189777,-79.652854,https://www.fmarion.edu/,Public,2640,2640,82.23,1039,19,11160,21544,8898,1198,42.73,69.23,13451,43.22,12.0
University of Houston-Victoria,university-of-houston-victoria,Victoria,TX,USA,28.816248,-96.976334,https://uhv.edu/,Public,2630,2630,76.71,1085,,7499,17291,10494,1158,26.52,61.27,8624,38.47,14.0
Carthage College,carthage-college,Kenosha,WI,USA,42.622969,-87.820924,https://www.carthage.edu/,Private Non-Profit,2628,2628,84.15,1113,24,36500,36500,12950,1200,60.51,81.64,,83.33,13.0
Citadel Military College of South Carolina,citadel-military-college-of-south-carolina,Charleston,SC,USA,32.797183,-79.958775,https://citadel.edu/,Public,2624,2624,98.09,1184,,12570,37370,9146,9741,72.82,88.17,21002,36.92,11.0
Point University,point-university,West Point,GA,USA,32.87912,-85.184931,https://point.edu/,Private Non-Profit,2617,2617,67.51,1059,19,22300,22300,9100,2000,40.44,70.95,,23.98,13.0
Milwaukee School of Engineering,milwaukee-school-of-engineering,Milwaukee,WI,USA,43.045364,-87.907691,https://www.msoe.edu/,Private Non-Profit,2607,2607,60.39,,27,48421,48421,12562,1000,71.54,83.18,,61.05,12.0
Florida Southern College,florida-southern-college,Lakeland,FL,USA,28.032443,-81.948203,https://www.flsouthern.edu/,Private Non-Profit,2607,2607,59.07,1263,28,42360,42360,13800,1250,69.33,77.79,,54.13,10.0
Inter American University of Puerto Rico-Ponce,inter-american-university-of-puerto-rico-ponce,Mercedita,PR,USA,18.007388,-66.578498,https://www.ponce.inter.edu/,Private Non-Profit,2602,2602,70.29,,,5580,5580,,2460,43.11,76.43,,18.03,22.0
Regis University,regis-university,Denver,CO,USA,39.788175,-105.030756,https://www.regis.edu/,Private Non-Profit,2599,2599,87.27,,25,43980,43980,14618,1460,61.11,75.23,,45.62,9.0
SUNY College of Technology at Delhi,suny-college-of-technology-at-delhi,Delhi,NY,USA,42.269859,-74.924612,https://www.delhi.edu/,Public,2597,2597,88.41,,,8710,12480,14590,1300,47.96,67.58,17387,54.39,12.0
Roosevelt University,roosevelt-university,Chicago,IL,USA,41.876055,-87.624952,https://www.roosevelt.edu/,Private Non-Profit,2583,2583,94.27,1000,24,20280,20280,15525,1200,40.99,61.73,,54.33,11.0
Indiana University-Northwest,indiana-university-northwest,Gary,IN,USA,41.557324,-87.337249,https://www.iun.edu/,Public,2582,2582,76.7,1067,22,8179,22043,,644,36.85,68.72,5970,34.69,14.0
Rollins College,rollins-college,Winter Park,FL,USA,28.592787,-81.349239,https://www.rollins.edu/,Private Non-Profit,2582,2582,40.56,1304,,58300,58300,16190,760,76.89,84.65,,37.54,13.0
St. John Fisher University,st-john-fisher-university,Rochester,NY,USA,43.116259,-77.513056,https://www.sjf.edu/,Private Non-Profit,2579,2579,67.8,1207,26,39666,39666,14342,1100,74.44,84.29,,67.86,12.0
Fairleigh Dickinson University-Metropolitan Campus,fairleigh-dickinson-university-metropolitan-campus,Teaneck,NJ,USA,40.897209,-74.028986,https://www.fdu.edu/,Private Non-Profit,2578,2578,95.91,,,35822,35822,16102,1576,61.71,75.76,,22.1,14.0
University of Guam,university-of-guam,Mangilao,GU,USA,13.433047,144.803978,https://www.uog.edu/,Public,2573,2573,,,,6110,11414,3888,2150,42.11,75.63,9424,12.03,14.0
Framingham State University,framingham-state-university,Framingham,MA,USA,42.297116,-71.437565,https://www.framingham.edu/,Public,2556,2556,84.87,1150,29,11630,17710,13784,1200,49.54,71.52,16698,54.75,11.0
University of Puerto Rico-Humacao,university-of-puerto-rico-humacao,Humacao,PR,USA,18.146589,-65.838602,https://www.upr.edu/humacao/,Public,2555,2555,58.49,,,5364,5364,,4168,52.93,74.8,13487,3.19,11.0
Rogers State University,rogers-state-university,Claremore,OK,USA,36.321437,-95.635718,https://www.rsu.edu/,Public,2552,2552,,,,7392,15176,10722,2400,25.41,64.45,13953,35.75,18.0
Fort Valley State University,fort-valley-state-university,Fort Valley,GA,USA,32.537595,-83.89537,https://www.fvsu.edu/,Public,2541,2541,62.8,864,18,5392,16114,8372,1500,45.19,72.56,11609,70.05,18.0
Cameron University,cameron-university,Lawton,OK,USA,34.606487,-98.434163,https://www.cameron.edu/,Public,2534,2534,,,,6900,16320,8883,1000,21.54,66.31,10705,29.17,18.0
Xavier University of Louisiana,xavier-university-of-louisiana,New Orleans,LA,USA,29.964162,-90.107307,https://www.xula.edu/,Private Non-Profit,2534,2534,74.48,1077,23,27868,27868,10086,1300,50.21,70.78,,54.64,11.0
Dallas Baptist University,dallas-baptist-university,Dallas,TX,USA,32.710017,-96.947006,https://www.dbu.edu/,Private Non-Profit,2526,2526,91.08,1109,23,38140,38140,10215,1320,60.41,63.77,,36.65,16.0
Carroll University,carroll-university,Waukesha,WI,USA,43.004527,-88.228114,https://www.carrollu.edu/,Private Non-Profit,2525,2525,58.41,1209,25,37230,37230,13340,1324,69.6,78.89,,61.35,13.0
Trinity University,trinity-university,San Antonio,TX,USA,29.462682,-98.48186,https://new.trinity.edu/,Private Non-Profit,2518,2518,28.16,1407,31,51352,51352,14472,1000,81.93,92.37,,29.18,9.0
Governors State University,governors-state-university,University Park,IL,USA,41.449103,-87.716441,https://www.govst.edu/,Public,2518,2518,,,19,11320,11320,11360,1000,19.6,59.44,9477,39.86,11.0
University of Hawaii-West Oahu,university-of-hawaii-west-oahu,Kapolei,HI,USA,21.35531,-158.056403,https://westoahu.hawaii.edu/,Public,2510,2510,95.6,973,19,7584,20544,,1350,46.84,68.98,10666,20.12,16.0
Western New England University,western-new-england-university,Springfield,MA,USA,42.115017,-72.520466,https://wne.edu/,Private Non-Profit,2508,2508,83.26,1231,28,46430,46430,14900,1000,63.89,74.87,,80.42,12.0
George Fox University,george-fox-university,Newberg,OR,USA,45.303629,-122.967494,https://www.georgefox.edu/,Private Non-Profit,2505,2505,96.41,1170,23,40940,40940,13600,1200,68.68,77.44,,58.24,15.0
Hawaii Pacific University,hawaii-pacific-university,Honolulu,HI,USA,21.310306,-157.859645,https://www.hpu.edu/,Private Non-Profit,2502,2502,84.48,1180,25,33020,33020,16042,1050,41.21,57.24,,25.27,15.0
Smith College,smith-college,Northampton,MA,USA,42.318111,-72.638097,https://www.smith.edu/,Private Non-Profit,2501,2501,19.73,1480,33,61568,61568,21310,800,89.66,92.57,,12.68,8.0
Norwich University,norwich-university,Northfield,VT,USA,44.140237,-72.659783,https://www.norwich.edu/,Private Non-Profit,2490,2490,73.61,1190,,49600,49600,14000,1500,61.03,69.4,,45.9,12.0
Olivet Nazarene University,olivet-nazarene-university,Bourbonnais,IL,USA,41.155237,-87.875165,https://www.olivet.edu/,Private Non-Profit,2485,2485,66.9,1103,23,37940,37940,10590,850,60.27,68.14,,68.04,14.0
Stonehill College,stonehill-college,Easton,MA,USA,42.05905,-71.080632,https://www.stonehill.edu/,Private Non-Profit,2477,2477,72.56,,,54500,54500,15300,893,80.81,85.24,,61.79,12.0
Utica University,utica-university,Utica,NY,USA,43.096213,-75.272916,https://www.utica.edu/,Private Non-Profit,2477,2477,87.19,1130,,24308,24308,13080,870,55.47,73.27,,66.28,14.0
Gannon University,gannon-university,Erie,PA,USA,42.128403,-80.087166,https://www.gannon.edu/,Private Non-Profit,2467,2467,76.7,,24,37951,37951,15610,1210,69.54,76.04,,53.32,13.0
Wingate University,wingate-university,Wingate,NC,USA,34.986064,-80.44305,https://www.wingate.edu/,Private Non-Profit,2462,2462,84.99,1083,,40196,40196,10676,2250,46.78,67.35,,53.94,15.0
Clarkson University,clarkson-university,Potsdam,NY,USA,44.662716,-74.999359,https://www.clarkson.edu/,Private Non-Profit,2449,2449,77.16,1307,29,57950,57950,17016,1560,73.56,84.71,,65.37,12.0
University of Tulsa,university-of-tulsa,Tulsa,OK,USA,36.152324,-95.945941,https://utulsa.edu/,Private Non-Profit,2447,2447,57.99,1325,26,48602,48602,11192,0,73.31,85.13,,36.61,9.0
Indiana Institute of Technology-College of Professional Studies,indiana-institute-of-technology-college-of-professional-studies,Fort Wayne,IN,USA,41.078365,-85.116479,https://cps.indianatech.edu/,Private Non-Profit,2446,2446,,,,9900,9900,,,,40.0,,62.86,13.0
Indiana University-East,indiana-university-east,Richmond,IN,USA,39.868707,-84.881923,https://www.iue.edu/,Public,2446,2446,71.24,1135,22,8179,22043,,644,45.36,63.14,9082,34.96,14.0
Le Moyne College,le-moyne-college,Syracuse,NY,USA,43.049192,-76.090435,https://www.lemoyne.edu/,Private Non-Profit,2434,2434,75.29,1260,27,38970,38970,15660,1300,70.98,84.17,,62.12,12.0
Vassar College,vassar-college,Poughkeepsie,NY,USA,41.686895,-73.895088,https://www.vassar.edu/,Private Non-Profit,2430,2430,17.73,1513,33,67805,67805,17415,900,89.14,94.4,,42.58,8.0
Augsburg University,augsburg-university,Minneapolis,MN,USA,44.966307,-93.240436,https://www.augsburg.edu/,Private Non-Profit,2429,2429,76.53,,21,43942,43942,16418,1500,52.44,69.9,,76.64,13.0
Palm Beach Atlantic University,palm-beach-atlantic-university,West Palm Beach,FL,USA,26.7044,-80.05247,https://www.pba.edu/,Private Non-Profit,2427,2427,88.32,1101,23,37990,37990,12610,1186,58.95,66.95,,38.04,13.0
Mississippi College,mississippi-college,Clinton,MS,USA,32.335515,-90.329821,https://www.mc.edu/,Private Non-Profit,2423,2423,48.87,1120,24,21698,21698,12700,1800,62.81,80.27,,34.77,14.0
Augustana College,augustana-college,Rock Island,IL,USA,41.502365,-90.55057,https://www.augustana.edu/,Private Non-Profit,2418,2418,67.65,1133,,49834,49834,12166,1000,79.18,82.8,,58.37,11.0
Bethune-Cookman University,bethune-cookman-university,Daytona Beach,FL,USA,29.207195,-81.032946,https://www.cookman.edu/,Private Non-Profit,2414,2414,99.85,913,17,14794,14794,10396,1450,27.83,56.14,,79.19,14.0
Pennsylvania State University-Penn State Altoona,pennsylvania-state-university-penn-state-altoona,Altoona,PA,USA,40.541759,-78.409601,https://altoona.psu.edu/,Public,2412,2412,97.31,1163,,15944,26668,13820,1840,17.84,77.06,24704,55.37,12.0
Athens State University,athens-state-university,Athens,AL,USA,34.806793,-86.964698,https://www.athens.edu/,Public,2407,2407,,,,,,,,,,,40.99,14.0
Flagler College,flagler-college,Saint Augustine,FL,USA,29.892733,-81.314887,https://www.flagler.edu/,Private Non-Profit,2404,2404,78.09,1099,23,26610,26610,14350,1250,55.89,67.67,,53.62,16.0
Denison University,denison-university,Granville,OH,USA,40.071505,-82.523272,https://www.denison.edu/,Private Non-Profit,2398,2398,16.93,1395,30,64000,64000,15400,1000,80.06,88.73,,52.44,9.0
Husson University,husson-university,Bangor,ME,USA,44.829002,-68.791476,https://www.husson.edu/,Private Non-Profit,2395,2395,86.43,1110,,22194,22194,11964,1150,56.67,76.34,,69.62,17.0
St Catherine University,st-catherine-university,Saint Paul,MN,USA,44.924926,-93.183761,https://www.stkate.edu/,Private Non-Profit,2393,2393,94.07,1190,23,49758,49758,11636,1000,65.13,78.13,,59.36,10.0
Ohio Northern University,ohio-northern-university,Ada,OH,USA,40.7662,-83.827441,https://www.onu.edu/,Private Non-Profit,2386,2386,73.35,1290,25,37800,37800,13200,1200,74.18,87.54,,55.35,13.0
Shepherd University,shepherd-university,Shepherdstown,WV,USA,39.433071,-77.804101,https://www.shepherd.edu/,Public,2375,2375,95.65,1022,23,8642,19082,11308,1000,49.49,72.06,12391,41.11,16.0
California Lutheran University,california-lutheran-university,Thousand Oaks,CA,USA,34.224566,-118.878924,https://www.callutheran.edu/,Private Non-Profit,2374,2374,88.88,1224,26,50670,50670,17734,936,74.02,80.56,,77.76,13.0
University of Mount Saint Vincent,university-of-mount-saint-vincent,Bronx,NY,USA,40.913657,-73.908887,https://www.mountsaintvincent.edu/,Private Non-Profit,2373,2373,84.64,1110,20,42740,42740,14300,900,57.14,70.99,,55.33,15.0
Missouri Western State University,missouri-western-state-university,Saint Joseph,MO,USA,39.7575,-94.785643,https://www.missouriwestern.edu/,Public,2372,2372,,,,9800,17500,10975,1000,39.8,59.28,12638,30.33,14.0
Everglades University,everglades-university,Boca Raton,FL,USA,26.391218,-80.108331,https://www.evergladesuniversity.edu/,Private Non-Profit,2369,2369,86.44,,,20768,20768,,2000,57.75,77.5,,60.73,17.0
University of Puerto Rico-Carolina,university-of-puerto-rico-carolina,Carolina,PR,USA,18.392069,-65.990165,https://www.uprc.edu/,Public,2367,2367,52.73,904,,7986,7986,,2793,40.23,75.76,14072,3.52,17.0
Tuskegee University,tuskegee-university,Tuskegee,AL,USA,32.4309,-85.708492,https://www.tuskegee.edu/,Private Non-Profit,2367,2367,31.43,1121,22,23440,23440,9844,1812,57.09,72.98,,61.67,12.0
North Central College,north-central-college,Naperville,IL,USA,41.77576,-88.14279,https://northcentralcollege.edu/,Private Non-Profit,2360,2360,58.31,1165,25,44394,44394,12434,1200,71.14,81.7,,79.81,12.0
Pacific Lutheran University,pacific-lutheran-university,Tacoma,WA,USA,47.14516,-122.440421,https://www.plu.edu/,Private Non-Profit,2350,2350,80.53,1152,25,50964,50964,12446,762,70.99,79.43,,43.98,12.0
Trine University,trine-university,Angola,IN,USA,41.632502,-85.008009,https://www.trine.edu/,Private Non-Profit,2344,2344,84.69,,25,35600,35600,12250,1010,67.61,85.36,,40.82,18.0
Clark University,clark-university,Worcester,MA,USA,42.249987,-71.823356,https://www.clarku.edu/,Private Non-Profit,2336,2336,41.67,1339,29,55160,55160,11690,900,77.12,87.91,,57.76,9.0
Marian University,marian-university,Indianapolis,IN,USA,39.813233,-86.202643,https://www.marian.edu/,Private Non-Profit,2336,2336,95.34,,,39100,39100,13200,1200,60.95,77.45,,61.41,13.0
Emporia State University,emporia-state-university,Emporia,KS,USA,38.414784,-96.179021,https://www.emporia.edu/,Public,2328,2328,97.74,1090,,7356,15669,10542,1160,54.3,67.42,15702,60.62,17.0
Furman University,furman-university,Greenville,SC,USA,34.924676,-82.440458,https://www.furman.edu/,Private Non-Profit,2322,2322,52.57,1364,31,58312,58312,15868,1000,81.49,90.57,,27.81,9.0
Point Park University,point-park-university,Pittsburgh,PA,USA,40.438768,-80.002061,https://www.pointpark.edu/,Private Non-Profit,2320,2320,97.88,1142,22,38160,38160,12480,1200,59.56,70.81,,74.77,12.0
Wellesley College,wellesley-college,Wellesley,MA,USA,42.291554,-71.306605,https://www.wellesley.edu/,Private Non-Profit,2318,2318,13.91,1513,33,64320,64320,19920,800,91.21,96.25,,17.12,7.0
Messiah University,messiah-university,Mechanicsburg,PA,USA,40.156579,-76.988269,https://www.messiah.edu/,Private Non-Profit,2318,2318,78.48,1214,27,40640,40640,11910,1460,78.5,85.35,,58.28,12.0
Concordia University-Wisconsin,concordia-university-wisconsin,Mequon,WI,USA,43.253387,-87.91552,https://www.cuw.edu/,Private Non-Profit,2310,2310,67.53,1250,23,34250,34250,12700,2400,64.31,78.45,,46.29,12.0
Indiana University-Kokomo,indiana-university-kokomo,Kokomo,IN,USA,40.460062,-86.132048,https://www.iuk.edu/,Public,2308,2308,84.69,1063,23,8179,22043,,644,44.75,66.88,6276,33.31,14.0
Shawnee State University,shawnee-state-university,Portsmouth,OH,USA,38.730867,-82.993769,https://www.shawnee.edu/,Public,2300,2300,,,,9622,16157,12570,1024,42.98,71.08,15389,39.18,16.0
Holy Family University,holy-family-university,Philadelphia,PA,USA,40.060581,-74.986451,https://www.holyfamily.edu/,Private Non-Profit,2298,2298,74.22,1030,21,33968,33968,14694,1230,60.39,83.08,,73.76,11.0
Stetson University,stetson-university,DeLand,FL,USA,29.035475,-81.300746,https://www.stetson.edu/,Private Non-Profit,2292,2292,86.43,1208,26,55220,55220,16030,1200,62.8,72.78,,48.3,10.0
University of Illinois Springfield,university-of-illinois-springfield,Springfield,IL,USA,39.729524,-89.616796,https://www.uis.edu/,Public,2292,2292,84.37,1118,24,12252,22017,12088,1260,61.37,80.66,8916,38.32,14.0
Georgia Southwestern State University,georgia-southwestern-state-university,Americus,GA,USA,32.054662,-84.217738,https://gsw.edu/,Public,2291,2291,77.16,998,21,4980,15702,9574,1240,31.91,63.93,12052,39.17,18.0
Alcorn State University,alcorn-state-university,Alcorn State,MS,USA,31.877216,-91.142854,https://www.alcorn.edu/,Public,2290,2290,24.66,1039,22,8549,8549,10255,1672,46.15,79.08,14040,70.55,16.0
University of Detroit Mercy,university-of-detroit-mercy,Detroit,MI,USA,42.414222,-83.139158,https://www.udmercy.edu/,Private Non-Profit,2289,2289,80.14,1136,26,32300,32300,10738,1376,68.1,82.48,,30.61,12.0
Bellarmine University,bellarmine-university,Louisville,KY,USA,38.219279,-85.704997,https://www.bellarmine.edu/,Private Non-Profit,2286,2286,93.59,1208,24,47180,47180,10250,,67.75,75.09,,52.37,13.0
Colby College,colby-college,Waterville,ME,USA,44.564211,-69.66337,https://www.colby.edu/,Private Non-Profit,2282,2282,6.83,1500,33,66600,66600,17120,850,90.22,90.64,,8.7,9.0
University of Mary,university-of-mary,Bismarck,ND,USA,46.723767,-100.75274,https://www.umary.edu/,Private Non-Profit,2280,2280,78.25,,,21468,21468,8506,1096,68.19,82.71,,45.45,10.0
Bard College,bard-college,Annandale-On-Hudson,NY,USA,42.020386,-73.909927,https://www.bard.edu/,Private Non-Profit,2280,2280,52.29,1387,,63612,63612,18040,1200,72.71,84.68,,34.41,9.0
Lewis-Clark State College,lewis-clark-state-college,Lewiston,ID,USA,46.412199,-117.024875,https://www.lcsc.edu/,Public,2277,2277,89.78,,,7388,21386,12330,1570,44.72,64.14,12832,26.31,16.0
University of Puerto Rico at Ponce,university-of-puerto-rico-at-ponce,Ponce,PR,USA,17.993314,-66.606215,https://www.uprp.edu/,Public,2276,2276,56.14,,,5354,5354,,4168,50.58,80.29,7455,6.75,21.0
Inter American University of Puerto Rico-Arecibo,inter-american-university-of-puerto-rico-arecibo,Arecibo,PR,USA,18.47509,-66.75901,https://www.arecibo.inter.edu/,Private Non-Profit,2275,2275,37.78,,,5580,5580,,2460,35.37,75.0,,13.54,26.0
Dominican University,dominican-university,River Forest,IL,USA,41.902678,-87.823003,https://www.dom.edu/,Private Non-Profit,2271,2271,79.8,1022,25,37844,37844,12552,1200,62.36,79.26,,58.38,12.0
University of Hawaii at Hilo,university-of-hawaii-at-hilo,Hilo,HI,USA,19.701189,-155.080847,https://hilo.hawaii.edu/,Public,2260,2260,89.77,1025,19,7838,20798,8248,1350,41.63,69.77,12063,29.85,12.0
Ashland University,ashland-university,Ashland,OH,USA,40.861755,-82.321061,https://www.ashland.edu/,Private Non-Profit,2250,2250,80.57,1119,23,28910,28910,11960,912,60.59,72.22,,46.16,15.0
Barry University,barry-university,Miami,FL,USA,25.878908,-80.198925,https://www.barry.edu/,Private Non-Profit,2245,2245,59.07,,,33450,33450,13500,1500,36.59,57.72,,51.57,10.0
The University of Findlay,the-university-of-findlay,Findlay,OH,USA,41.053344,-83.652313,https://findlay.edu/,Private Non-Profit,2240,2240,86.33,,23,39646,39646,11000,2000,62.63,71.96,,33.18,13.0
Benedictine College,benedictine-college,Atchison,KS,USA,39.573079,-95.113858,https://www.benedictine.edu/,Private Non-Profit,2236,2236,76.45,1244,26,34800,34800,11820,1200,65.07,80.44,,63.0,15.0
Valparaiso University,valparaiso-university,Valparaiso,IN,USA,41.462239,-87.040172,https://www.valpo.edu/,Private Non-Profit,2229,2229,92.22,1226,,46588,46588,13306,1200,67.04,78.77,,52.66,11.0
John Carroll University,john-carroll-university,University Heights,OH,USA,41.490259,-81.531224,https://jcu.edu/,Private Non-Profit,2228,2228,81.1,1295,27,49100,49100,14160,1250,76.49,85.34,,56.85,13.0
Rose-Hulman Institute of Technology,rose-hulman-institute-of-technology,Terre Haute,IN,USA,39.483602,-87.326749,https://www.rose-hulman.edu/,Private Non-Profit,2224,2224,72.81,1389,31,56674,56674,17718,1500,81.69,90.64,,40.94,11.0
Grove City College,grove-city-college,Grove City,PA,USA,41.1558,-80.081481,https://www.gcc.edu/,Private Non-Profit,2221,2221,73.4,1261,27,20890,20890,11770,1000,79.72,87.85,,0.0,13.0
Mercyhurst University,mercyhurst-university,Erie,PA,USA,42.10578,-80.053412,https://www.mercyhurst.edu/,Private Non-Profit,2217,2217,83.23,,,44510,44510,14274,1200,58.73,77.6,,67.38,15.0
Berry College,berry-college,Mount Berry,GA,USA,34.290414,-85.189202,https://www.berry.edu/,Private Non-Profit,2213,2213,61.85,1223,27,40416,40416,14230,1000,73.91,82.97,,38.83,12.0
Gettysburg College,gettysburg-college,Gettysburg,PA,USA,39.836597,-77.236792,https://www.gettysburg.edu/,Private Non-Profit,2209,2209,47.51,1350,30,64230,64230,15530,1000,82.73,89.91,,50.61,10.0
Bob Jones University,bob-jones-university,Greenville,SC,USA,34.874016,-82.365838,https://www.bju.edu/,Private Non-Profit,2209,2209,,,,23400,23400,9900,1300,69.61,81.33,,23.9,13.0
Eastern Oregon University,eastern-oregon-university,La Grande,OR,USA,45.319795,-118.092495,https://www.eou.edu/,Public,2201,2201,98.76,,,10671,24621,11658,1275,36.62,66.94,15987,38.76,14.0
University of Puerto Rico at Cayey,university-of-puerto-rico-at-cayey,Cayey,PR,USA,18.11882,-66.162066,https://www.cayey.upr.edu/,Public,2201,2201,95.84,978,,5354,5354,,2168,48.61,78.84,9148,3.93,19.0
Mount Holyoke College,mount-holyoke-college,South Hadley,MA,USA,42.25489,-72.573916,https://www.mtholyoke.edu/,Private Non-Profit,2198,2198,38.29,1422,33,64142,64142,18838,1000,85.04,89.71,,42.77,9.0
Trinity College,trinity-college,Hartford,CT,USA,41.747451,-72.690882,https://www.trincoll.edu/,Private Non-Profit,2193,2193,33.52,1396,31,67420,67420,17990,1000,82.76,90.76,,39.82,9.0
University of New England,university-of-new-england,Biddeford,ME,USA,43.458591,-70.38535,https://www.une.edu/,Private Non-Profit,2189,2189,88.84,,,42550,42550,16740,1500,60.83,74.62,,53.15,12.0
Webster University,webster-university,Saint Louis,MO,USA,38.588875,-90.345151,https://www.webster.edu/,Private Non-Profit,2180,2180,57.99,1145,24,30730,30730,12820,1000,61.06,76.79,,43.92,15.0
University of Connecticut-Stamford,university-of-connecticut-stamford,Stamford,CT,USA,41.056081,-73.542206,https://stamford.uconn.edu/,Public,2177,2177,80.19,1080,25,17472,40140,17498,990,56.86,77.83,14059,34.26,19.0
Lewis & Clark College,lewis-clark-college,Portland,OR,USA,45.450882,-122.669137,https://www.lclark.edu/,Private Non-Profit,2167,2167,74.53,1321,30,62350,62350,15002,1050,71.24,81.54,,67.88,12.0
University of Maryland Eastern Shore,university-of-maryland-eastern-shore,Princess Anne,MD,USA,38.207386,-75.686852,https://wwwcp.umes.edu/,Public,2165,2165,90.36,,,8898,19728,10636,2020,34.64,66.26,14035,51.84,9.0
East Central University,east-central-university,Ada,OK,USA,34.771934,-96.663849,https://www.ecok.edu/,Public,2157,2157,65.55,1019,20,8032,17542,7752,1590,32.74,56.77,9287,54.54,16.0
Dickinson College,dickinson-college,Carlisle,PA,USA,40.202796,-77.197854,https://www.dickinson.edu/,Private Non-Profit,2157,2157,43.08,,,63475,63475,16500,1324,83.42,88.72,,40.09,9.0
Louisiana State University-Shreveport,louisiana-state-university-shreveport,Shreveport,LA,USA,32.428465,-93.70561,https://www.lsus.edu/,Public,2150,2150,82.72,1119,23,7327,20481,11030,1300,33.21,62.5,8130,31.64,27.0
Colorado College,colorado-college,Colorado Springs,CO,USA,38.84886,-104.822697,https://www.coloradocollege.edu/,Private Non-Profit,2139,2139,20.03,1445,,67932,67932,15228,1240,86.0,94.76,,24.27,9.0
Macalester College,macalester-college,Saint Paul,MN,USA,44.938565,-93.168053,https://www.macalester.edu/,Private Non-Profit,2131,2131,28.21,1424,31,64908,64908,15477,926,90.41,94.57,,37.47,10.0
Shenandoah University,shenandoah-university,Winchester,VA,USA,39.167355,-78.157433,https://www.su.edu/,Private Non-Profit,2127,2127,77.84,,,36028,36028,11800,1500,70.55,81.68,,58.47,11.0
Susquehanna University,susquehanna-university,Selinsgrove,PA,USA,40.797502,-76.875329,https://www.susqu.edu/,Private Non-Profit,2120,2120,78.71,1211,,57400,57400,15700,1200,74.09,73.18,,68.17,13.0
DeSales University,desales-university,Center Valley,PA,USA,40.539091,-75.375608,https://www.desales.edu/,Private Non-Profit,2113,2113,78.58,1199,26,44800,44800,13800,1711,71.02,80.59,,63.87,11.0
Salve Regina University,salve-regina-university,Newport,RI,USA,41.471545,-71.30124,https://www.salve.edu/,Private Non-Profit,2102,2102,69.91,1236,,47930,47930,17500,1600,74.92,85.3,,71.0,12.0
Saint Ambrose University,saint-ambrose-university,Davenport,IA,USA,41.54065,-90.579854,https://www.sau.edu/,Private Non-Profit,2101,2101,73.32,,24,35598,35598,12348,1320,62.85,83.62,,66.67,11.0
University of Redlands,university-of-redlands,Redlands,CA,USA,34.064218,-117.163218,https://www.redlands.edu/,Private Non-Profit,2095,2095,80.92,1231,29,57614,57614,17624,1700,70.68,81.46,,56.64,11.0
Wayland Baptist University,wayland-baptist-university,Plainview,TX,USA,34.187677,-101.730042,https://www.wbu.edu/,Private Non-Profit,2090,2090,54.05,,,23186,23186,9356,780,19.19,47.54,,43.38,10.0
Rhode Island School of Design,rhode-island-school-of-design,Providence,RI,USA,41.827114,-71.409309,https://www.risd.edu/,Private Non-Profit,2090,2090,13.81,1480,31,59760,59760,15850,2700,88.47,92.92,,28.56,8.0
Wheaton College,wheaton-college,Wheaton,IL,USA,41.870176,-88.099643,https://www.wheaton.edu/,Private Non-Profit,2087,2087,89.98,1363,30,43930,43930,12390,910,86.55,93.84,,46.52,10.0
University of Montevallo,university-of-montevallo,Montevallo,AL,USA,33.10625,-86.865099,https://www.montevallo.edu/,Public,2087,2087,53.9,,23,13710,26730,10768,1020,49.38,73.15,17053,52.07,13.0
University of Charleston,university-of-charleston,Charleston,WV,USA,38.333367,-81.616244,https://www.ucwv.edu/,Private Non-Profit,2083,2083,64.53,,,32842,32842,11162,2000,46.33,69.07,,33.74,15.0
Seattle Pacific University,seattle-pacific-university,Seattle,WA,USA,47.650214,-122.361667,https://spu.edu/,Private Non-Profit,2073,2073,91.09,1191,24,38814,38814,15498,768,62.15,74.62,,51.48,10.0
Minot State University,minot-state-university,Minot,ND,USA,48.246961,-101.29861,https://www.minotstateu.edu/,Public,2072,2072,72.21,1084,20,8634,8634,8058,1100,47.76,71.59,12514,37.15,11.0
Williams College,williams-college,Williamstown,MA,USA,42.712725,-73.203132,https://www.williams.edu/,Private Non-Profit,2060,2060,9.99,1527,,64860,64860,16300,1000,96.55,96.53,,6.04,6.0
Otterbein University,otterbein-university,Westerville,OH,USA,40.125327,-82.936444,https://www.otterbein.edu/,Private Non-Profit,2055,2055,83.3,1220,23,34899,34899,12968,1508,68.95,82.42,,83.02,12.0
Art Center College of Design,art-center-college-of-design,Pasadena,CA,USA,34.169031,-118.185102,https://www.artcenter.edu/,Private Non-Profit,2054,2054,74.98,,,51640,51640,,4000,82.61,82.21,,35.64,8.0
Cumberland University,cumberland-university,Lebanon,TN,USA,36.204514,-86.298782,https://www.cumberland.edu/,Private Non-Profit,2053,2053,67.0,,,27840,27840,10360,1200,46.98,62.17,,25.14,18.0
Hamilton College,hamilton-college,Clinton,NY,USA,43.050245,-75.408195,https://www.hamilton.edu/,Private Non-Profit,2045,2045,11.77,1487,34,65740,65740,16690,800,91.25,95.61,,30.69,9.0
Southwest Minnesota State University,southwest-minnesota-state-university,Marshall,MN,USA,44.45373,-95.759548,https://www.smsu.edu/,Public,2045,2045,68.94,1020,,10304,10304,10666,1200,44.07,69.59,14760,15.32,16.0
Alvernia University,alvernia-university,Reading,PA,USA,40.310028,-75.936754,https://www.alvernia.edu/,Private Non-Profit,2042,2042,62.32,1160,,42810,42810,15090,1500,58.49,72.64,,81.86,12.0
The Evergreen State College,the-evergreen-state-college,Olympia,WA,USA,47.07382,-122.977492,https://www.evergreen.edu/,Public,2042,2042,97.23,1161,23,8999,30980,16451,900,43.56,68.2,22585,40.6,20.0
South Dakota School of Mines and Technology,south-dakota-school-of-mines-and-technology,Rapid City,SD,USA,44.075439,-103.205753,https://www.sdsmt.edu/,Public,2042,2042,85.25,1245,27,10400,14800,8800,1900,58.17,84.13,20380,43.27,12.0
St Lawrence University,st-lawrence-university,Canton,NY,USA,44.589879,-75.161343,https://www.stlawu.edu/,Private Non-Profit,2040,2040,58.47,1343,31,63870,63870,16480,750,79.65,86.12,,54.97,11.0
Saint Anselm College,saint-anselm-college,Manchester,NH,USA,42.986889,-71.503622,https://www.anselm.edu/,Private Non-Profit,2032,2032,78.32,1183,27,46810,46810,16520,1000,83.15,89.58,,68.3,11.0
Miami University-Hamilton,miami-university-hamilton,Hamilton,OH,USA,39.377448,-84.563385,https://miamioh.edu/regionals/,Public,2025,2025,,,,7278,18847,,1240,21.59,52.89,13346,34.92,13.0
Saint Mary's College of California,saint-marys-college-of-california,Moraga,CA,USA,37.840731,-122.109031,https://www.stmarys-ca.edu/,Private Non-Profit,2024,2024,88.58,,,56134,56134,16900,938,68.99,85.14,,66.1,10.0
Upper Iowa University,upper-iowa-university,Fayette,IA,USA,42.838283,-91.799543,https://www.uiu.edu/,Private Non-Profit,2021,2021,93.38,929,21,19000,19000,9770,1000,41.47,59.36,,49.01,22.0
Carleton College,carleton-college,Northfield,MN,USA,44.462318,-93.154666,https://www.carleton.edu/,Private Non-Profit,2019,2019,22.28,1491,33,65457,65457,16710,938,91.19,95.86,,43.42,8.0
United Talmudical Seminary,united-talmudical-seminary,Brooklyn,NY,USA,40.705687,-73.959113,https://utsny.edu/,Private Non-Profit,2006,2006,,,,14133,14133,4000,550,56.94,86.74,,0.0,15.0
Eckerd College,eckerd-college,Saint Petersburg,FL,USA,27.715798,-82.687043,https://www.eckerd.edu/,Private Non-Profit,1984,1984,78.69,1256,,50374,50374,14268,1350,67.56,77.35,,36.38,11.0
Johnson & Wales University-Online,johnson-wales-university-online,Providence,RI,USA,41.819956,-71.41277,https://online.jwu.edu/?_ga=2.36357734.752362341.1629739669-391300583.1600981500,Private Non-Profit,1980,1980,54.26,,,13365,13365,,1200,0.0,54.17,,57.62,11.0
Eastern University,eastern-university,Saint Davids,PA,USA,40.050448,-75.370316,https://www.eastern.edu/about/student-consumer-information,Private Non-Profit,1978,1978,93.62,,,37420,37420,13168,1424,55.96,70.59,,56.17,19.0
Vanguard University of Southern California,vanguard-university-of-southern-california,Costa Mesa,CA,USA,33.662686,-117.900911,https://www.vanguard.edu/,Private Non-Profit,1975,1975,64.7,,22,39950,39950,10790,935,55.86,73.65,,84.06,16.0
Moravian University,moravian-university,Bethlehem,PA,USA,40.630947,-75.383638,https://www.moravian.edu/,Private Non-Profit,1970,1970,54.0,1154,,52000,52000,15351,1284,71.07,81.13,,73.9,10.0
Dakota State University,dakota-state-university,Madison,SD,USA,44.013014,-97.113358,https://dsu.edu/,Public,1969,1969,97.87,1129,23,9633,12735,8990,1200,49.3,75.28,19725,36.31,19.0
La Salle University,la-salle-university,Philadelphia,PA,USA,40.037979,-75.153061,https://www.lasalle.edu/,Private Non-Profit,1966,1966,86.19,,,35570,35570,15590,1000,57.9,69.37,,45.15,12.0
St. Thomas University,st-thomas-university,Miami Gardens,FL,USA,25.922071,-80.253273,https://www.stu.edu/,Private Non-Profit,1963,1963,99.4,,19,34770,34770,12478,360,43.42,54.87,,28.06,17.0
Connecticut College,connecticut-college,New London,CT,USA,41.379833,-72.107321,https://www.conncoll.edu/,Private Non-Profit,1960,1960,38.28,1412,32,64812,64812,17885,1000,83.75,86.98,,36.04,9.0
Fairleigh Dickinson University-Florham Campus,fairleigh-dickinson-university-florham-campus,Madison,NJ,USA,40.774498,-74.432121,https://www.fdu.edu/,Private Non-Profit,1958,1958,95.27,,,35822,35822,16102,1576,72.3,77.16,,57.28,11.0
University of South Carolina Beaufort,university-of-south-carolina-beaufort,Bluffton,SC,USA,32.303308,-80.973595,https://www.uscb.edu/,Public,1958,1958,69.18,,,10730,21776,9810,1266,38.59,61.19,15309,49.59,14.0
SUNY College at Potsdam,suny-college-at-potsdam,Potsdam,NY,USA,44.662148,-74.973815,https://www.potsdam.edu/,Public,1951,1951,85.48,,,8712,18622,15084,950,47.88,77.88,14295,64.27,10.0
Saint Peter's University,saint-peters-university,Jersey City,NJ,USA,40.727105,-74.071541,https://www.saintpeters.edu/,Private Non-Profit,1939,1939,90.53,,23,41054,41054,17590,1000,63.13,71.61,,33.22,11.0
Tiffin University,tiffin-university,Tiffin,OH,USA,41.118316,-83.184197,https://www.tiffin.edu/,Private Non-Profit,1938,1938,79.77,989,,32400,32400,12650,3000,42.95,60.28,,54.72,20.0
Black Hills State University,black-hills-state-university,Spearfish,SD,USA,44.494889,-103.870966,https://www.bhsu.edu/,Public,1935,1935,94.43,1050,21,9000,12100,7400,1200,38.58,72.24,17001,29.62,17.0
Western New Mexico University,western-new-mexico-university,Silver City,NM,USA,32.7767,-108.283284,https://www.wnmu.edu/,Public,1935,1935,,,,7868,14354,10940,1600,34.89,53.77,7912,22.0,13.0
University of Pittsburgh-Johnstown,university-of-pittsburgh-johnstown,Johnstown,PA,USA,40.265957,-78.834163,https://www.upj.pitt.edu/,Public,1934,1934,95.9,1158,24,14646,26520,12290,750,53.45,76.03,18952,60.79,14.0
Rhodes College,rhodes-college,Memphis,TN,USA,35.154405,-89.990803,https://www.rhodes.edu/,Private Non-Profit,1931,1931,49.68,1385,30,54892,54892,12910,1125,81.64,91.21,,27.86,11.0
St. Francis College,st-francis-college,Brooklyn,NY,USA,40.690233,-73.986559,https://www.sfc.edu/,Private Non-Profit,1931,1931,,,24,27570,27570,18000,3000,52.29,54.32,,27.86,13.0
Gustavus Adolphus College,gustavus-adolphus-college,Saint Peter,MN,USA,44.323626,-93.972196,https://gustavus.edu/,Private Non-Profit,1930,1930,61.8,1320,29,54310,54310,11290,900,75.85,84.23,,55.48,11.0
Indiana Wesleyan University-Marion,indiana-wesleyan-university-marion,Marion,IN,USA,40.517937,-85.667503,https://www.indwes.edu/,Private Non-Profit,1927,1927,82.21,1074,23,31168,31168,10554,1384,66.33,78.79,,71.82,12.0
Whitworth University,whitworth-university,Spokane,WA,USA,47.753358,-117.416714,https://www.whitworth.edu/,Private Non-Profit,1927,1927,86.77,1212,25,50920,50920,13700,768,68.39,80.35,,53.64,10.0
Springfield College,springfield-college,Springfield,MA,USA,42.1022,-72.556647,https://www.springfield.edu/,Private Non-Profit,1916,1916,70.23,1120,27,43707,43707,14202,1300,67.63,83.62,,71.51,11.0
St. Mary's University,st-marys-university,San Antonio,TX,USA,29.453244,-98.562778,https://www.stmarytx.edu/,Private Non-Profit,1911,1911,88.95,989,,36242,36242,11720,1300,58.79,67.49,,52.17,10.0
Amherst College,amherst-college,Amherst,MA,USA,42.372459,-72.518493,https://www.amherst.edu/,Private Non-Profit,1907,1907,9.82,1494,33,67280,67280,17560,1000,93.42,96.79,,8.75,7.0
Franklin and Marshall College,franklin-and-marshall-college,Lancaster,PA,USA,40.048045,-76.319037,https://www.fandm.edu/,Private Non-Profit,1904,1904,31.83,1394,,68380,68380,15568,800,86.02,85.01,,44.22,9.0
Davidson College,davidson-college,Davidson,NC,USA,35.499767,-80.843979,https://davidson.edu/,Private Non-Profit,1901,1901,14.48,1448,,60300,60300,16400,1000,91.89,95.39,,11.11,9.0
Northwood University,northwood-university,Midland,MI,USA,43.628717,-84.27682,https://www.northwood.edu/,Private Non-Profit,1900,1900,83.9,,,33000,33000,12500,1342,61.07,78.95,,66.29,13.0
University of Arkansas at Pine Bluff,university-of-arkansas-at-pine-bluff,Pine Bluff,AR,USA,34.244031,-92.018683,https://www.uapb.edu/,Public,1899,1899,57.54,916,16,9019,17029,9122,1120,39.68,64.54,11679,58.52,13.0
University of Wisconsin-Superior,university-of-wisconsin-superior,Superior,WI,USA,46.717629,-92.091007,https://www.uwsuper.edu/,Public,1899,1899,93.64,1050,21,8487,16400,7227,1050,44.12,70.74,13405,45.96,17.0
Oklahoma Christian University,oklahoma-christian-university,Edmond,OK,USA,35.611412,-97.469526,https://www.oc.edu/,Private Non-Profit,1897,1897,97.07,1117,23,25900,25900,8680,1200,55.17,77.3,,43.9,15.0
Wilkes University,wilkes-university,Wilkes-Barre,PA,USA,41.244199,-75.890262,https://www.wilkes.edu/,Private Non-Profit,1893,1893,91.46,1134,24,42286,42286,16006,400,60.34,73.49,,70.2,13.0
St Bonaventure University,st-bonaventure-university,Saint Bonaventure,NY,USA,42.080191,-78.481107,https://www.sbu.edu/,Private Non-Profit,1892,1892,81.53,1181,24,40150,40150,15000,800,70.39,81.26,,92.08,12.0
Nazareth University,nazareth-university,Rochester,NY,USA,43.101576,-77.518579,https://www2.naz.edu/,Private Non-Profit,1891,1891,79.5,1256,,40880,40880,15620,1000,72.91,81.49,,74.13,9.0
Taylor University,taylor-university,Upland,IN,USA,40.456246,-85.497034,https://www.taylor.edu/,Private Non-Profit,1890,1890,76.11,1232,,39104,39104,10888,1100,76.56,91.26,,32.59,14.0
Pennsylvania State University-Penn State Berks,pennsylvania-state-university-penn-state-berks,Reading,PA,USA,40.358839,-75.97329,https://berks.psu.edu/,Public,1887,1887,97.13,1219,,15944,26668,14232,1840,24.41,77.48,24581,53.74,13.0
Washington and Lee University,washington-and-lee-university,Lexington,VA,USA,37.788939,-79.443018,https://www.wlu.edu/,Private Non-Profit,1884,1884,17.36,1504,34,64525,64525,17685,2290,94.9,95.38,,15.05,8.0
The College of Wooster,the-college-of-wooster,Wooster,OH,USA,40.81046,-81.934674,https://wooster.edu/,Private Non-Profit,1876,1876,54.32,1370,29,59550,59550,14000,1250,73.56,81.31,,44.59,10.0
Emmanuel College,emmanuel-college,Boston,MA,USA,42.340602,-71.103634,https://www.emmanuel.edu/,Private Non-Profit,1874,1874,80.6,1263,29,46686,46686,17500,1000,65.82,79.05,,61.74,13.0
Wofford College,wofford-college,Spartanburg,SC,USA,34.959411,-81.933568,https://www.wofford.edu/,Private Non-Profit,1873,1873,58.59,1297,30,54100,54100,15015,1200,80.75,89.74,,41.14,12.0
Elizabeth City State University,elizabeth-city-state-university,Elizabeth City,NC,USA,36.277978,-76.214041,https://www.ecsu.edu/,Public,1863,1863,70.49,,17,3412,7412,9079,1240,48.09,74.21,7237,53.32,17.0
University of Puerto Rico-Aguadilla,university-of-puerto-rico-aguadilla,Aguadilla,PR,USA,18.498652,-67.13793,https://www.uprag.edu/,Public,1847,1847,81.74,921,,5954,5954,,4168,47.66,97.88,8142,6.25,20.0
Bowdoin College,bowdoin-college,Brunswick,ME,USA,43.907134,-69.963942,https://www.bowdoin.edu/,Private Non-Profit,1846,1846,8.02,1514,,64910,64910,17690,840,95.6,97.63,,10.23,9.0
North Park University,north-park-university,Chicago,IL,USA,41.975268,-87.709948,https://www.northpark.edu/,Private Non-Profit,1844,1844,72.84,,23,35325,35325,10775,1000,55.96,68.78,,53.73,11.0
Occidental College,occidental-college,Los Angeles,CA,USA,34.127124,-118.210908,https://www.oxy.edu/,Private Non-Profit,1844,1844,39.89,1461,32,63446,63446,18284,1240,85.11,87.19,,38.75,9.0
Gardner-Webb University,gardner-webb-university,Boiling Springs,NC,USA,35.24732,-81.668141,https://www.gardner-webb.edu/,Private Non-Profit,1836,1836,87.02,1146,21,33450,33450,10770,1000,61.68,69.48,,54.91,11.0
Marywood University,marywood-university,Scranton,PA,USA,41.434587,-75.634142,https://www.marywood.edu/,Private Non-Profit,1821,1821,83.71,1153,22,39570,39570,15100,1250,72.52,84.88,,78.24,11.0
Augustana University,augustana-university,Sioux Falls,SD,USA,43.525148,-96.736975,https://www.augie.edu/,Private Non-Profit,1818,1818,59.25,1187,25,39190,39190,9470,1000,75.63,83.51,,51.77,11.0
William Carey University,william-carey-university,Hattiesburg,MS,USA,31.305264,-89.291815,https://www.wmcarey.edu/,Private Non-Profit,1818,1818,57.97,1120,25,14685,14685,7599,1899,40.83,80.35,,25.49,13.0
Benedictine University,benedictine-university,Lisle,IL,USA,41.777569,-88.097307,https://ben.edu/,Private Non-Profit,1817,1817,77.22,,24,34290,34290,10266,1900,50.95,69.16,,49.36,13.0
Elizabethtown College,elizabethtown-college,Elizabethtown,PA,USA,40.149236,-76.593224,https://www.etown.edu/,Private Non-Profit,1815,1815,76.77,1190,26,36842,36842,12954,1100,77.07,84.16,,66.61,12.0
Massachusetts College of Art and Design,massachusetts-college-of-art-and-design,Boston,MA,USA,42.336862,-71.099275,https://massart.edu/,Public,1812,1812,77.47,,,14960,42180,18000,2000,69.19,83.99,23764,50.57,9.0
Central Methodist University-College of Graduate and Extended Studies,central-methodist-university-college-of-graduate-and-extended-studies,Fayette,MO,USA,39.150497,-92.685253,https://www.centralmethodist.edu/,Private Non-Profit,1807,1807,87.14,,,6960,6960,,1600,0.0,50.0,,24.57,17.0
Mount St. Mary's University,mount-st-marys-university,Emmitsburg,MD,USA,39.681705,-77.351887,https://msmary.edu/,Private Non-Profit,1806,1806,71.86,1141,,47240,47240,14750,950,58.02,70.83,,59.65,12.0
DePauw University,depauw-university,Greencastle,IN,USA,39.640904,-86.860363,https://www.depauw.edu/,Private Non-Profit,1804,1804,54.06,1287,28,57070,57070,14850,1200,80.0,89.16,,39.61,10.0
Roanoke College,roanoke-college,Salem,VA,USA,37.294861,-80.055467,https://www.roanoke.edu/,Private Non-Profit,1801,1801,80.07,1193,25,36774,36774,15366,1000,65.89,77.89,,80.94,11.0
Arcadia University,arcadia-university,Glenside,PA,USA,40.092606,-75.163876,https://www.arcadia.edu/,Private Non-Profit,1799,1799,79.19,1210,25,48290,48290,16250,1500,64.01,80.54,,65.51,11.0
Marymount University,marymount-university,Arlington,VA,USA,38.905562,-77.128785,https://www.marymount.edu/,Private Non-Profit,1795,1795,80.52,,,39050,39050,16188,2000,57.89,76.0,,35.03,13.0
University of Mount Union,university-of-mount-union,Alliance,OH,USA,40.905256,-81.111029,https://www.mountunion.edu/,Private Non-Profit,1785,1785,80.1,1227,22,35400,35400,11500,1520,64.87,70.91,,80.01,12.0
Lake Forest College,lake-forest-college,Lake Forest,IL,USA,42.249574,-87.827454,https://www.lakeforest.edu/,Private Non-Profit,1782,1782,59.41,1309,29,54202,54202,12480,1350,70.42,86.29,,70.82,12.0
Muhlenberg College,muhlenberg-college,Allentown,PA,USA,40.596416,-75.508502,https://www.muhlenberg.edu/,Private Non-Profit,1777,1777,64.01,1327,30,60240,60240,13955,1500,80.25,89.05,,55.42,8.0
SUNY College of Agriculture and Technology at Cobleskill,suny-college-of-agriculture-and-technology-at-cobleskill,Cobleskill,NY,USA,42.672534,-74.498258,https://www.cobleskill.edu/,Public,1776,1776,83.25,1060,19,8676,18586,16250,1200,40.91,72.03,17980,53.28,14.0
SUNY Polytechnic Institute,suny-polytechnic-institute,Utica,NY,USA,43.137701,-75.229841,https://www.sunypoly.edu/,Public,1773,1773,78.44,1248,27,8578,20228,14750,1400,59.18,68.34,13882,40.57,14.0
Canisius University,canisius-university,Buffalo,NY,USA,42.925206,-78.852577,https://www.canisius.edu/,Private Non-Profit,1768,1768,81.77,,28,32720,32720,13160,1200,70.65,79.96,,53.41,11.0
Daemen University,daemen-university,Amherst,NY,USA,42.965605,-78.788111,https://www.daemen.edu/,Private Non-Profit,1761,1761,76.16,,,33724,33724,13940,1000,58.4,80.17,,61.25,13.0
Curry College,curry-college,Milton,MA,USA,42.238061,-71.116539,https://www.curry.edu/,Private Non-Profit,1757,1757,92.05,1130,,46220,46220,17600,1100,48.25,67.56,,71.19,11.0
Coppin State University,coppin-state-university,Baltimore,MD,USA,39.311258,-76.658687,https://www.coppin.edu/,Public,1756,1756,49.56,,,7001,13789,11875,1915,25.59,73.49,6007,41.83,10.0
Felician University,felician-university,Lodi,NJ,USA,40.867272,-74.096452,https://www.felician.edu/,Private Non-Profit,1754,1754,94.01,1020,20,37830,37830,14190,1000,49.68,80.38,,57.39,15.0
University of Mount Olive,university-of-mount-olive,Mount Olive,NC,USA,35.208166,-78.069388,https://umo.edu/,Private Non-Profit,1754,1754,77.75,1020,19,25950,25950,11212,1350,47.46,76.77,,66.7,19.0
Kenyon College,kenyon-college,Gambier,OH,USA,40.374408,-82.397977,https://www.kenyon.edu/,Private Non-Profit,1753,1753,30.71,1440,33,69330,69330,14410,1900,86.75,91.34,,23.82,9.0
Bates College,bates-college,Lewiston,ME,USA,44.105299,-70.203333,https://www.bates.edu/,Private Non-Profit,1753,1753,13.02,1446,,63478,63478,17904,900,90.59,94.02,,15.03,10.0
Simmons University,simmons-university,Boston,MA,USA,42.3393,-71.099967,https://www.simmons.edu/,Private Non-Profit,1750,1750,66.0,1332,29,45538,45538,17104,1280,71.25,81.77,,63.84,9.0
Saint Norbert College,saint-norbert-college,De Pere,WI,USA,44.44483,-88.067812,https://www.snc.edu/,Private Non-Profit,1749,1749,92.15,1233,27,44432,44432,12698,810,73.57,82.14,,45.19,12.0
Texas A&M University-Texarkana,texas-am-university-texarkana,Texarkana,TX,USA,33.490482,-94.103617,https://www.tamut.edu/,Public,1748,1748,80.19,1006,21,7930,20947,12082,1800,31.2,60.0,12637,49.66,13.0
Mount Saint Mary's University,mount-saint-marys-university,Los Angeles,CA,USA,34.085315,-118.482879,https://www.msmu.edu/,Private Non-Profit,1746,1746,68.72,,,48132,48132,14154,2434,53.42,74.01,,69.06,11.0
Wheaton College (Massachusetts),wheaton-college-massachusetts,Norton,MA,USA,41.966637,-71.183979,https://www.wheatoncollege.edu/,Private Non-Profit,1744,1744,71.33,1321,30,62080,62080,15430,940,75.7,85.83,,73.37,12.0
Langston University,langston-university,Langston,OK,USA,35.943982,-97.260317,https://www.langston.edu/,Public,1743,1743,,,,6728,14255,10886,780,17.5,59.36,11359,62.12,16.0
Claflin University,claflin-university,Orangeburg,SC,USA,33.498444,-80.854319,https://www.claflin.edu/,Private Non-Profit,1727,1727,72.55,,,17046,17046,9480,1900,49.13,78.65,,71.41,13.0
SUNY College of Environmental Science and Forestry,suny-college-of-environmental-science-and-forestry,Syracuse,NY,USA,43.034765,-76.138724,https://www.esf.edu/,Public,1725,1725,82.94,,,9206,21036,17780,1240,69.94,85.0,18730,42.38,14.0
The College of Saint Scholastica,the-college-of-saint-scholastica,Duluth,MN,USA,46.816082,-92.106134,https://www.css.edu/,Private Non-Profit,1725,1725,93.78,1190,25,40454,40454,11380,1200,62.99,77.87,,51.24,10.0
Concordia College at Moorhead,concordia-college-at-moorhead,Moorhead,MN,USA,46.862482,-96.76749,https://www.concordiacollege.edu/,Private Non-Profit,1721,1721,63.06,1192,23,30020,30020,11880,900,71.83,78.15,,56.7,12.0
Ringling College of Art and Design,ringling-college-of-art-and-design,Sarasota,FL,USA,27.360931,-82.547803,https://www.ringling.edu/,Private Non-Profit,1719,1719,67.37,,,55480,55480,17850,2700,70.8,84.34,,38.36,11.0
North Greenville University,north-greenville-university,Tigerville,SC,USA,35.069758,-82.37026,https://www.ngu.edu/,Private Non-Profit,1719,1719,62.78,1176,22,24650,24650,11470,2240,54.91,69.2,,51.88,13.0
Capital University,capital-university,Columbus,OH,USA,39.954875,-82.937867,https://www.capital.edu/,Private Non-Profit,1709,1709,73.17,1118,23,41788,41788,13446,1800,65.54,73.55,,72.19,10.0
Grinnell College,grinnell-college,Grinnell,IA,USA,41.747952,-92.722094,https://www.grinnell.edu/,Private Non-Profit,1705,1705,12.68,1486,32,64862,64862,15878,800,87.47,93.1,,11.6,9.0
Rockhurst University,rockhurst-university,Kansas City,MO,USA,39.032318,-94.573003,https://www.rockhurst.edu/,Private Non-Profit,1702,1702,69.05,1218,23,43420,43420,11540,2000,75.58,84.15,,33.52,12.0
Lawrence Technological University,lawrence-technological-university,Southfield,MI,USA,42.474072,-83.25003,https://www.ltu.edu/,Private Non-Profit,1701,1701,80.25,,,41872,41872,11670,1762,62.57,76.56,,46.65,11.0
Texas A&M University-Central Texas,texas-am-university-central-texas,Killeen,TX,USA,31.053407,-97.775182,https://tamuct.edu/,Public,1698,1698,100.0,,,6627,16419,,1400,,,1113,42.75,15.0
Trevecca Nazarene University,trevecca-nazarene-university,Nashville,TN,USA,36.141324,-86.754238,https://www.trevecca.edu/,Private Non-Profit,1697,1697,70.02,1090,,29790,29790,10150,,54.81,75.07,,40.94,22.0
Hamline University,hamline-university,Saint Paul,MN,USA,44.966246,-93.164479,https://www.hamline.edu/,Private Non-Profit,1685,1685,89.83,1197,23,48311,48311,12030,720,57.71,73.58,,58.7,13.0
Northeastern University Professional Programs,northeastern-university-professional-programs,Boston,MA,USA,42.339992,-71.088782,https://www.northeastern.edu/,Private Non-Profit,1674,1674,,,,,,,,,,,8.31,14.0
Texas Wesleyan University,texas-wesleyan-university,Fort Worth,TX,USA,32.732962,-97.279613,https://www.txwes.edu/,Private Non-Profit,1671,1671,62.39,1051,19,37934,37934,13024,1500,32.35,63.12,,42.79,13.0
Lebanon Valley College,lebanon-valley-college,Annville,PA,USA,40.330604,-76.514431,https://www.lvc.edu/,Private Non-Profit,1670,1670,74.53,1190,,50320,50320,15340,1200,72.51,82.51,,70.23,12.0
Assumption University,assumption-university,Worcester,MA,USA,42.294226,-71.828991,https://www.assumption.edu/,Private Non-Profit,1664,1664,86.54,,,49414,49414,15146,1000,74.59,83.47,,84.21,11.0
Inter American University of Puerto Rico-Guayama,inter-american-university-of-puerto-rico-guayama,Guayama,PR,USA,17.96635,-66.108164,https://www.guayama.inter.edu/,Private Non-Profit,1661,1661,48.5,,,5580,5580,,2460,39.36,80.63,,26.48,25.0
Western Colorado University,western-colorado-university,Gunnison,CO,USA,38.549936,-106.919132,https://www.western.edu/,Public,1653,1653,97.47,1130,24,11083,23683,10442,1350,50.67,72.94,16773,22.58,18.0
McDaniel College,mcdaniel-college,Westminster,MD,USA,39.584231,-77.001992,https://www.mcdaniel.edu/,Private Non-Profit,1652,1652,83.58,,,49647,49647,12594,1450,63.76,78.88,,61.27,13.0
University of Minnesota-Crookston,university-of-minnesota-crookston,Crookston,MN,USA,47.802536,-96.606188,https://crk.umn.edu/,Public,1650,1650,58.38,,,13120,13120,10400,1000,49.73,76.54,10874,28.14,17.0
Lindsey Wilson College,lindsey-wilson-college,Columbia,KY,USA,37.101502,-85.299997,https://www.lindsey.edu/,Private Non-Profit,1649,1649,,,,27274,27274,9978,1000,38.08,62.75,,50.23,17.0
Chaminade University of Honolulu,chaminade-university-of-honolulu,Honolulu,HI,USA,21.28995,-157.807851,https://www.chaminade.edu/,Private Non-Profit,1648,1648,92.63,1155,,29970,29970,16670,1600,58.14,73.97,,37.08,11.0
Delaware Valley University,delaware-valley-university,Doylestown,PA,USA,40.298659,-75.158452,https://www.delval.edu/,Private Non-Profit,1644,1644,92.49,1180,26,43300,43300,14750,1000,52.2,66.06,,73.89,14.0
Linfield University,linfield-university,McMinnville,OR,USA,45.201173,-123.199642,https://www.linfield.edu/,Private Non-Profit,1642,1642,87.93,,,49530,49530,14060,200,65.15,78.89,,80.7,10.0
Pomona College,pomona-college,Claremont,CA,USA,34.099027,-117.714556,https://www.pomona.edu/,Private Non-Profit,1638,1638,6.76,1520,34,62326,62326,20374,1100,93.19,95.87,,7.93,7.0
Madonna University,madonna-university,Livonia,MI,USA,42.384323,-83.404722,https://www.madonna.edu/,Private Non-Profit,1637,1637,92.93,1000,23,27360,27360,12840,648,58.15,71.77,,54.19,10.0
Union University,union-university,Jackson,TN,USA,35.676896,-88.858524,https://www.uu.edu/,Private Non-Profit,1637,1637,47.18,1243,27,38450,38450,12166,750,70.92,86.85,,47.05,8.0
Adrian College,adrian-college,Adrian,MI,USA,41.898591,-84.061481,https://www.adrian.edu/,Private Non-Profit,1635,1635,68.37,1030,22,40556,40556,13424,1100,55.95,60.08,,70.29,15.0
Chadron State College,chadron-state-college,Chadron,NE,USA,42.8199,-103.001615,https://www.csc.edu/,Public,1634,1634,,,,8078,8078,9248,1300,38.07,69.75,13308,52.95,15.0
Misericordia University,misericordia-university,Dallas,PA,USA,41.345277,-75.971541,https://www.misericordia.edu/,Private Non-Profit,1632,1632,84.89,,,38370,38370,15426,1250,69.2,79.56,,73.7,10.0
University of Puget Sound,university-of-puget-sound,Tacoma,WA,USA,47.26308,-122.478982,https://www.pugetsound.edu/,Private Non-Profit,1631,1631,76.28,1332,29,59900,59900,15040,1000,67.91,80.45,,42.87,10.0
Marymount Manhattan College,marymount-manhattan-college,New York,NY,USA,40.768787,-73.959767,https://www.mmm.edu/,Private Non-Profit,1627,1627,78.88,1226,25,40260,40260,20191,1000,49.81,65.01,,69.22,8.0
Swarthmore College,swarthmore-college,Swarthmore,PA,USA,39.905159,-75.354278,https://www.swarthmore.edu/,Private Non-Profit,1627,1627,6.94,1527,34,62412,62412,18964,760,94.13,97.23,,9.77,8.0
Charter Oak State College,charter-oak-state-college,New Britain,CT,USA,41.666848,-72.781239,https://www.charteroak.edu/,Public,1620,1620,,,,8506,8506,,2000,,100.0,15663,40.11,16.0
Fresno Pacific University,fresno-pacific-university,Fresno,CA,USA,36.726831,-119.735199,https://www.fresno.edu/,Private Non-Profit,1614,1614,57.52,,21,35558,35558,10148,1080,55.94,80.52,,47.25,8.0
Delta State University,delta-state-university,Cleveland,MS,USA,33.744745,-90.735365,https://www.deltastate.edu/,Public,1613,1613,99.68,1091,19,8605,8605,8427,1500,46.86,73.58,13778,49.44,11.0
Ouachita Baptist University,ouachita-baptist-university,Arkadelphia,AR,USA,34.126093,-93.052471,https://obu.edu/,Private Non-Profit,1612,1612,68.52,1212,,32480,32480,9240,1100,70.3,82.7,,48.5,12.0
The Master's University and Seminary,the-masters-university-and-seminary,Santa Clarita,CA,USA,34.381755,-118.518193,https://www.masters.edu/,Private Non-Profit,1606,1606,75.89,,,36930,36930,13700,938,63.75,85.14,,38.41,14.0
Hobart William Smith Colleges,hobart-william-smith-colleges,Geneva,NY,USA,42.858131,-76.985516,https://www.hws.edu/,Private Non-Profit,1606,1606,57.28,1296,29,63268,63268,17334,1300,72.71,89.24,,71.07,10.0
McKendree University,mckendree-university,Lebanon,IL,USA,38.608154,-89.816822,https://www.mckendree.edu/,Private Non-Profit,1600,1600,63.88,,,34070,34070,12270,1000,59.54,68.16,,44.55,16.0
University of Lynchburg,university-of-lynchburg,Lynchburg,VA,USA,37.399774,-79.181653,https://www.lynchburg.edu/,Private Non-Profit,1599,1599,82.19,1100,,35540,35540,13250,1000,61.62,75.85,,58.02,11.0
University of Saint Francis-Fort Wayne,university-of-saint-francis-fort-wayne,Fort Wayne,IN,USA,41.087205,-85.177246,https://www.sf.edu/,Private Non-Profit,1599,1599,97.56,1040,22,35420,35420,11540,1200,60.67,65.68,,62.63,11.0
The University of the South,the-university-of-the-south,Sewanee,TN,USA,35.204719,-85.920179,https://www.sewanee.edu/,Private Non-Profit,1598,1598,50.9,1336,29,53698,53698,15338,1200,82.37,88.46,,30.13,9.0
Mississippi University for Women,mississippi-university-for-women,Columbus,MS,USA,33.493305,-88.418601,https://www.muw.edu/,Public,1593,1593,100.0,1050,21,8092,8092,8387,1600,37.79,71.67,13198,40.87,10.0
Moody Bible Institute,moody-bible-institute,Chicago,IL,USA,41.897822,-87.633459,https://www.moody.edu/,Private Non-Profit,1586,1586,97.54,,,15356,15356,12820,1027,61.99,89.78,,38.91,18.0
Seton Hill University,seton-hill-university,Greensburg,PA,USA,40.309407,-79.557433,https://www.setonhill.edu/,Private Non-Profit,1581,1581,75.79,1186,,41414,41414,13778,1200,70.99,80.21,,71.48,13.0
Wagner College,wagner-college,Staten Island,NY,USA,40.615588,-74.092913,https://www.wagner.edu/,Private Non-Profit,1579,1579,83.46,1234,,52000,52000,15600,1034,68.14,81.68,,55.35,16.0
West Liberty University,west-liberty-university,West Liberty,WV,USA,40.164417,-80.602256,https://www.westliberty.edu/,Public,1578,1578,72.12,1041,21,8732,17116,10694,1140,60.62,69.1,16295,48.78,12.0
Neumann University,neumann-university,Aston,PA,USA,39.874876,-75.440022,https://www.neumann.edu/,Private Non-Profit,1574,1574,76.4,,21,37300,37300,15680,1600,46.11,69.39,,70.39,13.0
Benedict College,benedict-college,Columbia,SC,USA,34.012941,-81.020403,https://www.benedict.edu/,Private Non-Profit,1573,1573,67.3,910,,18000,18000,7000,1600,21.15,65.09,,67.09,14.0
Illinois Wesleyan University,illinois-wesleyan-university,Bloomington,IL,USA,40.489901,-88.992014,https://www.iwu.edu/,Private Non-Profit,1570,1570,45.17,1242,27,55704,55704,12930,800,82.54,84.55,,63.13,11.0
St. Mary's College of Maryland,st-marys-college-of-maryland,St. Mary's City,MD,USA,38.188047,-76.430994,https://www.smcm.edu/,Public,1566,1566,75.39,1232,29,15236,31312,14672,950,68.04,81.37,18362,42.22,10.0
Hillsdale College,hillsdale-college,Hillsdale,MI,USA,41.933682,-84.633195,https://www.hillsdale.edu/,Private Non-Profit,1563,1563,20.59,1433,32,32092,32092,13180,1200,84.82,96.08,,0.0,8.0
New Mexico Highlands University,new-mexico-highlands-university,Las Vegas,NM,USA,35.596233,-105.219197,https://www.nmhu.edu/,Public,1561,1561,,,,7260,12180,9674,1144,25.59,56.89,14141,17.36,10.0
Virginia Military Institute,virginia-military-institute,Lexington,VA,USA,37.7896,-79.437067,https://www.vmi.edu/,Public,1560,1560,81.73,1183,25,20484,51186,10990,1200,81.8,84.44,18849,59.92,10.0
Pacific University,pacific-university,Forest Grove,OR,USA,45.521394,-123.108777,https://www.pacificu.edu/,Private Non-Profit,1556,1556,91.76,1123,23,54466,54466,15058,1050,64.78,76.28,,80.84,9.0
Florida Polytechnic University,florida-polytechnic-university,Lakeland,FL,USA,28.150149,-81.845995,https://floridapoly.edu/,Public,1556,1556,55.73,1294,29,4940,21005,12940,1200,53.02,75.36,9899,24.95,17.0
Faulkner University,faulkner-university,Montgomery,AL,USA,32.384181,-86.21641,https://www.faulkner.edu/,Private Non-Profit,1555,1555,66.13,1016,20,23920,23920,8020,1800,37.66,70.39,,57.87,13.0
Dordt University,dordt-university,Sioux Center,IA,USA,43.082527,-96.166562,https://www.dordt.edu/,Private Non-Profit,1547,1547,71.16,1175,25,35960,35960,11430,1010,65.33,85.16,,43.21,14.0
Siena Heights University,siena-heights-university,Adrian,MI,USA,41.905624,-84.018841,https://www.sienaheights.edu/,Private Non-Profit,1533,1533,66.56,1033,,29778,29778,13240,1168,51.11,72.1,,68.51,12.0
Mid-America Christian University,mid-america-christian-university,Oklahoma City,OK,USA,35.347785,-97.578297,https://www.macu.edu/,Private Non-Profit,1532,1532,,,,19896,19896,9064,1650,33.33,70.45,,47.72,13.0
Limestone University,limestone-university,Gaffney,SC,USA,35.057076,-81.649161,https://www.limestone.edu/,Private Non-Profit,1528,1528,98.28,,,27500,27500,10079,1240,27.57,63.61,,69.91,11.0
Willamette University,willamette-university,Salem,OR,USA,44.935457,-123.030537,https://www.willamette.edu/,Private Non-Profit,1525,1525,79.11,1339,,48268,48268,15490,933,72.73,86.42,,41.11,12.0
Saint Francis University,saint-francis-university,Loretto,PA,USA,40.506734,-78.63904,https://www.francis.edu/,Private Non-Profit,1525,1525,76.89,1151,,41720,41720,13880,2000,72.75,88.38,,40.27,14.0
Whitman College,whitman-college,Walla Walla,WA,USA,46.069815,-118.331546,https://www.whitman.edu/,Private Non-Profit,1523,1523,49.99,1365,31,61492,61492,14640,1400,80.98,88.69,,36.37,10.0
King's College,kings-college,Wilkes-Barre,PA,USA,41.250097,-75.879822,https://www.kings.edu/,Private Non-Profit,1519,1519,93.2,1150,,42600,42600,15086,1300,60.1,77.13,,67.56,11.0
Atlantic University,atlantic-university,Guaynabo,PR,USA,18.357395,-66.111714,https://www.atlanticu.edu/,Private Non-Profit,1517,1517,,,,8280,8280,,900,35.74,73.05,,7.1,28.0
Nebraska Wesleyan University,nebraska-wesleyan-university,Lincoln,NE,USA,40.839098,-96.64831,https://www.nebrwesleyan.edu/,Private Non-Profit,1514,1514,83.75,1209,26,41658,41658,9982,1000,68.89,74.58,,55.63,13.0
Grace College and Theological Seminary,grace-college-and-theological-seminary,Winona Lake,IN,USA,41.22595,-85.814228,https://www.grace.edu/,Private Non-Profit,1511,1511,80.78,1088,23,30034,30034,10712,1000,69.91,80.38,,51.32,23.0
Lancaster Bible College,lancaster-bible-college,Lancaster,PA,USA,40.075347,-76.287761,https://www.lbc.edu/,Private Non-Profit,1511,1511,95.19,1161,23,29990,29990,11640,880,71.43,74.85,,52.72,18.0
Drew University,drew-university,Madison,NJ,USA,40.761829,-74.424584,https://www.drew.edu/,Private Non-Profit,1510,1510,69.44,1247,,45360,45360,17640,2035,72.43,84.47,,57.53,11.0
LeTourneau University,letourneau-university,Longview,TX,USA,32.46632,-94.726394,https://www.letu.edu/,Private Non-Profit,1510,1510,40.68,1262,26,35500,35500,10570,3060,61.11,80.54,,24.3,11.0
University of Northwestern-St Paul,university-of-northwestern-st-paul,Saint Paul,MN,USA,45.033703,-93.167822,https://www.unwsp.edu/,Private Non-Profit,1495,1495,91.88,1244,,36830,36830,11148,700,68.37,84.14,,28.73,15.0
Henderson State University,henderson-state-university,Arkadelphia,AR,USA,34.128155,-93.059703,https://www.hsu.edu/,Public,1491,1491,81.92,,21,7885,9882,10680,2676,38.05,59.35,16929,44.66,17.0
Randolph-Macon College,randolph-macon-college,Ashland,VA,USA,37.76043,-77.478416,https://www.rmc.edu/,Private Non-Profit,1489,1489,83.4,1148,,48002,48002,14630,1000,74.6,80.92,,58.19,10.0
Lincoln Memorial University,lincoln-memorial-university,Harrogate,TN,USA,36.578508,-83.660198,https://www.lmunet.edu/,Private Non-Profit,1487,1487,59.27,1093,22,26150,26150,11808,1500,53.92,69.34,,54.36,9.0
Ursinus College,ursinus-college,Collegeville,PA,USA,40.193023,-75.456505,https://www.ursinus.edu/,Private Non-Profit,1477,1477,87.37,1304,30,59196,59196,15064,1000,76.62,83.99,,73.08,9.0
University of Evansville,university-of-evansville,Evansville,IN,USA,37.971549,-87.531644,https://www.evansville.edu/,Private Non-Profit,1477,1477,77.65,,26,42676,42676,14270,1200,71.27,77.45,,43.65,10.0
University of Connecticut-Hartford Campus,university-of-connecticut-hartford-campus,Hartford,CT,USA,41.762673,-72.672175,https://hartford.uconn.edu/,Public,1473,1473,86.45,1081,19,17452,40120,,990,65.36,77.52,13339,37.79,24.0
University of Dubuque,university-of-dubuque,Dubuque,IA,USA,42.49726,-90.693428,https://www.dbq.edu/,Private Non-Profit,1473,1473,86.92,1119,,40065,40065,11470,1200,41.05,71.43,,70.22,11.0
Grand View University,grand-view-university,Des Moines,IA,USA,41.620039,-93.600954,https://www.grandview.edu/,Private Non-Profit,1472,1472,98.38,,20,33450,33450,12880,1248,55.79,72.95,,68.89,12.0
Berea College,berea-college,Berea,KY,USA,37.57202,-84.292893,https://www.berea.edu/,Private Non-Profit,1472,1472,32.71,1248,26,49326,49326,7892,700,62.04,87.78,,12.01,9.0
Sarah Lawrence College,sarah-lawrence-college,Bronxville,NY,USA,40.9355,-73.843727,https://www.sarahlawrence.edu/,Private Non-Profit,1468,1468,58.93,1374,31,63678,63678,17546,600,69.97,84.38,,42.41,10.0
Northwestern Oklahoma State University,northwestern-oklahoma-state-university,Alva,OK,USA,36.796658,-98.667673,https://www.nwosu.edu/,Public,1468,1468,66.43,1015,20,5970,11664,5520,1600,35.42,65.47,11366,39.53,16.0
Saint Johns University,saint-johns-university,Collegeville,MN,USA,45.580075,-94.393621,https://csbsju.edu/,Private Non-Profit,1468,1468,90.48,1220,25,53942,53942,12130,1000,75.7,83.03,,56.61,12.0
Newberry College,newberry-college,Newberry,SC,USA,34.285868,-81.619777,https://www.newberry.edu/,Private Non-Profit,1462,1462,74.8,1008,19,30050,30050,12850,900,44.38,69.95,,75.42,14.0
Southern Nazarene University,southern-nazarene-university,Bethany,OK,USA,35.513295,-97.629504,https://www.snu.edu/,Private Non-Profit,1459,1459,,,,29600,29600,9560,1540,48.79,91.67,,59.75,11.0
Millikin University,millikin-university,Decatur,IL,USA,39.842612,-88.976298,https://millikin.edu/,Private Non-Profit,1458,1458,54.05,1050,23,26892,43670,13330,1000,59.07,73.76,,60.89,10.0
Concordia University-Irvine,concordia-university-irvine,Irvine,CA,USA,33.653665,-117.812305,https://www.cui.edu/,Private Non-Profit,1456,1456,59.86,,25,41390,41390,13330,900,62.5,75.58,,50.91,13.0
Belmont Abbey College,belmont-abbey-college,Belmont,NC,USA,35.260651,-81.041315,https://www.belmontabbeycollege.edu/,Private Non-Profit,1454,1454,90.38,1082,22,19500,19500,12056,1700,46.37,69.47,,47.46,12.0
Luther College,luther-college,Decorah,IA,USA,43.312304,-91.802809,https://www.luther.edu/,Private Non-Profit,1454,1454,73.27,1238,26,50320,50320,11180,1040,75.0,79.25,,60.43,10.0
Southwestern University,southwestern-university,Georgetown,TX,USA,30.634341,-97.665738,https://www.southwestern.edu/,Private Non-Profit,1454,1454,39.07,1269,28,51058,51058,13628,1300,69.34,83.03,,43.02,11.0
Los Angeles Pacific University,los-angeles-pacific-university,San Dimas,CA,USA,34.110723,-117.827484,https://www.lapu.edu/,Private Non-Profit,1453,1453,,,,11976,11976,,1200,32.5,20.0,,75.34,23.0
Missouri Baptist University,missouri-baptist-university,Saint Louis,MO,USA,38.641526,-90.462586,https://www.mobap.edu/,Private Non-Profit,1452,1452,64.1,983,23,33122,33122,14340,1298,48.19,66.56,,22.85,21.0
University of Bridgeport,university-of-bridgeport,Bridgeport,CT,USA,41.164741,-73.190166,https://www.bridgeport.edu/,Private Non-Profit,1450,1450,64.31,985,,35760,35760,16350,0,48.09,62.86,,72.45,16.0
Ohio Wesleyan University,ohio-wesleyan-university,Delaware,OH,USA,40.295963,-83.069757,https://www.owu.edu/,Private Non-Profit,1450,1450,50.67,1311,25,52357,52357,14226,1000,61.74,84.26,,61.91,11.0
Wartburg College,wartburg-college,Waverly,IA,USA,42.7277,-92.483387,https://www.wartburg.edu/,Private Non-Profit,1446,1446,99.41,1136,23,51040,51040,11062,1100,66.82,80.29,,63.99,13.0
Caldwell University,caldwell-university,Caldwell,NJ,USA,40.832753,-74.272571,https://www.caldwell.edu/,Private Non-Profit,1437,1437,65.4,,,39450,39450,13774,2600,58.7,72.97,,69.03,13.0
Oklahoma City University,oklahoma-city-university,Oklahoma City,OK,USA,35.495271,-97.541242,https://www.okcu.edu/,Private Non-Profit,1433,1433,70.39,1150,25,33586,33586,9602,1500,64.19,83.0,,47.83,11.0
University of the Virgin Islands,university-of-the-virgin-islands,Charlotte Amalie,VI,USA,18.344193,-64.972866,https://www.uvi.edu/,Public,1431,1431,97.44,915,17,5612,15521,10650,1750,28.57,76.44,7563,16.91,10.0
Oglethorpe University,oglethorpe-university,Atlanta,GA,USA,33.875441,-84.333687,https://oglethorpe.edu/,Private Non-Profit,1429,1429,60.06,1230,27,45806,45806,15300,1200,53.92,75.06,,67.27,14.0
Montana Technological University,montana-technological-university,Butte,MT,USA,46.012868,-112.559511,https://www.mtech.edu/,Public,1428,1428,89.9,1126,24,8050,24730,11530,1260,58.05,76.22,16240,41.48,13.0
Methodist University,methodist-university,Fayetteville,NC,USA,35.135058,-78.874426,https://www.methodist.edu/,Private Non-Profit,1425,1425,75.2,1201,24,39664,39664,13586,1400,40.15,64.71,,58.01,9.0
Haverford College,haverford-college,Haverford,PA,USA,40.007452,-75.305207,https://www.haverford.edu/,Private Non-Profit,1421,1421,12.91,1498,34,68300,68300,18880,1240,89.4,93.65,,8.23,8.0
John Brown University,john-brown-university,Siloam Springs,AR,USA,36.189812,-94.560283,https://www.jbu.edu/,Private Non-Profit,1415,1415,67.64,1222,26,30832,30832,10258,800,66.77,84.21,,36.15,16.0
College of the Ozarks,college-of-the-ozarks,Point Lookout,MO,USA,36.616019,-93.238174,https://www.cofo.edu/,Private Non-Profit,1415,1415,14.87,1125,23,21290,21290,8500,1100,61.31,88.27,,0.0,14.0
Trinity Washington University,trinity-washington-university,Washington,DC,USA,38.927398,-77.004261,https://www.trinitydc.edu/,Private Non-Profit,1415,1415,99.19,,,26110,26110,11860,1060,44.4,71.21,,39.59,9.0
Chicago State University,chicago-state-university,Chicago,IL,USA,41.718446,-87.609384,https://www.csu.edu/,Public,1414,1414,40.52,,,12754,12754,11550,2400,16.95,46.75,10133,61.31,10.0
Muskingum University,muskingum-university,New Concord,OH,USA,39.996585,-81.737127,https://www.muskingum.edu/,Private Non-Profit,1407,1407,81.66,1016,,31440,31440,12550,1100,52.73,68.93,,83.09,13.0
Reed College,reed-college,Portland,OR,USA,45.480959,-122.630348,https://www.reed.edu/,Private Non-Profit,1407,1407,27.16,1420,,67020,67020,16820,1050,75.92,85.79,,38.41,9.0
University of Dallas,university-of-dallas,Irving,TX,USA,32.846221,-96.919512,https://udallas.edu/,Private Non-Profit,1403,1403,54.2,1284,28,50880,50880,14360,1500,68.02,80.65,,46.94,11.0
Alfred University,alfred-university,Alfred,NY,USA,42.254476,-77.788106,https://www.alfred.edu/,Private Non-Profit,1401,1401,48.33,1205,25,39530,39530,14240,1300,55.5,76.69,,67.19,10.0
Saint Mary's College,saint-marys-college,Notre Dame,IN,USA,41.707274,-86.256947,https://www.saintmarys.edu/,Private Non-Profit,1399,1399,81.11,1233,26,51430,51430,13850,250,76.52,83.63,,59.17,8.0
Lawrence University,lawrence-university,Appleton,WI,USA,44.261323,-88.397822,https://www.lawrence.edu/,Private Non-Profit,1394,1394,63.03,1349,30,55461,55461,11838,900,76.42,87.09,,59.89,7.0
Concord University,concord-university,Athens,WV,USA,37.423723,-81.006696,https://www.concord.edu/,Public,1394,1394,89.65,980,21,9700,20600,12114,1100,42.25,49.04,9983,45.6,15.0
College of Saint Benedict,college-of-saint-benedict,Saint Joseph,MN,USA,45.561792,-94.319888,https://csbsju.edu/,Private Non-Profit,1392,1392,91.36,1185,24,53884,53884,12160,1000,83.04,87.96,,63.13,11.0
Viterbo University,viterbo-university,La Crosse,WI,USA,43.803133,-91.244297,https://www.viterbo.edu/,Private Non-Profit,1392,1392,73.27,1184,23,32350,32350,10680,1000,65.16,69.79,,57.85,12.0
Lake Superior State University,lake-superior-state-university,Sault Ste Marie,MI,USA,46.492849,-84.365573,https://www.lssu.edu/,Public,1391,1391,68.01,,23,14266,14266,11207,2000,56.94,68.83,14368,43.5,13.0
William Penn University,william-penn-university,Oskaloosa,IA,USA,41.310111,-92.647095,https://www.wmpenn.edu/,Private Non-Profit,1391,1391,57.01,996,19,28750,28750,7712,1504,29.24,56.23,,88.18,13.0
Concordia University Texas,concordia-university-texas,Austin,TX,USA,30.420232,-97.835703,https://www.concordia.edu/,Private Non-Profit,1388,1388,91.06,988,20,36690,36690,12940,800,40.51,63.19,,66.29,16.0
Bridgewater College,bridgewater-college,Bridgewater,VA,USA,38.378484,-78.969007,https://www.bridgewater.edu/,Private Non-Profit,1388,1388,90.81,1225,25,41350,41350,14370,905,49.44,77.49,,64.77,12.0
Cornerstone University,cornerstone-university,Grand Rapids,MI,USA,42.979966,-85.595328,https://www.cornerstone.edu/,Private Non-Profit,1387,1387,73.2,,23,29100,29100,12200,840,61.57,83.75,,54.57,15.0
Claremont McKenna College,claremont-mckenna-college,Claremont,CA,USA,34.102154,-117.711188,https://www.cmc.edu/,Private Non-Profit,1379,1379,11.12,1514,34,64150,64150,19650,1200,95.17,96.27,,19.41,8.0
Buena Vista University,buena-vista-university,Storm Lake,IA,USA,42.642255,-95.208529,https://www.bvu.edu/,Private Non-Profit,1378,1378,71.76,1090,22,40190,40190,10896,1132,47.29,76.27,,68.79,13.0
Sul Ross State University,sul-ross-state-university,Alpine,TX,USA,30.363139,-103.651469,https://www.sulross.edu/,Public,1378,1378,95.62,984,16,7592,17384,10330,1490,27.44,58.33,10991,38.0,11.0
Carson-Newman University,carson-newman-university,Jefferson City,TN,USA,36.122934,-83.491709,https://www.cn.edu/,Private Non-Profit,1374,1374,68.27,1111,22,34700,34700,10507,1600,46.45,73.58,,52.4,12.0
Texas Tech University Health Sciences Center,texas-tech-university-health-sciences-center,Lubbock,TX,USA,33.589284,-101.891915,https://www.ttuhsc.edu/,Public,1374,1374,,,,,,,,,,,51.52,7.0
Belhaven University,belhaven-university,Jackson,MS,USA,32.318415,-90.169228,https://www.belhaven.edu/,Private Non-Profit,1370,1370,53.25,1050,22,29195,29195,9400,650,51.13,68.87,,65.36,13.0
Asbury University,asbury-university,Wilmore,KY,USA,37.862029,-84.662606,https://www.asbury.edu/,Private Non-Profit,1369,1369,64.06,,,33640,33640,9616,1462,65.0,84.27,,42.84,12.0
Drury University,drury-university,Springfield,MO,USA,37.219681,-93.286192,https://www.drury.edu/,Private Non-Profit,1367,1367,58.87,1212,27,35235,35235,10486,1200,66.02,77.11,,52.8,13.0
Southwestern Assemblies of God University,southwestern-assemblies-of-god-university,Waxahachie,TX,USA,32.40443,-96.853492,https://www.sagu.edu/,Private Non-Profit,1366,1366,84.23,1014,20,18610,18610,9050,1406,35.53,81.25,,63.72,15.0
East Texas Baptist University,east-texas-baptist-university,Marshall,TX,USA,32.557847,-94.374488,https://www.etbu.edu/,Private Non-Profit,1364,1364,60.1,,,30050,30050,10629,1502,47.97,69.15,,53.07,15.0
Queens University of Charlotte,queens-university-of-charlotte,Charlotte,NC,USA,35.189051,-80.833509,https://www.queens.edu/,Private Non-Profit,1362,1362,67.68,1223,24,43285,43285,16488,2000,65.88,75.84,,44.5,9.0
University of Maine at Presque Isle,university-of-maine-at-presque-isle,Presque Isle,ME,USA,46.672285,-68.016343,https://www.umpi.edu/,Public,1362,1362,97.09,,,8990,14270,10300,900,37.66,72.82,10028,25.37,28.0
Indiana Institute of Technology,indiana-institute-of-technology,Fort Wayne,IN,USA,41.078365,-85.116479,https://www.indianatech.edu/,Private Non-Profit,1361,1361,56.89,,,30446,30446,12579,,31.39,65.83,,76.98,16.0
University of Arkansas for Medical Sciences,university-of-arkansas-for-medical-sciences,Little Rock,AR,USA,34.750152,-92.322348,https://www.uams.edu/,Public,1361,1361,,,,,,,,,,,35.72,15.0
Lenoir-Rhyne University,lenoir-rhyne-university,Hickory,NC,USA,35.739968,-81.327598,https://www.lr.edu/,Private Non-Profit,1348,1348,80.68,,,30900,30900,12900,1360,51.05,71.05,,55.72,15.0
Albion College,albion-college,Albion,MI,USA,42.245049,-84.745639,https://www.albion.edu/,Private Non-Profit,1347,1347,83.16,,,55746,55746,12570,850,57.09,68.9,,66.55,11.0
Centre College,centre-college,Danville,KY,USA,37.645709,-84.779392,https://www.centre.edu/,Private Non-Profit,1346,1346,54.34,1345,30,50550,50550,13770,1200,85.29,87.5,,44.73,10.0
Bryn Mawr College,bryn-mawr-college,Bryn Mawr,PA,USA,40.02736,-75.313223,https://www.brynmawr.edu/,Private Non-Profit,1346,1346,31.06,1404,,62560,62560,18690,1000,85.59,89.65,,47.76,8.0
Mount Vernon Nazarene University,mount-vernon-nazarene-university,Mount Vernon,OH,USA,40.372901,-82.471074,https://www.mvnu.edu/,Private Non-Profit,1346,1346,84.3,1119,22,35524,35524,9996,1400,63.64,79.86,,56.57,12.0
Southwest Baptist University,southwest-baptist-university,Bolivar,MO,USA,37.602425,-93.407056,https://www.sbuniv.edu/,Private Non-Profit,1339,1339,99.72,1084,22,28320,28320,8952,1500,51.21,66.42,,47.06,10.0
Concordia University-Chicago,concordia-university-chicago,River Forest,IL,USA,41.898696,-87.809482,https://www.cuchicago.edu/,Private Non-Profit,1337,1337,93.36,,,36258,36258,11140,1200,47.4,62.55,,58.58,13.0
Carlow University,carlow-university,Pittsburgh,PA,USA,40.439293,-79.963448,https://www.carlow.edu/,Private Non-Profit,1336,1336,87.1,,23,34502,34502,13406,2000,55.19,77.72,,68.4,12.0
West Virginia State University,west-virginia-state-university,Institute,WV,USA,38.380541,-81.765034,https://www.wvstateu.edu/,Public,1328,1328,96.37,979,,9049,14623,12936,1309,33.51,63.24,10191,15.71,12.0
Mississippi Valley State University,mississippi-valley-state-university,Itta Bena,MS,USA,33.514142,-90.341274,https://www.mvsu.edu/,Public,1326,1326,51.16,910,16,7912,7912,8112,2000,22.14,57.56,11812,53.93,13.0
University of Pittsburgh-Greensburg,university-of-pittsburgh-greensburg,Greensburg,PA,USA,40.276447,-79.532676,https://www.greensburg.pitt.edu/,Public,1322,1322,97.92,1172,22,14630,26504,12490,750,39.63,67.73,17034,60.99,15.0
Maryland Institute College of Art,maryland-institute-college-of-art,Baltimore,MD,USA,39.308792,-76.621033,https://www.mica.edu/,Private Non-Profit,1319,1319,77.29,1207,,55150,55150,19924,1500,71.33,85.02,,40.2,8.0
Kentucky State University,kentucky-state-university,Frankfort,KY,USA,38.201427,-84.855402,https://www.kysu.edu/,Public,1317,1317,92.55,910,,9214,13260,8186,1332,27.14,60.79,8900,55.03,14.0
Rivier University,rivier-university,Nashua,NH,USA,42.738676,-71.45626,https://www.rivier.edu/,Private Non-Profit,1312,1312,81.76,,,37791,37791,14943,1400,58.71,76.21,,73.06,14.0
Westmont College,westmont-college,Santa Barbara,CA,USA,34.450151,-119.662517,https://www.westmont.edu/,Private Non-Profit,1310,1310,79.86,1367,29,51790,51790,16360,1600,70.09,86.82,,50.0,10.0
Thomas More University,thomas-more-university,Crestview Hills,KY,USA,39.022963,-84.568923,https://www.thomasmore.edu/,Private Non-Profit,1305,1305,97.03,1140,,38400,38400,9530,500,40.11,67.02,,59.7,14.0
D'Youville  University,dyouville-university,Buffalo,NY,USA,42.902636,-78.890868,https://www.dyu.edu/,Private Non-Profit,1299,1299,82.35,1040,24,33560,33560,11800,1200,56.68,71.83,,62.47,11.0
Florida Memorial University,florida-memorial-university,Miami Gardens,FL,USA,25.918278,-80.270753,https://www.fmuniv.edu/,Private Non-Profit,1299,1299,74.31,,,19110,19110,9656,2600,30.23,56.88,,55.28,16.0
Albright College,albright-college,Reading,PA,USA,40.361351,-75.909742,https://www.albright.edu/home/,Private Non-Profit,1296,1296,86.15,,,28794,28794,13954,1300,42.15,63.09,,78.33,10.0
Walsh University,walsh-university,North Canton,OH,USA,40.873908,-81.369931,https://www.walsh.edu/,Private Non-Profit,1294,1294,78.18,1210,23,34595,34595,11810,790,61.69,72.94,,52.89,13.0
Oklahoma Baptist University,oklahoma-baptist-university,Shawnee,OK,USA,35.360492,-96.932459,https://www.okbu.edu/,Private Non-Profit,1292,1292,55.68,1173,22,34050,34050,9240,1200,49.73,68.58,,44.06,15.0
University of St Francis,university-of-st-francis,Joliet,IL,USA,41.532225,-88.096057,https://www.stfrancis.edu/,Private Non-Profit,1292,1292,63.93,1055,23,37000,37000,11980,800,64.63,73.36,,79.77,13.0
Meredith College,meredith-college,Raleigh,NC,USA,35.799351,-78.689995,https://www.meredith.edu/,Private Non-Profit,1288,1288,74.66,1224,26,43936,43936,12920,850,64.97,80.97,,54.85,10.0
College for Creative Studies,college-for-creative-studies,Detroit,MI,USA,42.361839,-83.062352,https://www.collegeforcreativestudies.edu/,Private Non-Profit,1285,1285,92.76,,,51355,51355,11040,2154,69.62,76.49,,53.34,10.0
Kettering University,kettering-university,Flint,MI,USA,43.012468,-83.71282,https://www.kettering.edu/,Private Non-Profit,1279,1279,79.09,1219,28,46380,46380,9500,1100,70.54,92.52,,46.13,11.0
University of Baltimore,university-of-baltimore,Baltimore,MD,USA,39.305834,-76.616591,https://www.ubalt.edu/,Public,1276,1276,85.55,1060,19,9772,23490,,1600,46.73,65.38,17546,39.96,10.0
Hardin-Simmons University,hardin-simmons-university,Abilene,TX,USA,32.476434,-99.73564,https://www.hsutx.edu/,Private Non-Profit,1275,1275,96.53,1064,21,31686,31686,10634,1060,49.56,65.33,,82.78,15.0
Missouri Valley College,missouri-valley-college,Marshall,MO,USA,39.108522,-93.190654,https://www.moval.edu/,Private Non-Profit,1274,1274,52.69,1018,19,23000,23000,10500,2000,24.48,53.05,,41.11,16.0
The University of Montana-Western,the-university-of-montana-western,Dillon,MT,USA,45.208306,-112.639264,https://umwestern.edu/,Public,1271,1271,99.5,,,6430,19038,9104,1200,49.45,79.17,16669,32.16,15.0
Concordia University-Nebraska,concordia-university-nebraska,Seward,NE,USA,40.914853,-97.089054,https://www.cune.edu/,Private Non-Profit,1270,1270,90.04,1148,23,39330,39330,10350,1070,64.08,77.61,,26.61,14.0
Massachusetts Maritime Academy,massachusetts-maritime-academy,Buzzards Bay,MA,USA,41.739072,-70.624084,https://www.maritime.edu/,Public,1270,1270,94.55,,,10816,23910,14526,1500,79.12,78.86,26661,79.26,12.0
Wittenberg University,wittenberg-university,Springfield,OH,USA,39.934029,-83.815445,https://www.wittenberg.edu/,Private Non-Profit,1269,1269,91.04,1153,23,44602,44602,11562,1600,53.82,73.58,,59.14,12.0
Mount Saint Mary College,mount-saint-mary-college,Newburgh,NY,USA,41.513872,-74.012655,https://www.msmc.edu/,Private Non-Profit,1268,1268,82.46,1160,22,41370,41370,18820,1522,65.66,74.32,,64.92,12.0
Immaculata University,immaculata-university,Immaculata,PA,USA,40.027981,-75.570711,https://www.immaculata.edu/,Private Non-Profit,1265,1265,78.45,1163,25,28550,28550,12870,1300,64.47,79.5,,53.74,10.0
Saint Vincent College,saint-vincent-college,Latrobe,PA,USA,40.29265,-79.403762,https://www.stvincent.edu/,Private Non-Profit,1264,1264,59.1,1120,25,41100,41100,13918,1500,72.15,85.09,,74.03,10.0
Andrews University,andrews-university,Berrien Springs,MI,USA,41.963859,-86.355815,https://www.andrews.edu/,Private Non-Profit,1262,1262,87.4,1177,24,33710,33710,10050,1100,65.93,83.26,,34.71,10.0
Texas Lutheran University,texas-lutheran-university,Seguin,TX,USA,29.573261,-97.982669,https://www.tlu.edu/,Private Non-Profit,1260,1260,94.79,1124,,34920,34920,11880,1000,55.18,67.15,,65.93,10.0
University of Sioux Falls,university-of-sioux-falls,Sioux Falls,SD,USA,43.531574,-96.738229,https://www.usiouxfalls.edu/,Private Non-Profit,1258,1258,82.08,,,20740,20740,8960,1000,60.51,75.17,,66.94,17.0
Saint Martin's University,saint-martins-university,Lacey,WA,USA,47.041068,-122.816354,https://www.stmartin.edu/,Private Non-Profit,1254,1254,75.93,1057,21,44210,44210,13980,1000,57.09,73.29,,59.27,10.0
Oakwood University,oakwood-university,Huntsville,AL,USA,34.756344,-86.652705,https://www2.oakwood.edu/,Private Non-Profit,1253,1253,50.51,,,21838,21838,9384,1200,48.91,63.88,,57.54,10.0
Lesley University,lesley-university,Cambridge,MA,USA,42.38012,-71.117303,https://www.lesley.edu/,Private Non-Profit,1252,1252,94.42,,,32780,32780,19060,1500,61.74,76.89,,51.29,10.0
Chatham University,chatham-university,Pittsburgh,PA,USA,40.448432,-79.926083,https://www.chatham.edu/,Private Non-Profit,1252,1252,70.11,1205,,43810,43810,14324,1000,66.2,78.69,,63.64,10.0
Manhattanville College,manhattanville-college,Purchase,NY,USA,41.032187,-73.715645,https://www.mville.edu/,Private Non-Profit,1250,1250,84.66,,27,42950,42950,15540,800,53.73,72.61,,59.3,12.0
Midway University,midway-university,Midway,KY,USA,38.146126,-84.678142,https://www.midway.edu/,Private Non-Profit,1250,1250,95.18,1145,22,26080,26080,9500,1800,46.38,68.83,,62.34,15.0
Gordon College,gordon-college,Wenham,MA,USA,42.590567,-70.82151,https://www.gordon.edu/,Private Non-Profit,1247,1247,58.78,1268,27,28100,28100,12650,800,67.63,82.9,,56.11,11.0
Coe College,coe-college,Cedar Rapids,IA,USA,41.988263,-91.658192,https://www.coe.edu/,Private Non-Profit,1246,1246,70.67,1206,,52576,52576,11336,1000,59.0,76.52,,72.55,11.0
Freed-Hardeman University,freed-hardeman-university,Henderson,TN,USA,35.440611,-88.637964,https://www.fhu.edu/,Private Non-Profit,1244,1244,90.62,1109,24,25000,25000,8540,1300,68.37,80.61,,39.78,13.0
Virginia Wesleyan University,virginia-wesleyan-university,Virginia Beach,VA,USA,36.868417,-76.18606,https://www.vwu.edu/,Private Non-Profit,1243,1243,71.29,1281,29,36960,36960,11513,1500,49.05,66.79,,47.6,13.0
SUNY Maritime College,suny-maritime-college,Throggs Neck,NY,USA,40.807217,-73.795309,https://www.sunymaritime.edu/,Public,1242,1242,78.51,1199,26,8540,18450,16146,1500,74.85,79.7,21781,40.69,14.0
Otis College of Art and Design,otis-college-of-art-and-design,Los Angeles,CA,USA,33.956607,-118.416615,https://www.otis.edu/,Private Non-Profit,1242,1242,83.98,,25,55513,55513,17262,938,60.59,72.93,,41.8,8.0
Northern State University,northern-state-university,Aberdeen,SD,USA,45.450829,-98.484728,https://www.northern.edu/,Public,1239,1239,92.79,1090,21,8845,11947,10300,1200,52.24,75.1,17094,23.29,17.0
Adams State University,adams-state-university,Alamosa,CO,USA,37.473636,-105.879642,https://www.adams.edu/,Public,1239,1239,,,21,9776,21848,9553,1460,31.65,55.48,14173,33.41,14.0
The College of Saint Rose,the-college-of-saint-rose,Albany,NY,USA,42.664297,-73.786661,https://www.strose.edu/,Private Non-Profit,1238,1238,73.4,,,37452,37452,14394,1200,50.95,72.38,,60.82,14.0
Piedmont University,piedmont-university,Demorest,GA,USA,34.566042,-83.542126,https://www.piedmont.edu/,Private Non-Profit,1235,1235,92.84,1074,23,30680,30680,12300,1298,41.46,77.08,,67.95,12.0
Bluefield State University,bluefield-state-university,Bluefield,WV,USA,37.265732,-81.239037,https://bluefieldstate.edu/,Public,1231,1231,87.22,998,20,10240,17560,11327,1200,34.56,55.33,12529,53.47,17.0
Lakeland University,lakeland-university,Plymouth,WI,USA,43.841573,-87.883414,https://www.lakeland.edu/,Private Non-Profit,1230,1230,91.09,,,32286,32286,11872,1100,55.75,66.52,,55.01,13.0
Ave Maria University,ave-maria-university,Ave Maria,FL,USA,26.335983,-81.438945,https://www.avemaria.edu/,Private Non-Profit,1229,1229,44.81,,,28222,28222,14125,1320,55.48,75.0,,49.96,12.0
Reach University,reach-university,Oakland,CA,USA,37.80566,-122.277476,https://www.reach.edu/,Private Non-Profit,1226,1226,99.15,,,12374,12374,,1200,,69.23,,0.0,37.0
Pennsylvania State University-Penn State Brandywine,pennsylvania-state-university-penn-state-brandywine,Media,PA,USA,39.927123,-75.449704,https://www.brandywine.psu.edu/,Public,1218,1218,95.33,1211,,15180,25118,13820,1840,21.33,72.37,22518,51.92,14.0
Walla Walla University,walla-walla-university,College Place,WA,USA,46.048088,-118.389555,https://www.wallawalla.edu/,Private Non-Profit,1214,1214,,,,33027,33027,10416,765,64.16,84.46,,48.54,13.0
University of Virginia's College at Wise,university-of-virginias-college-at-wise,Wise,VA,USA,36.970602,-82.559656,https://www.uvawise.edu/,Public,1214,1214,93.92,1104,22,11656,32540,12535,1680,49.81,73.2,11180,21.48,13.0
Lubbock Christian University,lubbock-christian-university,Lubbock,TX,USA,33.575973,-101.934426,https://www.lcu.edu/,Private Non-Profit,1210,1210,73.19,1086,23,27298,27298,8898,1300,48.71,73.91,,75.04,12.0
Allegheny College,allegheny-college,Meadville,PA,USA,41.64869,-80.147168,https://allegheny.edu/,Private Non-Profit,1209,1209,58.53,1292,26,54960,54960,13796,1000,66.53,84.38,,71.23,8.0
Alma College,alma-college,Alma,MI,USA,43.38004,-84.672053,https://www.alma.edu/,Private Non-Profit,1208,1208,65.66,,,47430,47430,13128,850,63.73,76.35,,66.18,14.0
Evangel University,evangel-university,Springfield,MO,USA,37.220956,-93.262614,https://www.evangel.edu/,Private Non-Profit,1205,1205,69.3,,,27192,27192,9176,816,64.8,79.3,,89.89,12.0
Hood College,hood-college,Frederick,MD,USA,39.420631,-77.419049,https://www.hood.edu/,Private Non-Profit,1202,1202,78.13,,,45870,45870,14250,1430,55.29,80.27,,63.73,11.0
Aquinas College,aquinas-college,Grand Rapids,MI,USA,42.96019,-85.628785,https://www.aquinas.edu/,Private Non-Profit,1201,1201,71.06,1087,23,38520,38520,10994,2098,62.5,73.62,,42.77,11.0
Avila University,avila-university,Kansas City,MO,USA,38.91339,-94.591758,https://www.avila.edu/,Private Non-Profit,1192,1192,59.54,942,20,38672,38672,9065,1190,42.62,68.31,,85.17,13.0
Midland University,midland-university,Fremont,NE,USA,41.43674,-96.488008,https://www.midlandu.edu/,Private Non-Profit,1191,1191,66.92,1043,21,40270,40270,10562,1020,43.21,72.53,,65.15,13.0
Pitzer College,pitzer-college,Claremont,CA,USA,34.104107,-117.706675,https://www.pitzer.edu/,Private Non-Profit,1191,1191,16.66,,,62692,62692,21374,1100,83.21,94.17,,21.7,10.0
Mary Baldwin University,mary-baldwin-university,Staunton,VA,USA,38.153884,-79.069273,https://www.marybaldwin.edu/,Private Non-Profit,1188,1188,,,,33157,33157,10630,900,55.66,61.24,,66.44,14.0
Bay Path University,bay-path-university,Longmeadow,MA,USA,42.055088,-72.583382,https://www.baypath.edu/,Private Non-Profit,1186,1186,73.5,,,37227,37227,13316,1800,56.94,69.06,,83.95,7.0
Georgetown College,georgetown-college,Georgetown,KY,USA,38.207615,-84.553767,https://www.georgetowncollege.edu/,Private Non-Profit,1180,1180,73.88,1149,,42010,42010,11385,1250,47.54,67.7,,52.8,15.0
Dominican University of California,dominican-university-of-california,San Rafael,CA,USA,37.981279,-122.512051,https://www.dominican.edu/,Private Non-Profit,1178,1178,95.62,1194,23,50666,50666,15986,1152,76.27,88.37,,54.77,8.0
Glenville State University,glenville-state-university,Glenville,WV,USA,38.93547,-80.834295,https://www.glenville.edu/,Public,1177,1177,,,,9412,11140,11484,780,35.49,62.93,16358,35.07,15.0
Juniata College,juniata-college,Huntingdon,PA,USA,40.500523,-78.017292,https://www.juniata.edu/,Private Non-Profit,1175,1175,71.65,1185,,56402,56402,13546,,68.91,77.03,,66.75,10.0
Kalamazoo College,kalamazoo-college,Kalamazoo,MI,USA,42.290789,-85.601857,https://www.kzoo.edu/,Private Non-Profit,1175,1175,76.23,1270,27,58764,58764,12084,900,81.7,83.51,,46.86,10.0
Georgian Court University,georgian-court-university,Lakewood,NJ,USA,40.099617,-74.228186,https://georgian.edu/,Private Non-Profit,1174,1174,70.52,,25,37110,37110,12910,1200,55.09,76.02,,44.39,10.0
North Carolina Wesleyan University,north-carolina-wesleyan-university,Rocky Mount,NC,USA,36.019665,-77.773982,https://www.ncwc.edu/,Private Non-Profit,1169,1169,77.95,,18,35536,35536,12794,300,40.43,65.45,,63.01,13.0
Morningside University,morningside-university,Sioux City,IA,USA,42.473891,-96.359464,https://www.morningside.edu/,Private Non-Profit,1166,1166,70.57,910,,38190,38190,11204,1250,52.84,69.36,,68.8,12.0
Averett University,averett-university,Danville,VA,USA,36.577287,-79.413203,https://www.averett.edu/,Private Non-Profit,1162,1162,47.8,1054,20,38550,38550,13016,1000,43.57,58.63,,67.54,13.0
Saint Michael's College,saint-michaels-college,Colchester,VT,USA,44.494558,-73.167069,https://www.smcvt.edu/,Private Non-Profit,1157,1157,91.85,1241,,50040,50040,16495,1000,68.87,84.11,,58.31,10.0
La Sierra University,la-sierra-university,Riverside,CA,USA,33.910704,-117.500054,https://lasierra.edu/,Private Non-Profit,1155,1155,93.3,,23,35910,35910,11670,1350,68.06,82.41,,61.28,11.0
Washington & Jefferson College,washington-jefferson-college,Washington,PA,USA,40.170622,-80.24049,https://www.washjeff.edu/,Private Non-Profit,1154,1154,81.54,,26,28185,28185,13910,1000,71.39,81.9,,77.02,10.0
Virginia Union University,virginia-union-university,Richmond,VA,USA,37.562405,-77.450903,https://www.vuu.edu/,Private Non-Profit,1153,1153,97.73,860,16,14880,14880,9552,0,41.33,61.82,,45.6,22.0
Nichols College,nichols-college,Dudley,MA,USA,42.044033,-71.930283,https://www.nichols.edu/,Private Non-Profit,1152,1152,88.14,1110,23,40375,40375,14950,1500,63.64,71.84,,74.05,15.0
Lasell University,lasell-university,Newton,MA,USA,42.342148,-71.24347,https://www.lasell.edu/,Private Non-Profit,1152,1152,82.25,1159,27,26000,26000,13500,1000,53.17,70.7,,73.3,11.0
Miles College,miles-college,Fairfield,AL,USA,33.482442,-86.908751,https://www.miles.edu/,Private Non-Profit,1151,1151,,,,12714,12714,7348,250,25.66,55.63,,77.5,12.0
Inter American University of Puerto Rico-Fajardo,inter-american-university-of-puerto-rico-fajardo,Fajardo,PR,USA,18.329222,-65.648052,https://www.fajardo.inter.edu/,Private Non-Profit,1149,1149,35.56,,,5580,5580,,2460,32.85,69.14,,13.38,23.0
University of Oklahoma-Health Sciences Center,university-of-oklahoma-health-sciences-center,Oklahoma City,OK,USA,35.47928,-97.496289,https://ouhsc.edu/,Public,1143,1143,,,,,,,,,,,51.78,8.0
Dean College,dean-college,Franklin,MA,USA,42.085634,-71.397813,https://www.dean.edu/,Private Non-Profit,1142,1142,73.71,,,44960,44960,19192,1000,43.17,75.55,,71.15,15.0
Gwynedd Mercy University,gwynedd-mercy-university,Gwynedd Valley,PA,USA,40.19774,-75.237224,https://www.gmercyu.edu/,Private Non-Profit,1141,1141,93.61,1110,,38310,38310,14142,1500,58.49,78.32,,63.17,9.0
Peru State College,peru-state-college,Peru,NE,USA,40.474689,-95.732731,https://www.peru.edu/,Public,1141,1141,,,,8280,8280,10016,960,37.72,62.73,11401,40.38,16.0
University of Pikeville,university-of-pikeville,Pikeville,KY,USA,37.479232,-82.521063,https://www.upike.edu/,Private Non-Profit,1140,1140,,,,24150,24150,8600,190,39.07,64.5,,66.73,14.0
Fisher College,fisher-college,Boston,MA,USA,42.355253,-71.074125,https://www.fisher.edu/,Private Non-Profit,1138,1138,70.75,,20,35013,35013,17687,2000,28.44,54.44,,62.88,14.0
Northwest Nazarene University,northwest-nazarene-university,Nampa,ID,USA,43.562411,-116.565783,https://www.nnu.edu/,Private Non-Profit,1138,1138,62.95,1184,23,39370,39370,11550,1320,59.93,78.72,,59.91,14.0
Mount Mercy University,mount-mercy-university,Cedar Rapids,IA,USA,42.001931,-91.650991,https://www.mtmercy.edu/,Private Non-Profit,1135,1135,78.76,1120,,39070,39070,11030,1200,55.88,70.14,,56.96,13.0
University of Maine at Farmington,university-of-maine-at-farmington,Farmington,ME,USA,44.666911,-70.147121,https://www.umf.maine.edu/,Public,1131,1131,97.63,1040,,10989,23079,10970,960,52.75,78.71,14873,44.8,12.0
Simpson College,simpson-college,Indianola,IA,USA,41.365503,-93.563471,https://simpson.edu/,Private Non-Profit,1130,1130,88.88,1410,24,46212,46212,10088,1134,65.66,76.0,,70.45,11.0
Arizona Christian University,arizona-christian-university,Glendale,AZ,USA,33.622952,-112.181776,https://arizonachristian.edu/,Private Non-Profit,1127,1127,74.42,,20,34697,34697,13500,1730,41.45,55.25,,69.59,18.0
Catawba College,catawba-college,Salisbury,NC,USA,35.691443,-80.482751,https://www.catawba.edu/,Private Non-Profit,1127,1127,77.7,1136,22,33400,33400,12550,1400,52.11,73.49,,59.83,12.0
Austin College,austin-college,Sherman,TX,USA,33.646345,-96.596331,https://www.austincollege.edu/,Private Non-Profit,1125,1125,46.66,1272,26,46500,46500,13495,1250,69.49,80.0,,51.76,11.0
Northwestern College,northwestern-college,Orange City,IA,USA,42.999007,-96.058772,https://www.nwciowa.edu/,Private Non-Profit,1125,1125,87.01,,24,35300,35300,10700,1100,63.57,79.86,,54.18,14.0
Mount Aloysius College,mount-aloysius-college,Cresson,PA,USA,40.459679,-78.600898,https://www.mtaloy.edu/,Private Non-Profit,1123,1123,90.41,1034,,26156,26156,12194,2500,55.56,70.99,,32.13,12.0
New Mexico Institute of Mining and Technology,new-mexico-institute-of-mining-and-technology,Socorro,NM,USA,34.067041,-106.905211,https://www.nmt.edu/,Public,1122,1122,53.96,1182,26,9058,26312,9614,800,56.36,76.85,8265,35.14,10.0
Edward Waters University,edward-waters-university,Jacksonville,FL,USA,30.34479,-81.684879,https://www.ew.edu/,Private Non-Profit,1113,1113,84.81,,,14878,14878,8010,0,27.95,53.4,,72.42,18.0
Dillard University,dillard-university,New Orleans,LA,USA,29.996587,-90.06464,https://www.dillard.edu/,Private Non-Profit,1111,1111,40.51,1089,21,22194,22194,11786,1300,45.1,69.6,,92.97,11.0
Our Lady of the Lake University,our-lady-of-the-lake-university,San Antonio,TX,USA,29.426194,-98.54365,https://www.ollusa.edu/,Private Non-Profit,1110,1110,,,19,31728,31728,10706,,42.43,58.33,,64.6,11.0
McMurry University,mcmurry-university,Abilene,TX,USA,32.429776,-99.748682,https://mcm.edu/,Private Non-Profit,1108,1108,57.65,1072,24,31372,31372,9788,200,38.62,64.6,,60.44,13.0
Dickinson State University,dickinson-state-university,Dickinson,ND,USA,46.882917,-102.799679,https://www.dickinsonstate.edu/,Public,1108,1108,60.05,,19,9118,11218,7740,1200,43.39,60.43,15270,39.33,13.0
Emory & Henry University,emory-henry-university,Emory,VA,USA,36.772857,-81.829142,https://www.ehc.edu/,Private Non-Profit,1107,1107,96.3,1171,,35280,35280,14360,1200,53.75,69.16,,65.9,12.0
Edgewood College,edgewood-college,Madison,WI,USA,43.057059,-89.422884,https://www.edgewood.edu/,Private Non-Profit,1104,1104,94.52,,,34850,34850,12590,800,67.38,74.9,,57.38,13.0
Mount St. Joseph University,mount-st-joseph-university,Cincinnati,OH,USA,39.095893,-84.639453,https://www.msj.edu/,Private Non-Profit,1100,1100,56.52,1068,24,36650,36650,11200,1200,54.71,76.01,,54.47,9.0
Hartwick College,hartwick-college,Oneonta,NY,USA,42.457599,-75.071994,https://www.hartwick.edu/,Private Non-Profit,1099,1099,68.7,1170,25,52849,52849,14647,700,46.15,70.88,,80.53,10.0
American International College,american-international-college,Springfield,MA,USA,42.112346,-72.558338,https://www.aic.edu/,Private Non-Profit,1097,1097,96.9,,,42970,42970,16260,1200,42.28,67.78,,80.55,16.0
Southern University at New Orleans,southern-university-at-new-orleans,New Orleans,LA,USA,30.026162,-90.044912,https://www.suno.edu/,Public,1095,1095,60.21,910,,7490,16390,10340,1300,17.86,48.39,15260,37.8,13.0
Hendrix College,hendrix-college,Conway,AR,USA,35.101565,-92.443256,https://www.hendrix.edu/,Private Non-Profit,1094,1094,52.98,1336,28,36650,36650,14300,1100,69.23,78.24,,44.79,11.0
Shorter University,shorter-university,Rome,GA,USA,34.257543,-85.196529,https://www.shorter.edu/,Private Non-Profit,1091,1091,96.93,1075,21,24044,24044,9784,1200,37.08,67.16,,49.24,15.0
City University of Seattle,city-university-of-seattle,Seattle,WA,USA,47.617381,-122.344594,https://www.cityu.edu/,Private Non-Profit,1091,1091,,,,14589,14589,11613,762,16.67,0.0,,14.37,9.0
Loras College,loras-college,Dubuque,IA,USA,42.503908,-90.679023,https://www.loras.edu/,Private Non-Profit,1087,1087,91.83,,,38298,38298,9668,800,69.85,82.87,,59.32,12.0
Harris-Stowe State University,harris-stowe-state-university,Saint Louis,MO,USA,38.631744,-90.224288,https://www.hssu.edu/,Public,1086,1086,,,,6442,11074,10084,800,27.41,68.56,13459,61.53,14.0
Dominican University New York,dominican-university-new-york,Orangeburg,NY,USA,41.047419,-73.950555,https://www.duny.edu/,Private Non-Profit,1083,1083,78.83,1160,,33060,33060,16220,1600,56.77,66.82,,69.1,14.0
Waynesburg University,waynesburg-university,Waynesburg,PA,USA,39.899871,-80.186205,https://www.waynesburg.edu/,Private Non-Profit,1081,1081,91.69,1114,,29460,29460,12300,1500,60.5,72.3,,72.49,10.0
United States Coast Guard Academy,united-states-coast-guard-academy,New London,CT,USA,41.375823,-72.101583,https://www.uscga.edu/,Public,1081,1081,24.32,1290,27,,,,,87.89,98.62,,,7.0
Baker University,baker-university,Baldwin City,KS,USA,38.778712,-95.187346,https://www.bakeru.edu/,Private Non-Profit,1080,1080,92.1,950,21,33900,33900,10720,1250,59.38,74.24,,44.07,12.0
University of Mobile,university-of-mobile,Mobile,AL,USA,30.793247,-88.128934,https://www.umobile.edu/,Private Non-Profit,1079,1079,72.51,1220,,26120,26120,10676,1800,55.51,71.69,,42.87,13.0
Scripps College,scripps-college,Claremont,CA,USA,34.104147,-117.711294,https://www.scrippscollege.edu/,Private Non-Profit,1077,1077,33.94,1480,33,63434,63434,20998,800,87.12,88.08,,22.85,11.0
Russell Sage College,russell-sage-college,Troy,NY,USA,42.72822,-73.693711,https://sage.edu/,Private Non-Profit,1075,1075,76.19,,,36756,36756,13791,1200,65.67,74.79,,92.52,10.0
Cornell College,cornell-college,Mount Vernon,IA,USA,41.924554,-91.423741,https://www.cornellcollege.edu/,Private Non-Profit,1074,1074,80.66,1246,27,50634,50634,11358,1200,71.67,74.16,,63.54,12.0
Anderson University,anderson-university,Anderson,IN,USA,40.112768,-85.664315,https://anderson.edu/,Private Non-Profit,1070,1070,53.42,1054,22,35640,35640,12250,1500,49.42,69.66,,61.29,10.0
Bethel University,bethel-university,Mishawaka,IN,USA,41.678399,-86.194686,https://betheluniversity.edu/,Private Non-Profit,1069,1069,98.68,1073,,33320,33320,10560,1260,57.21,70.04,,48.61,12.0
AdventHealth University,adventhealth-university,Orlando,FL,USA,28.576142,-81.367687,https://www.ahu.edu/,Private Non-Profit,1068,1068,,,,20880,20880,13728,3600,35.62,48.39,,49.64,6.0
Roberts Wesleyan University,roberts-wesleyan-university,Rochester,NY,USA,43.125755,-77.798498,https://www.roberts.edu/,Private Non-Profit,1065,1065,77.78,1205,26,37504,37504,12996,1200,63.93,77.34,,67.46,9.0
University of the Arts,university-of-the-arts,Philadelphia,PA,USA,39.946017,-75.165888,https://www.uarts.edu/,Private Non-Profit,1064,1064,78.2,,,54290,54290,19028,1314,69.19,80.66,,86.58,7.0
Central College,central-college,Pella,IA,USA,41.401539,-92.922199,https://www.central.edu/,Private Non-Profit,1062,1062,78.97,1115,22,20988,20988,12220,1275,69.16,72.65,,65.53,12.0
Regis College,regis-college,Weston,MA,USA,42.351291,-71.310561,https://www.regiscollege.edu/,Private Non-Profit,1061,1061,89.28,,,47770,47770,17080,1200,69.49,81.19,,66.9,11.0
Saint Mary's University of Minnesota,saint-marys-university-of-minnesota,Winona,MN,USA,44.044736,-91.695449,https://www.smumn.edu/,Private Non-Profit,1061,1061,88.81,,,43160,43160,10720,1600,67.67,78.6,,57.27,18.0
William Woods University,william-woods-university,Fulton,MO,USA,38.860287,-91.950416,https://www.williamwoods.edu/,Private Non-Profit,1061,1061,74.49,,,28860,28860,12402,1300,56.99,73.71,,50.19,11.0
Franklin Pierce University,franklin-pierce-university,Rindge,NH,USA,42.78014,-72.058011,https://www.franklinpierce.edu/,Private Non-Profit,1055,1055,90.19,1030,,44963,44963,15912,1110,46.1,72.96,,73.19,13.0
Oregon State University-Cascades Campus,oregon-state-university-cascades-campus,Bend,OR,USA,44.042795,-121.333703,https://osucascades.edu/,Public,1054,1054,68.44,,25,12594,34944,15075,600,51.16,78.23,17722,32.95,9.0
Carroll College,carroll-college,Helena,MT,USA,46.600771,-112.040285,https://www.carroll.edu/,Private Non-Profit,1052,1052,72.64,1170,25,40352,40352,11624,800,66.33,81.08,,44.89,11.0
The College of Idaho,the-college-of-idaho,Caldwell,ID,USA,43.652284,-116.677992,https://www.collegeofidaho.edu/,Private Non-Profit,1049,1049,47.22,1166,26,36030,36030,11935,1200,64.12,76.49,,51.52,10.0
Notre Dame College,notre-dame-college,Cleveland,OH,USA,41.506894,-81.516617,https://www.notredamecollege.edu/,Private Non-Profit,1049,1049,80.35,,19,32606,32606,11398,1400,36.63,69.3,,60.65,14.0
Lycoming College,lycoming-college,Williamsport,PA,USA,41.24666,-77.0,https://www.lycoming.edu/,Private Non-Profit,1049,1049,67.88,1169,25,47675,47675,14612,1200,59.57,82.37,,72.74,11.0
Johnson C Smith University,johnson-c-smith-university,Charlotte,NC,USA,35.243033,-80.857251,https://www.jcsu.edu/,Private Non-Profit,1047,1047,42.87,,,20480,20480,9014,1200,34.14,62.55,,73.48,11.0
Quincy University,quincy-university,Quincy,IL,USA,39.938898,-91.385975,https://www.quincy.edu/,Private Non-Profit,1038,1038,49.89,1157,24,35740,35740,12160,,42.74,64.03,,52.31,14.0
Marietta College,marietta-college,Marietta,OH,USA,39.41668,-81.450045,https://www.marietta.edu/,Private Non-Profit,1035,1035,78.62,1103,21,38974,38974,12544,1476,58.09,73.44,,61.14,9.0
Schreiner University,schreiner-university,Kerrville,TX,USA,30.031458,-99.130586,https://www.schreiner.edu/,Private Non-Profit,1028,1028,87.97,,21,37396,37396,10407,50,43.7,71.97,,65.76,15.0
Maryville College,maryville-college,Maryville,TN,USA,35.751505,-83.964223,https://www.maryvillecollege.edu/,Private Non-Profit,1028,1028,65.68,1181,24,38514,38514,13000,1228,47.18,68.71,,80.73,12.0
Southwestern College,southwestern-college,Winfield,KS,USA,37.248608,-96.975405,https://www.sckans.edu/,Private Non-Profit,1026,1026,64.97,,19,38480,38480,11356,1000,33.51,53.06,,48.92,11.0
California Institute of Technology,california-institute-of-technology,Pasadena,CA,USA,34.137349,-118.125878,https://www.caltech.edu/,Private Non-Profit,1023,1023,3.14,,,63255,63255,19503,1428,93.16,97.77,,3.56,3.0
William Jessup University,william-jessup-university,Rocklin,CA,USA,38.819728,-121.292312,https://www.jessup.edu/,Private Non-Profit,1021,1021,76.82,,,37150,37150,13249,938,60.71,68.83,,47.31,9.0
Barton College,barton-college,Wilson,NC,USA,35.734376,-77.913867,https://www.barton.edu/,Private Non-Profit,1020,1020,95.87,,20,35600,35600,13050,650,51.52,65.22,,65.37,14.0
University of New Hampshire College of Professional Studies Online,university-of-new-hampshire-college-of-professional-studies-online,Manchester,NH,USA,42.987209,-71.468755,https://cps.unh.edu/online,Public,1019,1019,,,,7812,9372,,900,14.29,33.33,14106,43.35,13.0
Huntington University,huntington-university,Huntington,IN,USA,40.898152,-85.497317,https://www.huntington.edu/,Private Non-Profit,1016,1016,71.15,1124,22,29982,29982,9880,1000,68.2,76.98,,77.14,10.0
Central Methodist University-College of Liberal Arts and Sciences,central-methodist-university-college-of-liberal-arts-and-sciences,Fayette,MO,USA,39.150497,-92.685253,https://www.centralmethodist.edu/,Private Non-Profit,1015,1015,87.9,1090,21,27140,27140,8910,1000,52.5,64.73,,63.86,11.0
Friends University,friends-university,Wichita,KS,USA,37.678459,-97.367048,https://www.friends.edu/,Private Non-Profit,1015,1015,55.64,1014,21,32748,32748,10828,1500,61.49,69.62,,50.0,14.0
Transylvania University,transylvania-university,Lexington,KY,USA,38.052983,-84.493202,https://www.transy.edu/,Private Non-Profit,1014,1014,84.99,1285,27,44980,44980,14195,1000,69.75,83.45,,49.95,10.0
Reinhardt University,reinhardt-university,Waleska,GA,USA,34.319756,-84.554264,https://www.reinhardt.edu/,Private Non-Profit,1012,1012,55.16,,,28420,28420,12950,1500,35.62,56.67,,58.26,11.0
Guilford College,guilford-college,Greensboro,NC,USA,36.094233,-79.887737,https://www.guilford.edu/,Private Non-Profit,1011,1011,83.76,1120,20,41140,41140,13100,1270,47.66,65.85,,54.12,12.0
Wisconsin Lutheran College,wisconsin-lutheran-college,Milwaukee,WI,USA,43.036943,-88.022718,https://www.wlc.edu/,Private Non-Profit,1009,1009,79.05,1214,25,35080,35080,11880,800,62.66,79.94,,70.69,11.0
St. Thomas Aquinas College,st-thomas-aquinas-college,Sparkill,NY,USA,41.041576,-73.936799,https://www.stac.edu/,Private Non-Profit,1009,1009,82.23,,29,37720,37720,16280,1250,62.6,74.9,,27.17,16.0
West Virginia University Institute of Technology,west-virginia-university-institute-of-technology,Beckley,WV,USA,37.775924,-81.184072,https://www.wvutech.edu/,Public,1009,1009,61.0,1044,22,8064,20120,13020,950,36.12,60.94,9957,25.54,12.0
California College of the Arts,california-college-of-the-arts,San Francisco,CA,USA,37.767485,-122.399451,https://www.cca.edu/,Private Non-Profit,1004,1004,73.4,,,57946,57946,21165,1500,58.72,57.37,,45.64,7.0
Geneva College,geneva-college,Beaver Falls,PA,USA,40.772518,-80.321826,https://www.geneva.edu/,Private Non-Profit,1000,1000,,,,33610,33610,10980,1100,61.46,81.02,,85.31,12.0
Knox College,knox-college,Galesburg,IL,USA,40.943064,-90.373165,https://www.knox.edu/,Private Non-Profit,997,997,71.13,1250,28,55587,55587,10407,1200,67.51,79.92,,71.98,10.0
Oklahoma Panhandle State University,oklahoma-panhandle-state-university,Goodwell,OK,USA,36.594518,-101.638488,https://www.opsu.edu/,Public,997,997,,,,7922,8673,6260,465,26.13,47.13,7557,65.22,19.0
Mars Hill University,mars-hill-university,Mars Hill,NC,USA,35.82752,-82.551827,https://www.mhu.edu/,Private Non-Profit,995,995,77.89,,,37270,37270,10228,,41.93,61.16,,63.18,10.0
Spring Arbor University,spring-arbor-university,Spring Arbor,MI,USA,42.206568,-84.556074,https://www.arbor.edu/,Private Non-Profit,990,990,37.33,1072,,32580,32580,10960,800,59.85,73.57,,51.29,11.0
Wright State University-Lake Campus,wright-state-university-lake-campus,Celina,OH,USA,40.546074,-84.509194,https://lake.wright.edu/,Public,984,984,,,21,7504,16922,11100,1400,42.47,64.82,12603,22.02,13.0
Huston-Tillotson University,huston-tillotson-university,Austin,TX,USA,30.264667,-97.721691,https://www.htu.edu/,Private Non-Profit,982,982,,,17,14703,14703,8449,1000,36.07,50.54,,72.75,16.0
Mercy College of Ohio,mercy-college-of-ohio,Toledo,OH,USA,41.658319,-83.552538,https://www.mercycollege.edu/,Private Non-Profit,982,982,42.76,961,19,18950,18950,,1350,44.64,85.71,,68.93,7.0
Brenau University,brenau-university,Gainesville,GA,USA,34.303117,-83.821513,https://www.brenau.edu/,Private Non-Profit,981,981,86.96,1087,23,33275,33275,12600,1240,35.36,61.98,,74.56,11.0
Doane University,doane-university,Crete,NE,USA,40.622952,-96.950932,https://www.doane.edu/,Private Non-Profit,981,981,89.53,,,40491,40491,11615,1000,55.85,72.38,,77.35,11.0
New England College,new-england-college,Henniker,NH,USA,43.176403,-71.822282,https://www.nec.edu/,Private Non-Profit,980,980,95.74,,,41578,41578,17014,1000,31.09,60.0,,73.44,8.0
University of Minnesota-Morris,university-of-minnesota-morris,Morris,MN,USA,45.589775,-95.899729,https://morris.umn.edu/,Public,980,980,70.46,,,14288,16438,10074,1000,61.93,72.86,9110,38.58,9.0
University of Pittsburgh-Bradford,university-of-pittsburgh-bradford,Bradford,PA,USA,41.943415,-78.673701,https://www.upb.pitt.edu/,Public,980,980,90.81,1168,24,14620,26494,10848,750,43.44,61.25,16630,68.53,12.0
MidAmerica Nazarene University,midamerica-nazarene-university,Olathe,KS,USA,38.875244,-94.781526,https://www.mnu.edu/,Private Non-Profit,977,977,73.46,1016,20,36120,36120,10760,1446,46.15,61.37,,53.06,10.0
King University,king-university,Bristol,TN,USA,36.585309,-82.159421,https://www.king.edu/,Private Non-Profit,975,975,54.39,,21,34800,34800,10262,1706,46.43,59.86,,64.46,12.0
Southern Virginia University,southern-virginia-university,Buena Vista,VA,USA,37.740368,-79.35037,https://svu.edu/,Private Non-Profit,967,967,99.64,1099,22,20040,20040,9376,1500,38.29,82.46,,55.63,17.0
University of Maryland Baltimore,university-of-maryland-baltimore,Baltimore,MD,USA,39.286864,-76.623983,https://www.umaryland.edu/,Public,959,959,,,,,,,,,,,39.77,5.0
Hanover College,hanover-college,Hanover,IN,USA,38.715642,-85.460051,https://www.hanover.edu/,Private Non-Profit,958,958,83.97,1197,28,42894,42894,13558,1200,63.56,83.21,,53.47,11.0
Hastings College,hastings-college,Hastings,NE,USA,40.59025,-98.374403,https://www.hastings.edu/,Private Non-Profit,957,957,69.87,,,36130,36130,11690,110,53.27,67.8,,63.87,14.0
Rockford University,rockford-university,Rockford,IL,USA,42.270639,-89.019536,https://www.rockford.edu/,Private Non-Profit,956,956,57.23,984,21,37300,37300,10940,1200,38.26,70.06,,59.83,10.0
Christian Brothers University,christian-brothers-university,Memphis,TN,USA,35.127437,-89.983241,https://www.cbu.edu/,Private Non-Profit,953,953,88.42,1069,22,37300,37300,10731,1393,55.99,72.57,,31.21,9.0
College of Our Lady of the Elms,college-of-our-lady-of-the-elms,Chicopee,MA,USA,42.141781,-72.60154,https://www.elms.edu/,Private Non-Profit,951,951,87.66,1240,,42061,42061,15150,1500,64.74,76.22,,70.92,11.0
Fisk University,fisk-university,Nashville,TN,USA,36.167087,-86.804805,https://www.fisk.edu/,Private Non-Profit,950,950,57.91,1236,23,24298,24298,11698,2000,43.51,72.82,,52.92,11.0
Goucher College,goucher-college,Baltimore,MD,USA,39.410175,-76.594843,https://www.goucher.edu/,Private Non-Profit,948,948,72.9,1225,28,51250,51250,16650,1200,60.0,76.58,,51.15,8.0
Anna Maria College,anna-maria-college,Paxton,MA,USA,42.330542,-71.91896,https://www.annamaria.edu/,Private Non-Profit,948,948,89.56,,,43064,43064,17310,1000,40.44,61.69,,63.24,13.0
United States Merchant Marine Academy,united-states-merchant-marine-academy,Kings Point,NY,USA,40.81357,-73.763004,https://www.usmma.edu/,Public,947,947,32.47,1226,27,945,945,,4591,80.61,89.95,7506,6.55,13.0
University of Jamestown,university-of-jamestown,Jamestown,ND,USA,46.914302,-98.698416,https://www.uj.edu/,Private Non-Profit,947,947,93.51,,21,24820,24820,8920,1300,44.02,64.45,,63.5,9.0
Ottawa University-Ottawa,ottawa-university-ottawa,Ottawa,KS,USA,38.603173,-95.264187,https://www.ottawa.edu/,Private Non-Profit,935,935,80.03,1011,18,35300,35300,12160,1200,28.72,57.61,,85.35,15.0
Centenary University,centenary-university,Hackettstown,NJ,USA,40.84764,-74.833644,https://www.centenaryuniversity.edu/,Private Non-Profit,934,934,96.68,,19,37732,37732,12552,1000,56.59,74.87,,81.09,12.0
Chestnut Hill College,chestnut-hill-college,Philadelphia,PA,USA,40.08678,-75.228742,https://www.chc.edu/,Private Non-Profit,931,931,79.13,,,39410,39410,12300,1550,56.1,66.67,,73.81,10.0
Saint Joseph's College of Maine,saint-josephs-college-of-maine,Standish,ME,USA,43.826314,-70.483373,https://www.sjcme.edu/,Private Non-Profit,930,930,81.72,1030,,42834,42834,14936,1200,68.55,80.1,,59.7,10.0
Illinois College,illinois-college,Jacksonville,IL,USA,39.7313,-90.246171,https://www.ic.edu/,Private Non-Profit,925,925,74.67,1082,21,37470,37470,10264,,61.09,69.96,,85.31,11.0
Wilmington College,wilmington-college,Wilmington,OH,USA,39.444744,-83.818342,https://www.wilmington.edu/,Private Non-Profit,924,924,84.6,1042,20,30962,30962,11495,1100,55.08,68.45,,73.69,12.0
Hilbert College,hilbert-college,Hamburg,NY,USA,42.75464,-78.820257,https://www.hilbert.edu/,Private Non-Profit,922,922,98.02,1060,,32150,32150,14200,0,46.99,63.06,,72.24,15.0
Yeshivath Viznitz,yeshivath-viznitz,Monsey,NY,USA,41.114682,-74.070243,https://yeshivathviznitz.com/,Private Non-Profit,921,921,93.73,,,9900,9900,4200,300,69.49,97.45,,0.0,7.0
Keuka College,keuka-college,Keuka Park,NY,USA,42.615253,-77.090562,https://www.keuka.edu/,Private Non-Profit,920,920,93.88,1090,26,38000,38000,13556,1300,48.77,71.43,,86.6,11.0
Inter American University of Puerto Rico-Barranquitas,inter-american-university-of-puerto-rico-barranquitas,Barranquitas,PR,USA,18.182777,-66.303153,https://www.br.inter.edu/,Private Non-Profit,919,919,65.83,,,5542,5542,,2460,38.37,77.48,,11.1,23.0
Abilene Christian University-Undergraduate Online,abilene-christian-university-undergraduate-online,Addison,TX,USA,32.977065,-96.826833,https://www.acu.edu/academics/online/undergraduate,Private Non-Profit,918,918,100.0,,,14520,14520,,1250,,40.0,,74.02,26.0
Valley City State University,valley-city-state-university,Valley City,ND,USA,46.918517,-98.00389,https://www.vcsu.edu/,Public,918,918,69.31,1090,20,8514,13478,7280,1000,48.13,65.95,13613,33.66,12.0
Concordia University Ann Arbor,concordia-university-ann-arbor,Ann Arbor,MI,USA,42.273157,-83.68268,https://www.cuaa.edu/,Private Non-Profit,918,918,72.09,1250,21,34200,34200,12310,2400,50.0,66.22,,55.21,14.0
The University of Olivet,the-university-of-olivet,Olivet,MI,USA,42.442891,-84.923891,https://www.uolivet.edu/,Private Non-Profit,918,918,97.11,,21,33076,33076,11886,1200,37.04,57.3,,75.45,14.0
Harvey Mudd College,harvey-mudd-college,Claremont,CA,USA,34.106515,-117.709837,https://www.hmc.edu/,Private Non-Profit,915,915,13.06,1537,35,66255,66255,21710,800,93.75,96.62,,34.82,8.0
Pacific Union College,pacific-union-college,Angwin,CA,USA,38.570585,-122.440308,https://www.puc.edu/,Private Non-Profit,910,910,42.48,1093,,35214,35214,9471,938,51.47,87.5,,59.32,11.0
West Virginia Wesleyan College,west-virginia-wesleyan-college,Buckhannon,WV,USA,38.990661,-80.218969,https://www.wvwc.edu/,Private Non-Profit,909,909,95.05,1045,21,33494,33494,10980,1500,49.45,68.36,,75.59,13.0
Mercy College of Health Sciences,mercy-college-of-health-sciences,Des Moines,IA,USA,41.594559,-93.626238,https://www.mchs.edu/,Private Non-Profit,905,905,98.78,,20,17328,17328,,2246,48.57,52.63,,63.81,7.0
Tusculum University,tusculum-university,Greeneville,TN,USA,36.172435,-82.760818,https://www.tusculum.edu/,Private Non-Profit,903,903,60.42,,22,28500,28500,10750,2100,30.54,58.04,,53.27,18.0
Pennsylvania State University-Penn State Lehigh Valley,pennsylvania-state-university-penn-state-lehigh-valley,Center Valley,PA,USA,40.559201,-75.40267,https://lehighvalley.psu.edu/,Public,902,902,94.21,1212,,15180,25118,,1840,17.36,81.61,19324,47.18,15.0
University of North Carolina School of the Arts,university-of-north-carolina-school-of-the-arts,Winston Salem,NC,USA,36.076183,-80.235672,https://www.uncsa.edu/,Public,902,902,33.1,1250,25,9477,27211,13410,1440,79.19,88.1,12372,46.63,6.0
Bloomfield College,bloomfield-college,Bloomfield,NJ,USA,40.795105,-74.194309,https://www.bloomfield.edu/,Private Non-Profit,901,901,67.23,,,30680,30680,12900,1410,31.05,59.31,,90.02,13.0
Graceland University-Lamoni,graceland-university-lamoni,Lamoni,IA,USA,40.615966,-93.924893,https://www.graceland.edu/,Private Non-Profit,901,901,83.22,,20,33220,33220,10540,1200,38.34,64.36,,73.31,14.0
Beloit College,beloit-college,Beloit,WI,USA,42.504022,-89.029285,https://www.beloit.edu/,Private Non-Profit,898,898,57.36,1318,26,58554,58554,10740,1134,67.18,86.21,,53.84,11.0
Agnes Scott College,agnes-scott-college,Decatur,GA,USA,33.769268,-84.295459,https://www.agnesscott.edu/,Private Non-Profit,898,898,67.31,1296,,48150,48150,13375,1000,70.52,80.07,,52.83,10.0
Saint Mary-of-the-Woods College,saint-mary-of-the-woods-college,Saint Mary of the Woods,IN,USA,39.508546,-87.463791,https://www.smwc.edu/,Private Non-Profit,896,896,76.14,966,20,33490,33490,13010,1600,52.27,67.34,,66.87,9.0
University of Science and Arts of Oklahoma,university-of-science-and-arts-of-oklahoma,Chickasha,OK,USA,35.031392,-97.95641,https://usao.edu/,Public,896,896,55.77,1143,,9000,20190,7640,1200,36.26,71.03,8543,37.58,13.0
Manchester University,manchester-university,North Manchester,IN,USA,41.01154,-85.762249,https://www.manchester.edu/,Private Non-Profit,895,895,91.3,,,37090,37090,11154,1000,44.84,71.6,,91.72,13.0
Kansas Wesleyan University,kansas-wesleyan-university,Salina,KS,USA,38.813795,-97.607973,https://www.kwu.edu/,Private Non-Profit,894,894,84.98,,,33470,33470,11340,1400,38.46,59.83,,73.58,13.0
Columbus College of Art & Design,columbus-college-of-art-design,Columbus,OH,USA,39.966074,-82.989479,https://www.ccad.edu/,Private Non-Profit,891,891,71.74,,,39650,39650,11450,2200,61.33,73.33,,68.62,9.0
The Cooper Union for the Advancement of Science and Art,the-cooper-union-for-the-advancement-of-science-and-art,New York,NY,USA,40.728148,-73.991609,https://www.cooper.edu/,Private Non-Profit,891,891,19.05,1480,,46820,46820,18650,1800,80.32,91.28,,20.8,9.0
Washington College,washington-college,Chestertown,MD,USA,39.217329,-76.06878,https://www.washcoll.edu/,Private Non-Profit,890,890,65.54,1274,,54356,54356,15814,900,74.11,86.58,,50.16,9.0
University of Saint Mary,university-of-saint-mary,Leavenworth,KS,USA,39.279396,-94.906743,https://www.stmary.edu/,Private Non-Profit,889,889,89.84,1047,,33890,33890,10032,2550,44.06,64.29,,73.53,12.0
Maine Maritime Academy,maine-maritime-academy,Castine,ME,USA,44.389654,-68.804347,https://mainemaritime.edu/,Public,888,888,61.4,1185,,14746,30226,11926,1300,61.41,82.03,21185,65.95,10.0
Heidelberg University,heidelberg-university,Tiffin,OH,USA,41.114833,-83.168387,https://www.heidelberg.edu/,Private Non-Profit,884,884,67.73,,22,33628,33628,11700,1500,49.84,77.5,,81.89,15.0
Culver-Stockton College,culver-stockton-college,Canton,MO,USA,40.128993,-91.529374,https://www.culver.edu/,Private Non-Profit,884,884,98.0,1020,22,29915,29915,9505,1100,50.17,67.3,,67.89,17.0
Milwaukee Institute of Art & Design,milwaukee-institute-of-art-design,Milwaukee,WI,USA,43.030917,-87.907925,https://www.miad.edu/,Private Non-Profit,883,883,62.8,1155,,42268,42268,10430,1060,63.27,83.71,,77.12,11.0
Albertus Magnus College,albertus-magnus-college,New Haven,CT,USA,41.332519,-72.923848,https://www.albertus.edu/,Private Non-Profit,882,882,64.37,,,39924,39924,15338,1000,46.09,74.69,,75.58,15.0
Westminster University,westminster-university,Salt Lake City,UT,USA,40.730779,-111.855757,https://www.westminstercollege.edu/,Private Non-Profit,882,882,68.83,1249,27,41416,41416,11770,1000,69.36,75.94,,66.08,8.0
California Institute of the Arts,california-institute-of-the-arts,Valencia,CA,USA,34.39327,-118.566837,https://www.calarts.edu/,Private Non-Profit,881,881,25.95,,,56724,56724,12820,938,64.15,86.24,,34.04,7.0
Webber International University,webber-international-university,Babson Park,FL,USA,27.838778,-81.532315,https://www.webber.edu/,Private Non-Profit,879,879,77.56,,,32150,32150,12600,1380,26.01,55.29,,70.51,18.0
Gallaudet University,gallaudet-university,Washington,DC,USA,38.907371,-76.993675,https://www.gallaudet.edu/,Private Non-Profit,879,879,60.94,857,17,18382,18382,14892,1600,46.56,77.02,,40.7,6.0
Hampden-Sydney College,hampden-sydney-college,Hampden-Sydney,VA,USA,37.240615,-78.464216,https://www.hsc.edu/,Private Non-Profit,876,876,50.13,1168,24,52388,52388,15110,1000,65.27,84.95,,48.0,9.0
Greenville University,greenville-university,Greenville,IL,USA,38.894162,-89.40824,https://www.greenville.edu/,Private Non-Profit,873,873,95.37,1034,18,30598,30598,10658,976,51.36,70.18,,57.38,12.0
Franklin College,franklin-college,Franklin,IN,USA,39.478298,-86.047182,https://www.franklincollege.edu/,Private Non-Profit,872,872,70.58,1119,23,37350,37350,11290,1300,63.4,71.02,,61.27,12.0
Miami University-Middletown,miami-university-middletown,Middletown,OH,USA,39.523776,-84.35724,https://miamioh.edu/regionals/,Public,871,871,,,,7278,18847,,1240,24.54,62.35,13824,27.66,16.0
Keystone College,keystone-college,La Plume,PA,USA,41.558969,-75.777456,https://www.keystone.edu/,Private Non-Profit,870,870,79.6,1030,,17850,17850,12400,500,41.16,61.36,,88.4,12.0
Life University,life-university,Marietta,GA,USA,33.932781,-84.514729,https://www.life.edu/,Private Non-Profit,869,869,93.81,994,19,15036,15036,13959,2400,32.14,62.58,,49.07,16.0
William Jewell College,william-jewell-college,Liberty,MO,USA,39.247844,-94.413126,https://www.jewell.edu/,Private Non-Profit,868,868,34.29,1114,24,19890,19890,11381,800,61.62,76.54,,79.85,10.0
Loma Linda University,loma-linda-university,Loma Linda,CA,USA,34.051241,-117.260605,https://www.llu.edu/index.html,Private Non-Profit,867,867,,,,,,,,,,,64.53,3.0
Houghton University,houghton-university,Houghton,NY,USA,42.426137,-78.155426,https://www.houghton.edu/,Private Non-Profit,867,867,92.7,1297,26,17290,17290,10810,1000,64.66,76.97,,56.02,13.0
Huntingdon College,huntingdon-college,Montgomery,AL,USA,32.351034,-86.284366,https://www.huntingdon.edu/,Private Non-Profit,865,865,70.83,1148,22,28650,28650,10922,300,46.94,66.67,,70.81,14.0
The University of Texas Health Science Center at San Antonio,the-university-of-texas-health-science-center-at-san-antonio,San Antonio,TX,USA,29.508107,-98.575655,https://www.uthscsa.edu/,Public,864,864,,,,,,,,,,,54.65,6.0
Presbyterian College,presbyterian-college,Clinton,SC,USA,34.465834,-81.87448,https://www.presby.edu/,Private Non-Profit,862,862,72.34,1214,23,43300,43300,12713,1500,61.9,73.98,,48.38,11.0
University of Nebraska Medical Center,university-of-nebraska-medical-center,Omaha,NE,USA,41.256312,-95.973966,https://www.unmc.edu/,Public,861,861,,,,,,,,,,,50.68,2.0
Northern New Mexico College,northern-new-mexico-college,Espanola,NM,USA,36.004073,-106.084395,https://nnmc.edu/,Public,859,859,,,,6400,14328,,1200,32.59,60.53,5216,3.29,11.0
Covenant College,covenant-college,Lookout Mountain,GA,USA,34.965161,-85.375066,https://www.covenant.edu/,Private Non-Profit,858,858,81.76,1254,26,40464,40464,12272,1170,71.86,87.34,,41.48,12.0
Cedar Crest College,cedar-crest-college,Allentown,PA,USA,40.586318,-75.519221,https://www.cedarcrest.edu/,Private Non-Profit,857,857,99.13,1070,25,44934,44934,13001,3000,58.22,76.69,,71.14,9.0
Newman University,newman-university,Wichita,KS,USA,37.672643,-97.37768,https://www.newmanu.edu/,Private Non-Profit,857,857,47.61,,21,35500,35500,10279,1393,53.77,70.73,,18.0,13.0
Spring Hill College,spring-hill-college,Mobile,AL,USA,30.694751,-88.138199,https://www.shc.edu/,Private Non-Profit,850,850,59.1,1090,19,23270,23270,12212,1300,56.12,65.78,,51.23,10.0
Converse University,converse-university,Spartanburg,SC,USA,34.955534,-81.917881,https://www.converse.edu/,Private Non-Profit,845,845,64.0,1124,,23096,23096,13424,1350,47.1,68.44,,65.31,12.0
Wabash College,wabash-college,Crawfordsville,IN,USA,40.037588,-86.906,https://www.wabash.edu/,Private Non-Profit,845,845,62.78,1210,26,49125,49125,13300,1250,77.06,85.6,,59.88,9.0
The Southern Baptist Theological Seminary,the-southern-baptist-theological-seminary,Louisville,KY,USA,38.248216,-85.687649,https://www.sbts.edu/,Private Non-Profit,844,844,96.89,1118,23,13086,13086,8142,1700,43.86,80.69,,0.0,16.0
Louisiana State University Health Sciences Center-New Orleans,louisiana-state-university-health-sciences-center-new-orleans,New Orleans,LA,USA,29.957272,-90.083145,https://www.lsuhsc.edu/,Public,843,843,,,,,,,,,,,31.36,3.0
Philander Smith University,philander-smith-university,Little Rock,AR,USA,34.737131,-92.283015,https://www.philander.edu/,Private Non-Profit,842,842,,,,13014,13014,10000,1200,32.31,67.28,,62.68,12.0
Shaw University,shaw-university,Raleigh,NC,USA,35.771181,-78.637693,https://www.shawu.edu/,Private Non-Profit,839,839,30.48,,,17176,17176,8940,1300,20.25,55.96,,58.44,11.0
Tennessee Wesleyan University,tennessee-wesleyan-university,Athens,TN,USA,35.446331,-84.592728,https://www.tnwesleyan.edu/,Private Non-Profit,832,832,59.41,1051,21,29264,29264,9416,1400,43.63,63.78,,58.13,12.0
The University of Tennessee Southern,the-university-of-tennessee-southern,Pulaski,TN,USA,35.201019,-87.035661,https://www.utsouthern.edu/,Public,827,827,82.71,1088,21,10506,10506,8600,1500,35.66,64.25,15133,33.37,13.0
Rochester University,rochester-university,Rochester Hills,MI,USA,42.667521,-83.144959,https://rochesteru.edu/,Private Non-Profit,827,827,65.31,,,27938,27938,9800,2134,41.4,67.4,,52.12,13.0
Franciscan Missionaries of Our Lady University,franciscan-missionaries-of-our-lady-university,Baton Rouge,LA,USA,30.401379,-91.110587,https://www.franu.edu/,Private Non-Profit,826,826,82.94,,21,15690,15690,,1200,51.32,60.0,,48.53,10.0
University of Saint Joseph,university-of-saint-joseph,West Hartford,CT,USA,41.781041,-72.72965,https://www.usj.edu/,Private Non-Profit,825,825,79.64,1100,,45908,45908,13590,1200,69.7,85.71,,75.93,9.0
Woodbury University,woodbury-university,Burbank,CA,USA,34.208011,-118.341147,https://woodbury.edu/,Private Non-Profit,825,825,72.87,,,44886,44886,14138,938,54.78,79.65,,61.41,9.0
Lane College,lane-college,Jackson,TN,USA,35.627378,-88.806535,https://www.lanecollege.edu/,Private Non-Profit,822,822,,,,11790,11790,7610,700,17.03,45.05,,60.2,17.0
Pennsylvania State University-Penn State Scranton,pennsylvania-state-university-penn-state-scranton,Dunmore,PA,USA,41.439843,-75.621401,https://scranton.psu.edu/,Public,821,821,94.87,1190,,15180,25118,,1840,31.89,75.45,18934,57.83,11.0
Erskine College,erskine-college,Due West,SC,USA,34.332087,-82.39095,https://www.erskine.edu/,Private Non-Profit,821,821,60.56,,20,36710,36710,12450,2200,48.59,62.69,,71.55,15.0
Toccoa Falls College,toccoa-falls-college,Toccoa Falls,GA,USA,34.593414,-83.357617,https://tfc.edu/,Private Non-Profit,820,820,63.81,1155,22,23250,23250,8600,1200,46.01,57.27,,25.25,16.0
Lees-McRae College,lees-mcrae-college,Banner Elk,NC,USA,36.162477,-81.873371,https://www.lmc.edu/,Private Non-Profit,817,817,80.75,,23,31140,31140,13730,600,44.23,62.26,,86.55,10.0
Ohio Christian University,ohio-christian-university,Circleville,OH,USA,39.613155,-82.904885,https://www.ohiochristian.edu/,Private Non-Profit,816,816,39.9,910,,23700,23700,9612,1200,35.71,50.5,,44.61,11.0
Bryan College-Dayton,bryan-college-dayton,Dayton,TN,USA,35.497209,-84.999552,https://www.bryan.edu/,Private Non-Profit,815,815,,,,18900,18900,8550,1250,55.93,64.52,,31.85,13.0
Thomas University,thomas-university,Thomasville,GA,USA,30.815576,-83.963587,https://www.thomasu.edu/,Private Non-Profit,813,813,43.16,1037,20,11640,11640,8140,2000,27.78,63.64,,55.74,11.0
Whittier College,whittier-college,Whittier,CA,USA,33.978773,-118.032299,https://www.whittier.edu/,Private Non-Profit,812,812,85.38,,26,49864,49864,15623,1000,63.39,52.85,,58.47,8.0
Menlo College,menlo-college,Atherton,CA,USA,37.453475,-122.190797,https://www.menlo.edu/,Private Non-Profit,811,811,67.81,,,51070,51070,15537,938,51.33,69.68,,38.5,12.0
Young Harris College,young-harris-college,Young Harris,GA,USA,34.933523,-83.84587,https://www.yhc.edu/,Private Non-Profit,810,810,64.02,,,32305,32305,13000,0,45.66,66.8,,32.69,11.0
Central Yeshiva Tomchei Tmimim Lubavitz,central-yeshiva-tomchei-tmimim-lubavitz,Brooklyn,NY,USA,40.669694,-73.938778,https://cyttl.edu/,Private Non-Profit,810,810,88.46,,,8400,8400,3600,300,2.78,81.67,,0.0,35.0
Coker University,coker-university,Hartsville,SC,USA,34.37696,-80.070416,https://coker.edu/,Private Non-Profit,807,807,97.23,,20,31854,31854,10882,3000,34.62,62.77,,47.35,12.0
St. Andrews University,st-andrews-university,Laurinburg,NC,USA,34.74563,-79.478567,https://www.sa.edu/,Private Non-Profit,806,806,,,,30800,30800,12180,2100,27.13,51.16,,68.97,14.0
North Central University,north-central-university,Minneapolis,MN,USA,44.968625,-93.261511,https://www.northcentral.edu/,Private Non-Profit,802,802,90.82,,,29460,29460,9380,1845,63.59,77.51,,60.11,11.0
Eastern Mennonite University,eastern-mennonite-university,Harrisonburg,VA,USA,38.471134,-78.880326,https://emu.edu/,Private Non-Profit,800,800,99.75,,30,41860,41860,12620,1100,47.09,76.12,,55.38,10.0
Livingstone College,livingstone-college,Salisbury,NC,USA,35.670877,-80.483956,https://livingstone.edu/,Private Non-Profit,798,798,74.09,,14,18296,18296,6794,1300,27.12,77.57,,83.69,13.0
Trinity Christian College,trinity-christian-college,Palos Heights,IL,USA,41.667687,-87.783973,https://www.trnty.edu/,Private Non-Profit,796,796,88.65,1154,24,20325,20325,11200,1100,63.87,79.2,,64.41,10.0
Kentucky Wesleyan College,kentucky-wesleyan-college,Owensboro,KY,USA,37.744489,-87.119658,https://kwc.edu/,Private Non-Profit,794,794,67.0,1043,22,33393,33393,11526,1298,52.6,64.86,,51.66,13.0
Midwestern Baptist Theological Seminary,midwestern-baptist-theological-seminary,Kansas City,MO,USA,39.185691,-94.573185,https://www.mbts.edu/,Private Non-Profit,791,791,94.33,,,9400,9400,11310,1004,70.0,64.52,,26.26,16.0
Rocky Mountain College,rocky-mountain-college,Billings,MT,USA,45.796522,-108.554075,https://www.rocky.edu/,Private Non-Profit,790,790,72.88,1093,22,33252,33252,9576,1400,46.75,63.85,,56.33,12.0
Peirce College,peirce-college,Philadelphia,PA,USA,39.949623,-75.168105,https://www.peirce.edu/,Private Non-Profit,789,789,,,,15060,15060,,1200,5.26,0.0,,61.55,11.0
Crown College,crown-college,Saint Bonifacius,MN,USA,44.885393,-93.743019,https://www.crown.edu/,Private Non-Profit,789,789,62.81,,,30200,30200,10430,1316,64.34,67.02,,37.81,22.0
Oregon Health & Science University,oregon-health-science-university,Portland,OR,USA,45.498772,-122.686096,https://www.ohsu.edu/,Public,788,788,,,,,,,,,,,61.44,10.0
Montana State University-Northern,montana-state-university-northern,Havre,MT,USA,48.54149,-109.687806,https://www.msun.edu/,Public,787,787,,,,6269,19385,7026,1400,42.33,69.32,14164,27.95,13.0
McPherson College,mcpherson-college,McPherson,KS,USA,38.371422,-97.642996,https://www.mcpherson.edu/,Private Non-Profit,786,786,83.79,1068,,35162,35162,10322,1420,52.0,64.66,,63.56,13.0
La Roche University,la-roche-university,Pittsburgh,PA,USA,40.568615,-80.014851,https://www.laroche.edu/,Private Non-Profit,786,786,77.61,1140,21,33120,33120,13268,1300,57.66,72.8,,25.47,11.0
Ohio Dominican University,ohio-dominican-university,Columbus,OH,USA,39.992764,-82.940689,https://www.ohiodominican.edu/,Private Non-Profit,785,785,85.25,1150,,34370,34370,12500,1080,47.9,59.81,,61.35,12.0
Milligan University,milligan-university,Milligan,TN,USA,36.300147,-82.29407,https://www.milligan.edu/,Private Non-Profit,783,783,70.27,1195,25,39350,39350,8000,1300,60.29,79.43,,49.01,9.0
Kansas City Art Institute,kansas-city-art-institute,Kansas City,MO,USA,39.046353,-94.583594,https://www.kcai.edu/,Private Non-Profit,782,782,60.35,,,43550,43550,12900,800,64.91,75.4,,70.19,10.0
Heritage University,heritage-university,Toppenish,WA,USA,46.3748,-120.394972,https://www.heritage.edu/,Private Non-Profit,782,782,,,,19920,19920,,942,39.81,57.94,,31.66,7.0
Cairn University-Langhorne,cairn-university-langhorne,Langhorne,PA,USA,40.165809,-74.909509,https://www.cairn.edu/,Private Non-Profit,782,782,83.56,1154,,32625,32625,12234,1145,65.16,83.74,,79.27,11.0
Clarke University,clarke-university,Dubuque,IA,USA,42.509475,-90.690487,https://www.clarke.edu/,Private Non-Profit,782,782,68.16,1060,21,39600,39600,11000,1160,54.94,67.36,,71.85,10.0
Talladega College,talladega-college,Talladega,AL,USA,33.433472,-86.112704,https://www.talladega.edu/,Private Non-Profit,782,782,99.25,,,15650,15650,6704,1200,64.97,81.42,,77.78,19.0
Hallmark University,hallmark-university,San Antonio,TX,USA,29.466862,-98.685754,https://www.hallmarkuniversity.edu/,Private Non-Profit,781,781,98.23,,,,,,,68.27,67.65,,57.46,13.0
Judson University,judson-university,Elgin,IL,USA,42.061754,-88.291336,https://www.judsonu.edu/,Private Non-Profit,780,780,63.12,985,22,30910,30910,11820,1270,53.25,73.75,,44.36,11.0
Colby-Sawyer College,colby-sawyer-college,New London,NH,USA,43.411663,-71.975805,https://www.colby-sawyer.edu/,Private Non-Profit,778,778,89.98,,,18400,18400,16858,2000,61.62,80.77,,68.59,10.0
Malone University,malone-university,Canton,OH,USA,40.825662,-81.376863,https://www.malone.edu/,Private Non-Profit,777,777,75.58,1089,21,36120,36120,11290,1300,51.34,71.77,,62.3,12.0
Laguna College of Art and Design,laguna-college-of-art-and-design,Laguna Beach,CA,USA,33.561448,-117.772564,https://www.lcad.edu/,Private Non-Profit,776,776,77.61,,,35650,35650,18071,2324,63.04,83.48,,46.5,9.0
Cleary University,cleary-university,Howell,MI,USA,42.586638,-83.879987,https://www.cleary.edu/,Private Non-Profit,774,774,49.75,,19,24842,24842,12800,,39.39,63.64,,43.6,21.0
Maharishi International University,maharishi-international-university,Fairfield,IA,USA,41.017781,-91.967306,https://www.miu.edu/,Private Non-Profit,774,774,96.9,,,16530,16530,7400,1000,17.65,65.0,,64.32,13.0
Thiel College,thiel-college,Greenville,PA,USA,41.41354,-80.384383,https://www.thiel.edu/,Private Non-Profit,773,773,70.6,,21,36864,36864,14850,1300,43.55,71.49,,78.48,12.0
Southern Wesleyan University,southern-wesleyan-university,Central,SC,USA,34.728068,-82.761586,https://www.swu.edu/,Private Non-Profit,771,771,100.0,1106,21,27870,27870,10654,1060,52.02,65.57,,45.76,12.0
Universidad Adventista de las Antillas,universidad-adventista-de-las-antillas,Mayaguez,PR,USA,18.205685,-67.111207,https://www.uaa.edu/,Private Non-Profit,769,769,100.0,,,8050,8050,6800,1600,46.03,76.14,,24.5,18.0
Ottawa University-Surprise,ottawa-university-surprise,Surprise,AZ,USA,33.628923,-112.368233,https://www.ottawa.edu/ouaz/home,Private Non-Profit,768,768,39.88,978,19,35300,35300,15340,1200,22.52,43.59,,77.97,12.0
Truett McConnell University,truett-mcconnell-university,Cleveland,GA,USA,34.596306,-83.748911,https://truett.edu/,Private Non-Profit,768,768,90.68,,21,25568,25568,9320,1600,41.15,59.26,,16.07,16.0
Saint Augustine's University,saint-augustines-university,Raleigh,NC,USA,35.785468,-78.621301,https://www.st-aug.edu/,Private Non-Profit,766,766,58.73,,,16896,16896,10376,1000,33.23,53.46,,63.04,11.0
The Christ College of Nursing and Health Sciences,the-christ-college-of-nursing-and-health-sciences,Cincinnati,OH,USA,39.121821,-84.509564,https://www.thechristcollege.edu/,Private Non-Profit,762,762,50.18,972,20,16394,16394,,1800,60.0,59.77,,58.78,12.0
California State University Maritime Academy,california-state-university-maritime-academy,Vallejo,CA,USA,38.069061,-122.231551,https://www.csum.edu/,Public,761,761,98.73,,,7672,19552,13976,1032,66.82,75.86,17555,43.32,10.0
Stillman College,stillman-college,Tuscaloosa,AL,USA,33.200006,-87.585278,https://stillman.edu/,Private Non-Profit,761,761,74.22,,,11392,11392,9582,1000,41.03,78.86,,69.12,12.0
Goshen College,goshen-college,Goshen,IN,USA,41.563582,-85.827795,https://www.goshen.edu/,Private Non-Profit,761,761,88.94,1049,27,37760,37760,11320,1350,60.47,78.18,,52.16,9.0
Brevard College,brevard-college,Brevard,NC,USA,35.236763,-82.729494,https://www.brevard.edu/,Private Non-Profit,760,760,39.5,1064,,31250,31250,13400,1000,39.02,65.71,,70.48,11.0
Bennington College,bennington-college,Bennington,VT,USA,42.919547,-73.237799,https://www.bennington.edu/,Private Non-Profit,759,759,48.04,1358,,64644,64644,18640,1200,66.67,85.05,,49.42,9.0
Albizu University-San Juan,albizu-university-san-juan,San Juan,PR,USA,18.466573,-66.113908,https://www.albizu.edu/,Private Non-Profit,758,758,100.0,,,7797,7797,,3528,69.0,79.19,,26.6,20.0
Warner University,warner-university,Lake Wales,FL,USA,27.825751,-81.599972,https://www.warner.edu/academics/undergraduate_programs/admissions/criteria-for-admission/,Private Non-Profit,753,753,47.79,937,19,28160,28160,10540,1770,34.92,45.19,,67.15,13.0
University of the Ozarks,university-of-the-ozarks,Clarksville,AR,USA,35.476278,-93.467221,https://ozarks.edu/,Private Non-Profit,753,753,58.14,1088,21,25950,25950,9490,,51.76,72.89,,43.49,13.0
Nebraska Methodist College of Nursing & Allied Health,nebraska-methodist-college-of-nursing-allied-health,Omaha,NE,USA,41.265973,-96.048511,https://www.methodistcollege.edu/,Private Non-Profit,752,752,88.29,,,18173,18173,11296,1000,66.67,78.13,,65.59,12.0
Simpson University,simpson-university,Redding,CA,USA,40.61334,-122.332981,https://www.simpsonu.edu/,Private Non-Profit,751,751,99.03,,,38522,38522,11900,1200,41.67,62.39,,58.07,15.0
Louisiana Christian University,louisiana-christian-university,Pineville,LA,USA,31.324528,-92.425973,https://www.lcuniversity.edu/,Private Non-Profit,750,750,83.79,,21,19740,19740,7956,1300,41.28,60.82,,59.5,10.0
Montreat College,montreat-college,Montreat,NC,USA,35.646577,-82.2976,https://www.montreat.edu/,Private Non-Profit,750,750,65.55,,25,33860,33860,10730,1200,40.57,62.44,,67.44,12.0
Massachusetts College of Liberal Arts,massachusetts-college-of-liberal-arts,North Adams,MA,USA,42.691361,-73.102817,https://www.mcla.edu/,Public,748,748,92.35,,,11884,20559,14634,1000,49.13,68.93,18707,60.5,8.0
Herzing University-Minneapolis,herzing-university-minneapolis,St. Louis Park,MN,USA,44.975225,-93.404863,https://www.herzing.edu/,Private Non-Profit,747,747,93.82,,,13420,13420,,,73.53,57.14,,75.5,14.0
University of Connecticut-Waterbury Campus,university-of-connecticut-waterbury-campus,Waterbury,CT,USA,41.555617,-73.039242,https://waterbury.uconn.edu/,Public,746,746,87.04,1070,23,17462,40130,,990,59.48,79.49,8896,37.24,20.0
Ferrum College,ferrum-college,Ferrum,VA,USA,36.926431,-80.020614,https://www.ferrum.edu/,Private Non-Profit,745,745,100.0,990,21,38320,38320,13230,1000,28.86,58.6,,74.81,11.0
Wilson College,wilson-college,Chambersburg,PA,USA,39.949659,-77.650712,https://www.wilson.edu/,Private Non-Profit,745,745,89.98,1020,,27000,27000,12162,1104,51.83,77.21,,85.09,12.0
Union College,union-college,Barbourville,KY,USA,36.870875,-83.888477,https://www.unionky.edu/,Private Non-Profit,736,736,55.04,965,19,30946,30946,8261,1500,36.03,57.5,,64.83,14.0
Hiram College,hiram-college,Hiram,OH,USA,41.3107,-81.143981,https://www.hiram.edu/,Private Non-Profit,731,731,93.39,,,26265,26265,11560,800,59.14,65.45,,54.59,10.0
Jarvis Christian University,jarvis-christian-university,Hawkins,TX,USA,32.587942,-95.181513,https://www.jarvis.edu/,Private Non-Profit,730,730,,,,11720,11720,9880,1000,15.08,48.78,,48.42,10.0
Monmouth College,monmouth-college,Monmouth,IL,USA,40.914824,-90.63731,https://www.monmouthcollege.edu/,Private Non-Profit,725,725,86.62,1128,26,43520,43520,11116,900,60.14,69.57,,71.95,10.0
Alverno College,alverno-college,Milwaukee,WI,USA,42.982842,-87.965174,https://www.alverno.edu/,Private Non-Profit,724,724,93.1,,,32794,32794,10238,768,50.51,78.63,,59.14,10.0
Cheyney University of Pennsylvania,cheyney-university-of-pennsylvania,Cheyney,PA,USA,39.932274,-75.529262,https://www.cheyney.edu/,Public,721,721,,,,10904,18870,11016,100,16.16,68.23,9837,33.43,15.0
Warren Wilson College,warren-wilson-college,Swannanoa,NC,USA,35.610328,-82.442619,https://www.warren-wilson.edu/,Private Non-Profit,720,720,77.62,1290,27,40290,40290,12610,850,43.15,70.31,,56.43,11.0
Ripon College,ripon-college,Ripon,WI,USA,43.844135,-88.842333,https://www.ripon.edu/,Private Non-Profit,720,720,83.92,1143,24,50700,50700,10190,750,59.91,75.51,,73.89,12.0
Emmanuel University,emmanuel-university,Franklin Springs,GA,USA,34.283641,-83.14822,https://www.ec.edu/,Private Non-Profit,719,719,53.36,,21,23664,23664,10460,,34.6,57.45,,44.29,12.0
Martin Luther College,martin-luther-college,New Ulm,MN,USA,44.30526,-94.472326,https://www.mlc-wels.edu/,Private Non-Profit,718,718,82.57,1191,24,17770,17770,7280,600,71.43,85.21,,69.8,10.0
Howard Payne University,howard-payne-university,Brownwood,TX,USA,31.716467,-98.985204,https://www.hputx.edu/,Private Non-Profit,716,716,67.69,1019,,33322,33322,10074,1500,31.12,54.77,,66.11,10.0
Hampshire College,hampshire-college,Amherst,MA,USA,42.325852,-72.531469,https://www.hampshire.edu/,Private Non-Profit,716,716,70.35,,,56630,56630,15154,1000,57.23,75.0,,58.46,13.0
Birmingham-Southern College,birmingham-southern-college,Birmingham,AL,USA,33.513774,-86.850552,https://www.bsc.edu/,Private Non-Profit,713,713,51.94,1197,25,22750,22750,14300,1062,64.18,63.11,,67.38,9.0
Samuel Merritt University,samuel-merritt-university,Oakland,CA,USA,37.82029,-122.266331,https://www.samuelmerritt.edu/,Private Non-Profit,712,712,,,,,,,,,,,64.35,7.0
New College of Florida,new-college-of-florida,Sarasota,FL,USA,27.384925,-82.55858,https://www.ncf.edu/,Public,707,707,74.0,1137,26,6916,29944,13805,1200,61.81,64.89,4536,17.34,8.0
Grace Christian University,grace-christian-university,Wyoming,MI,USA,42.919541,-85.692077,https://www.gracechristian.edu/,Private Non-Profit,707,707,99.31,,,14992,14992,9540,600,42.86,58.9,,57.11,15.0
Mayville State University,mayville-state-university,Mayville,ND,USA,47.505415,-97.322554,https://www.mayvillestate.edu/,Public,704,704,,,20,7935,9564,9088,1000,40.32,67.29,14454,39.37,14.0
Mount Mary University,mount-mary-university,Milwaukee,WI,USA,43.072507,-88.030732,https://www.mtmary.edu/,Private Non-Profit,703,703,93.35,1050,19,34390,34390,10120,1442,58.87,65.81,,81.56,10.0
Johnson University,johnson-university,Knoxville,TN,USA,35.937193,-83.750273,https://johnsonu.edu/,Private Non-Profit,703,703,53.77,1072,22,20318,20318,9278,1200,62.16,74.19,,56.5,11.0
Mount Marty University,mount-marty-university,Yankton,SD,USA,42.874475,-97.409904,https://www.mountmarty.edu/,Private Non-Profit,702,702,48.14,1120,22,33100,33100,9300,1200,60.55,69.59,,40.09,12.0
Minneapolis College of Art and Design,minneapolis-college-of-art-and-design,Minneapolis,MN,USA,44.956988,-93.274705,https://mcad.edu/,Private Non-Profit,701,701,48.36,1170,,43824,43824,10910,3640,69.17,81.88,,73.5,10.0
Hult International Business School,hult-international-business-school,Cambridge,MA,USA,42.369968,-71.070645,https://www.hult.edu/,Private Non-Profit,694,694,53.35,,,54890,54890,19400,1050,65.82,72.78,,8.5,12.0
Drury University-College of Continuing Professional Studies,drury-university-college-of-continuing-professional-studies,Springfield,MO,USA,37.219681,-93.286192,https://www.drury.edu/go/,Private Non-Profit,694,694,,,,8044,8044,10232,1000,32.08,37.5,,44.88,17.0
Columbia International University,columbia-international-university,Columbia,SC,USA,34.07551,-81.07443,https://www.ciu.edu/,Private Non-Profit,690,690,97.58,,21,27900,27900,11950,200,65.52,65.82,,35.86,13.0
Thomas College,thomas-college,Waterville,ME,USA,44.524909,-69.664734,https://www.thomas.edu/,Private Non-Profit,688,688,97.07,,,30896,30896,13678,800,51.36,79.06,,33.95,23.0
Notre Dame of Maryland University,notre-dame-of-maryland-university,Baltimore,MD,USA,39.350612,-76.619739,https://www.ndm.edu/,Private Non-Profit,684,684,86.49,,,41910,41910,13335,1200,51.95,76.79,,77.42,8.0
Brewton-Parker College,brewton-parker-college,Mount Vernon,GA,USA,32.185718,-82.586136,https://www.bpc.edu/,Private Non-Profit,684,684,86.35,,21,21696,21696,10138,1941,23.49,37.56,,48.3,14.0
Bluefield University,bluefield-university,Bluefield,VA,USA,37.244557,-81.246233,https://www.bluefield.edu/,Private Non-Profit,683,683,62.72,,,29696,29696,9814,440,27.14,49.32,,61.99,15.0
Bethany Lutheran College,bethany-lutheran-college,Mankato,MN,USA,44.166649,-93.990805,https://www.blc.edu/,Private Non-Profit,682,682,50.96,1144,,30010,30010,8270,800,59.56,80.11,,41.54,12.0
Davis & Elkins College,davis-elkins-college,Elkins,WV,USA,38.931232,-79.846022,https://www.dewv.edu/,Private Non-Profit,681,681,58.23,985,,31270,31270,10425,1462,36.6,58.1,,65.38,11.0
Tougaloo College,tougaloo-college,Tougaloo,MS,USA,32.403014,-90.16076,https://www.tougaloo.edu/,Private Non-Profit,681,681,53.19,,19,11398,11398,7544,1400,32.31,71.09,,57.99,14.0
Be'er Yaakov Talmudic Seminary,beer-yaakov-talmudic-seminary,Spring Valley,NY,USA,41.138206,-74.029573,https://www.byts.edu/,Private Non-Profit,679,679,,,,12300,12300,3950,250,53.04,96.89,,0.0,17.0
Lake Erie College,lake-erie-college,Painesville,OH,USA,41.717841,-81.251817,https://www.lec.edu/,Private Non-Profit,678,678,64.12,1114,20,36032,36032,11592,1220,41.94,65.92,,57.59,12.0
Hollins University,hollins-university,Roanoke,VA,USA,37.354201,-79.943277,https://www.hollins.edu/,Private Non-Profit,673,673,70.86,1256,,42260,42260,15400,800,69.68,74.29,,58.9,8.0
Baptist Health Sciences University,baptist-health-sciences-university,Memphis,TN,USA,35.138415,-90.027501,https://www.baptistu.edu/,Private Non-Profit,673,673,67.76,1050,22,13846,13846,3980,1022,53.75,52.78,,72.72,6.0
Lourdes University,lourdes-university,Sylvania,OH,USA,41.710009,-83.706108,https://www.lourdes.edu/,Private Non-Profit,668,668,74.1,,20,28930,28930,12120,1471,38.1,63.69,,59.84,13.0
Pennsylvania State University-Penn State York,pennsylvania-state-university-penn-state-york,York,PA,USA,39.95283,-76.703486,https://www.york.psu.edu/,Public,668,668,92.2,1170,,15180,25118,,1840,11.43,77.42,18922,48.95,12.0
Oklahoma Wesleyan University,oklahoma-wesleyan-university,Bartlesville,OK,USA,36.717453,-95.95671,https://www.okwu.edu/,Private Non-Profit,663,663,77.03,,20,31466,31466,9182,1240,28.43,48.99,,65.65,15.0
Dakota Wesleyan University,dakota-wesleyan-university,Mitchell,SD,USA,43.697432,-98.031188,https://www.dwu.edu/,Private Non-Profit,661,661,72.77,,22,32890,32890,7600,1500,46.43,69.38,,77.59,12.0
William Peace University,william-peace-university,Raleigh,NC,USA,35.789139,-78.637697,https://www.peace.edu/,Private Non-Profit,661,661,97.36,1198,24,33150,33150,12198,,44.33,61.03,,62.27,12.0
Ohio University-Lancaster Campus,ohio-university-lancaster-campus,Lancaster,OH,USA,39.738752,-82.586069,https://www.ohio.edu/lancaster/,Public,657,657,,,,6178,9170,,840,13.71,63.76,6133,11.43,16.0
Greensboro College,greensboro-college,Greensboro,NC,USA,36.071082,-79.800232,https://www.greensboro.edu/,Private Non-Profit,656,656,92.05,,,20400,20400,11964,1600,40.81,62.84,,66.85,10.0
Ohio State University-Lima Campus,ohio-state-university-lima-campus,Lima,OH,USA,40.738521,-84.02384,https://lima.osu.edu/,Public,656,656,,,,9212,34718,,1030,18.1,43.35,12458,35.57,16.0
Pfeiffer University,pfeiffer-university,Misenheimer,NC,USA,35.484696,-80.283168,https://www.pfeiffer.edu/,Private Non-Profit,654,654,95.3,,22,33930,33930,12520,500,42.6,67.68,,77.45,14.0
Harrisburg University of Science and Technology,harrisburg-university-of-science-and-technology,Harrisburg,PA,USA,40.26193,-76.880261,https://www.harrisburgu.edu/,Private Non-Profit,650,650,81.78,,,23900,23900,9900,1200,43.37,72.52,,61.33,17.0
Southern University Law Center,southern-university-law-center,Baton Rouge,LA,USA,30.523898,-91.194417,https://www.sulc.edu/,Public,648,648,,,,,,,,,60.11,,,21.0
Cabrini University,cabrini-university,Radnor,PA,USA,40.056355,-75.375263,https://www.cabrini.edu/,Private Non-Profit,645,645,69.19,1145,22,35815,35815,14400,1250,50.52,45.74,,67.96,9.0
Texas College,texas-college,Tyler,TX,USA,32.37456,-95.312454,https://www.texascollege.edu/,Private Non-Profit,644,644,,,,10008,10008,8000,2300,10.69,59.7,,62.93,23.0
Northwest University,northwest-university,Kirkland,WA,USA,47.657945,-122.192763,https://www.northwestu.edu/,Private Non-Profit,642,642,88.05,1204,28,36035,36035,10648,702,63.49,73.08,,73.33,9.0
Chowan University,chowan-university,Murfreesboro,NC,USA,36.436258,-77.099141,https://www.chowan.edu/,Private Non-Profit,638,638,72.37,970,18,27110,27110,9710,1200,28.52,56.74,,57.0,15.0
University of Maine at Fort Kent,university-of-maine-at-fort-kent,Fort Kent,ME,USA,47.250389,-68.589319,https://www.umfk.maine.edu/,Public,638,638,99.07,,,9045,14325,8740,1000,39.84,65.31,10865,20.85,19.0
Corban University,corban-university,Salem,OR,USA,44.882399,-122.961129,https://www.corban.edu/,Private Non-Profit,636,636,89.74,,24,37208,37208,11486,1000,61.03,81.51,,43.0,16.0
Saint Elizabeth University,saint-elizabeth-university,Morristown,NJ,USA,40.78182,-74.438221,https://www.steu.edu/,Private Non-Profit,636,636,77.21,,,35942,35942,13126,1700,40.24,80.49,,62.82,11.0
Wiley University,wiley-university,Marshall,TX,USA,32.537641,-94.376814,https://wileyc.edu/,Private Non-Profit,636,636,,,,12500,12500,5000,600,20.0,31.67,,62.18,18.0
Allen University,allen-university,Columbia,SC,USA,34.010348,-81.020045,https://www.allenuniversity.edu/,Private Non-Profit,635,635,32.12,,,14304,14304,8584,1308,13.23,90.0,,81.09,16.0
Cox College,cox-college,Springfield,MO,USA,37.225116,-93.290233,https://coxcollege.edu/,Private Non-Profit,634,634,71.43,,,15599,15599,,1700,100.0,,,74.11,8.0
Goldey-Beacom College,goldey-beacom-college,Wilmington,DE,USA,39.741501,-75.689624,https://www.gbc.edu/,Private Non-Profit,634,634,76.53,,,13440,13440,13869,1240,58.86,76.77,,38.55,18.0
Fontbonne University,fontbonne-university,Saint Louis,MO,USA,38.642697,-90.315712,https://www.fontbonne.edu/,Private Non-Profit,632,632,95.03,,22,28976,28976,11232,1000,56.83,64.09,,64.62,9.0
Ursuline College,ursuline-college,Pepper Pike,OH,USA,41.497035,-81.465118,https://www.ursuline.edu/,Private Non-Profit,630,630,84.01,1140,23,37860,37860,12284,,53.25,72.9,,86.24,7.0
Florida Institute of Technology-Online,florida-institute-of-technology-online,Melbourne,FL,USA,28.065773,-80.623123,https://www.fit.edu/,Private Non-Profit,628,628,44.44,,,12240,12240,,1200,,22.22,,61.1,13.0
Briar Cliff University,briar-cliff-university,Sioux City,IA,USA,42.526443,-96.428444,https://www.briarcliff.edu/,Private Non-Profit,626,626,,,,35534,35534,10208,1544,49.37,60.34,,54.99,12.0
Pennsylvania State University-Penn State Schuylkill,pennsylvania-state-university-penn-state-schuylkill,Schuylkill Haven,PA,USA,40.640512,-76.166374,https://schuylkill.psu.edu/,Public,617,617,91.05,1060,,15180,25118,8710,1840,20.69,81.94,21228,67.42,12.0
Centenary College of Louisiana,centenary-college-of-louisiana,Shreveport,LA,USA,32.483335,-93.730834,https://www.centenary.edu/,Private Non-Profit,615,615,54.42,1171,25,40000,40000,14360,1300,59.3,75.14,,67.48,9.0
Earlham College,earlham-college,Richmond,IN,USA,39.823431,-84.915037,https://earlham.edu/,Private Non-Profit,612,612,74.22,1250,28,51840,51840,13193,1000,67.94,79.77,,42.32,7.0
Ozark Christian College,ozark-christian-college,Joplin,MO,USA,37.103172,-94.510622,https://www.occ.edu/,Private Non-Profit,612,612,98.19,,,15550,15550,9070,800,67.92,77.14,,55.76,13.0
Clarkson College,clarkson-college,Omaha,NE,USA,41.259165,-95.974847,https://www.clarksoncollege.edu/,Private Non-Profit,611,611,64.29,,,15168,15168,7864,814,75.0,76.92,,70.68,18.0
Minerva University,minerva-university,San Francisco,CA,USA,37.782711,-122.408039,https://minerva.edu/,Private Non-Profit,603,603,3.55,,,18700,18700,13350,1000,88.83,95.71,,0.0,12.0
Wilberforce University,wilberforce-university,Wilberforce,OH,USA,39.707291,-83.880595,https://www.wilberforce.edu/,Private Non-Profit,602,602,52.73,980,18,14776,14776,7700,1200,15.97,69.59,,62.5,12.0
Paul Quinn College,paul-quinn-college,Dallas,TX,USA,32.678837,-96.755778,https://www.pqc.edu/,Private Non-Profit,600,600,33.81,,,13498,13498,7650,1000,38.1,55.67,,55.71,20.0
Spalding University,spalding-university,Louisville,KY,USA,38.242407,-85.757725,https://www.spalding.edu/,Private Non-Profit,597,597,98.64,1014,20,27850,27850,8480,1100,57.32,69.7,,57.37,11.0
Pontifical Catholic University of Puerto Rico-Mayaguez,pontifical-catholic-university-of-puerto-rico-mayaguez,Mayaguez,PR,USA,18.182375,-67.145695,https://mayaguez.pucpr.edu/,Private Non-Profit,597,597,97.3,,,6238,6238,,3512,42.11,76.67,,26.71,14.0
Bluffton University,bluffton-university,Bluffton,OH,USA,40.895606,-83.899439,https://www.bluffton.edu/,Private Non-Profit,595,595,61.16,1020,,36298,36298,11866,1600,49.52,67.28,,75.6,10.0
Universidad Central de Bayamon,universidad-central-de-bayamon,Bayamón,PR,USA,18.398864,-66.180773,https://ucb.edu.pr/,Private Non-Profit,594,594,86.36,,,5986,5986,5962,1504,37.89,79.71,,15.38,14.0
Westminster College,westminster-college,Fulton,MO,USA,38.849354,-91.955273,https://www.wcmo.edu/,Private Non-Profit,592,592,77.58,1083,21,34188,34188,12142,1100,57.47,63.35,,67.54,10.0
Cambridge College,cambridge-college,Boston,MA,USA,42.381091,-71.072646,https://www.cambridgecollege.edu/,Private Non-Profit,591,591,,,,18072,18072,,1500,12.5,,,43.93,11.0
Bethany College,bethany-college,Lindsborg,KS,USA,38.580598,-97.67367,https://www.bethanylb.edu/,Private Non-Profit,583,583,78.6,,20,31946,31946,13338,960,28.67,49.03,,68.28,12.0
Elmira College,elmira-college,Elmira,NY,USA,42.0961,-76.813459,https://www.elmira.edu/,Private Non-Profit,583,583,90.8,1239,,37932,37932,13990,600,64.04,73.84,,74.22,8.0
Paul Smiths College of Arts and Science,paul-smiths-college-of-arts-and-science,Paul Smiths,NY,USA,44.433965,-74.252675,https://www.paulsmiths.edu/,Private Non-Profit,582,582,90.73,,,32049,32049,16106,1000,53.33,76.16,,75.9,12.0
Millsaps College,millsaps-college,Jackson,MS,USA,32.322746,-90.179957,https://www.millsaps.edu/,Private Non-Profit,580,580,49.03,,25,43815,43815,14210,650,55.46,73.48,,61.24,9.0
Sinte Gleska University,sinte-gleska-university,Mission,SD,USA,43.298878,-100.622549,https://www.sintegleska.edu/,Public,579,579,,,,4714,4714,,1000,0.0,100.0,7075,0.0,16.0
Southwestern Adventist University,southwestern-adventist-university,Keene,TX,USA,32.397617,-97.32702,https://www.swau.edu/,Private Non-Profit,574,574,55.52,1031,21,24588,24588,9032,1200,41.09,70.4,,56.02,12.0
North American University,north-american-university,Stafford,TX,USA,29.646303,-95.588338,https://www.na.edu/,Private Non-Profit,573,573,,,,12836,12836,8360,1122,26.98,43.33,,40.4,15.0
Mount Carmel College of Nursing,mount-carmel-college-of-nursing,Columbus,OH,USA,39.956625,-83.021501,https://www.mccn.edu/,Private Non-Profit,573,573,57.39,1020,19,13890,13890,,1500,70.89,83.33,,62.58,9.0
Le Moyne-Owen College,le-moyne-owen-college,Memphis,TN,USA,35.118641,-90.034101,https://www.loc.edu/,Private Non-Profit,571,571,97.17,,15,12076,12076,6100,1250,24.7,60.0,,62.4,9.0
University of Wisconsin-Milwaukee Flex,university-of-wisconsin-milwaukee-flex,Milwaukee,WI,USA,43.076848,-87.880488,https://flex.wisconsin.edu/,Public,570,570,92.31,,,,,,,,,,28.27,18.0
Sterling College,sterling-college,Sterling,KS,USA,38.219937,-98.208644,https://www.sterling.edu/,Private Non-Profit,569,569,53.03,,22,32200,32200,9532,1240,29.03,58.94,,49.71,9.0
University of Minnesota-Rochester,university-of-minnesota-rochester,Rochester,MN,USA,44.022339,-92.463471,https://r.umn.edu/,Public,568,568,71.83,1220,26,14400,14400,12990,1000,56.91,72.11,12785,49.37,13.0
Wheeling University,wheeling-university,Wheeling,WV,USA,40.070873,-80.690804,https://www.wheeling.edu/,Private Non-Profit,567,567,75.18,,20,29475,29475,12420,1300,32.04,65.52,,55.96,14.0
LaGrange College,lagrange-college,Lagrange,GA,USA,33.038564,-85.043113,https://www.lagrange.edu/,Private Non-Profit,566,566,63.21,,,34540,34540,12844,1200,41.76,60.45,,71.0,11.0
Maranatha Baptist University,maranatha-baptist-university,Watertown,WI,USA,43.195013,-88.737016,https://www.mbu.edu/,Private Non-Profit,566,566,70.87,1141,24,20280,20280,8800,2544,65.69,75.68,,27.58,10.0
Lyon College,lyon-college,Batesville,AR,USA,35.777619,-91.625354,https://www.lyon.edu/,Private Non-Profit,563,563,65.54,,24,31000,31000,10750,1500,55.91,68.06,,61.21,10.0
Cleveland Institute of Art,cleveland-institute-of-art,Cleveland,OH,USA,41.510435,-81.602416,https://www.cia.edu/,Private Non-Profit,560,560,56.28,1156,23,47880,47880,12520,2200,67.53,86.36,,80.99,9.0
Calumet College of Saint Joseph,calumet-college-of-saint-joseph,Whiting,IN,USA,41.671008,-87.494123,https://www.ccsj.edu/,Private Non-Profit,560,560,,,,22650,22650,10000,2070,29.9,39.62,,58.61,13.0
The University of Texas Medical Branch at Galveston,the-university-of-texas-medical-branch-at-galveston,Galveston,TX,USA,29.310758,-94.775956,https://www.utmb.edu/,Public,559,559,,,,,,,,,,,45.13,10.0
Roseman University of Health Sciences,roseman-university-of-health-sciences,Henderson,NV,USA,36.073182,-115.064633,https://www.roseman.edu/,Private Non-Profit,554,554,,,,,,,,,,,80.31,10.0
Golden Gate University,golden-gate-university,San Francisco,CA,USA,37.789374,-122.398969,https://www.ggu.edu/,Private Non-Profit,550,550,,,,31243,31243,,1920,,,,17.97,10.0
Hope International University,hope-international-university,Fullerton,CA,USA,33.87616,-117.88573,https://www.hiu.edu/,Private Non-Profit,549,549,35.39,,,36250,36250,13700,938,45.65,68.18,,60.34,13.0
Pennsylvania State University-Penn State Mont Alto,pennsylvania-state-university-penn-state-mont-alto,Mont Alto,PA,USA,39.842212,-77.541797,https://montalto.psu.edu/,Public,547,547,90.3,1170,,14380,23872,12022,1840,25.12,75.0,19993,52.39,9.0
Kettering College,kettering-college,Kettering,OH,USA,39.695052,-84.192006,https://kc.edu/,Private Non-Profit,543,543,82.86,1120,20,15672,15672,9270,1962,65.0,80.52,,46.2,9.0
Herzing University-Kenosha,herzing-university-kenosha,Kenosha,WI,USA,42.582628,-87.820105,https://www.herzing.edu/,Private Non-Profit,543,543,89.39,,,13420,13420,,,50.0,76.92,,81.66,16.0
Northeastern University Oakland,northeastern-university-oakland,Oakland,CA,USA,37.781425,-122.182294,https://oakland.northeastern.edu/,Private Non-Profit,542,542,16.54,1472,31,63949,63949,18790,1000,,,,,14.0
Colegio Universitario de San Juan,colegio-universitario-de-san-juan,San Juan,PR,USA,18.428528,-66.066529,https://www.cunisanjuan.edu/,Public,542,542,80.88,,,2340,2340,,1130,30.13,76.47,200,0.0,11.0
Thomas Aquinas College,thomas-aquinas-college,Santa Paula,CA,USA,34.429009,-119.087141,https://thomasaquinas.edu/,Private Non-Profit,539,539,78.71,1277,28,28700,28700,10700,0,82.02,92.09,,65.7,10.0
Brescia University,brescia-university,Owensboro,KY,USA,37.769041,-87.111639,https://www.brescia.edu/,Private Non-Profit,538,538,34.61,,22,30450,30450,10935,3000,45.97,56.84,,56.81,8.0
Villa Maria College,villa-maria-college,Buffalo,NY,USA,42.91223,-78.796823,https://www.villa.edu/,Private Non-Profit,536,536,86.68,,,28670,28670,,,31.01,63.22,,58.49,9.0
Blue Mountain Christian University,blue-mountain-christian-university,Blue Mountain,MS,USA,34.67209,-89.02924,https://www.bmc.edu/,Private Non-Profit,536,536,100.0,1047,21,19280,19280,9040,1200,51.2,74.44,,30.94,15.0
Manhattan School of Music,manhattan-school-of-music,New York,NY,USA,40.812312,-73.961334,https://www.msmnyc.edu/,Private Non-Profit,535,535,39.94,,,54600,54600,17350,1500,78.26,92.72,,32.87,6.0
Walsh College,walsh-college,Troy,MI,USA,42.573888,-83.147197,https://walshcollege.edu/,Private Non-Profit,535,535,,,,,,,,,,,57.79,12.0
Bryan College of Health Sciences,bryan-college-of-health-sciences,Lincoln,NE,USA,40.796768,-96.651532,https://www.bryanhealthcollege.edu/bcohs/,Private Non-Profit,534,534,62.91,,,20070,20070,,1200,75.47,80.65,,58.19,9.0
Bushnell University,bushnell-university,Eugene,OR,USA,44.047483,-123.079754,https://www.bushnell.edu/,Private Non-Profit,533,533,66.36,1120,18,34740,34740,10980,1050,61.76,71.43,,59.14,15.0
Holy Cross College,holy-cross-college,Notre Dame,IN,USA,41.698996,-86.253822,https://www.hcc-nd.edu/,Private Non-Profit,533,533,73.71,1229,31,35500,35500,12300,1100,29.47,79.28,,67.99,12.0
Tabor College,tabor-college,Hillsboro,KS,USA,38.34858,-97.199773,https://tabor.edu/,Private Non-Profit,530,530,64.62,1049,,35050,35050,10800,0,32.89,65.56,,57.44,15.0
East-West University,east-west-university,Chicago,IL,USA,41.871309,-87.624793,https://www.eastwest.edu/,Private Non-Profit,528,528,,,,26100,26100,,900,22.95,36.51,,86.01,29.0
Alice Lloyd College,alice-lloyd-college,Pippa Passes,KY,USA,37.335087,-82.875068,https://www.alc.edu/,Private Non-Profit,528,528,85.57,980,20,14080,14080,8732,1600,26.36,58.24,,48.46,14.0
Bon Secours Memorial College of Nursing,bon-secours-memorial-college-of-nursing,Richmond,VA,USA,37.646698,-77.433569,https://www.bsmcon.edu/,Private Non-Profit,527,527,,,,,,,,,,,40.75,10.0
University of Providence,university-of-providence,Great Falls,MT,USA,47.490713,-111.270604,https://www.uprovidence.edu/,Private Non-Profit,527,527,64.2,985,20,29018,29018,10500,1000,46.74,70.1,,45.7,7.0
Ohio University-Zanesville Campus,ohio-university-zanesville-campus,Zanesville,OH,USA,39.96098,-82.031063,https://www.ohio.edu/zanesville/,Public,526,526,,,,6178,9170,,840,17.7,69.05,5971,13.0,12.0
Washington Adventist University,washington-adventist-university,Takoma Park,MD,USA,38.986349,-77.000608,https://www.wau.edu/,Private Non-Profit,522,522,45.36,920,,25200,25200,10440,1200,40.0,82.14,,54.12,7.0
Eureka College,eureka-college,Eureka,IL,USA,40.71482,-89.269624,https://www.eureka.edu/,Private Non-Profit,522,522,88.47,,20,28400,28400,10542,1200,40.57,63.09,,33.81,14.0
Randolph College,randolph-college,Lynchburg,VA,USA,37.437315,-79.171887,https://www.randolphcollege.edu/,Private Non-Profit,520,520,94.94,1109,25,29010,29010,11890,1240,51.49,68.03,,56.28,7.0
Talmudical Seminary of Bobov,talmudical-seminary-of-bobov,Brooklyn,NY,USA,40.634485,-73.995378,https://www.independentrabbinicalcolleges.org/,Private Non-Profit,515,515,98.07,,,13200,13200,7000,200,43.04,76.97,,0.0,10.0
Urshan College,urshan-college,Wentzville,MO,USA,38.808034,-90.830252,https://urshancollege.org/,Private Non-Profit,512,512,83.87,1035,,8506,8506,4398,2100,55.0,69.05,,37.84,21.0
Albany College of Pharmacy and Health Sciences,albany-college-of-pharmacy-and-health-sciences,Albany,NY,USA,42.650371,-73.779063,https://www.acphs.edu/,Private Non-Profit,509,509,59.08,1280,30,40375,40375,12280,1000,68.82,85.59,,88.01,10.0
Pennsylvania State University-Penn State Hazleton,pennsylvania-state-university-penn-state-hazleton,Hazleton,PA,USA,40.98396,-76.030975,https://hazleton.psu.edu/,Public,508,508,91.04,1200,,15180,25118,12022,1840,17.91,72.39,20062,64.69,11.0
Bethel College-North Newton,bethel-college-north-newton,North Newton,KS,USA,38.075169,-97.343256,https://www.bethelks.edu/,Private Non-Profit,499,499,95.7,,22,34002,34002,10330,1200,43.09,60.36,,70.71,11.0
Escuela de Artes Plasticas y Diseno de Puerto Rico,escuela-de-artes-plasticas-y-diseno-de-puerto-rico,San Juan,PR,USA,18.46778,-66.121348,https://www.eap.edu/,Public,497,497,100.0,985,,4902,8502,,3200,44.93,76.0,5231,0.0,10.0
Beacon College,beacon-college,Leesburg,FL,USA,28.811281,-81.87415,https://www.beaconcollege.edu/,Private Non-Profit,497,497,60.37,,,49230,49230,14842,1000,57.32,76.47,,40.32,12.0
Pennsylvania State University-Penn State Beaver,pennsylvania-state-university-penn-state-beaver,Monaca,PA,USA,40.678271,-80.296316,https://beaver.psu.edu/,Public,491,491,92.2,1191,,14380,23872,12852,1840,21.2,75.6,18657,57.85,11.0
Williams Baptist University,williams-baptist-university,Walnut Ridge,AR,USA,36.125676,-90.940277,https://williamsbaptistuniversity.com/,Private Non-Profit,490,490,58.88,1018,22,20330,20330,8980,1250,35.92,49.65,,47.33,12.0
St. John's College,st-johns-college,Annapolis,MD,USA,38.981598,-76.491359,https://www.sjc.edu/,Private Non-Profit,488,488,44.29,1381,29,39126,39126,14984,680,67.41,88.46,,49.35,8.0
University of New Hampshire at Manchester,university-of-new-hampshire-at-manchester,Manchester,NH,USA,42.987209,-71.468755,https://manchester.unh.edu/,Public,486,486,87.33,1140,,15820,35530,,1000,65.08,68.18,13302,46.86,9.0
College of Biblical Studies-Houston,college-of-biblical-studies-houston,Houston,TX,USA,29.716676,-95.506559,https://cbshouston.edu/,Private Non-Profit,482,482,,,,7475,9275,4000,975,60.0,,,73.66,12.0
Cornish College of the Arts,cornish-college-of-the-arts,Seattle,WA,USA,47.618174,-122.336238,https://www.cornish.edu/,Private Non-Profit,480,480,70.46,,,39913,39913,15760,1800,51.98,68.55,,72.91,6.0
Central Baptist College,central-baptist-college,Conway,AR,USA,35.083838,-92.445021,https://www.cbc.edu/,Private Non-Profit,477,477,46.36,1022,21,19680,19680,8500,1704,35.29,59.22,,49.47,12.0
Northwest University-Center for Online and Extended Education,northwest-university-center-for-online-and-extended-education,Kirkland,WA,USA,47.657502,-122.195774,https://www.northwestu.edu/,Private Non-Profit,477,477,,,,14652,14652,,1128,30.77,70.83,,38.21,19.0
University of Valley Forge,university-of-valley-forge,Phoenixville,PA,USA,40.117835,-75.5469,https://www.valleyforge.edu/,Private Non-Profit,471,471,78.16,,,24510,24510,11410,1500,56.12,69.6,,73.82,11.0
Oakland City University,oakland-city-university,Oakland City,IN,USA,38.340891,-87.35144,https://www.oak.edu/,Private Non-Profit,470,470,68.21,,19,27150,27150,10610,1500,70.0,68.0,,34.71,12.0
Rosemont College,rosemont-college,Rosemont,PA,USA,40.033417,-75.32925,https://www.rosemont.edu/,Private Non-Profit,466,466,74.52,,21,22171,22171,13530,1400,43.48,66.67,,69.28,13.0
Wesleyan College,wesleyan-college,Macon,GA,USA,32.876037,-83.715417,https://www.wesleyancollege.edu/,Private Non-Profit,466,466,62.07,905,24,27650,27650,11326,,60.56,75.24,,51.47,7.0
Southeastern Baptist Theological Seminary,southeastern-baptist-theological-seminary,Wake Forest,NC,USA,35.981858,-78.513755,https://www.sebts.edu/,Private Non-Profit,466,466,76.61,1090,,10646,10646,7469,800,46.43,81.82,,0.0,11.0
Soka University of America,soka-university-of-america,Aliso Viejo,CA,USA,33.554546,-117.735344,https://www.soka.edu/,Private Non-Profit,464,464,69.52,1360,26,37450,37450,13892,938,86.92,92.25,,37.75,7.0
University of Connecticut-Avery Point,university-of-connecticut-avery-point,Groton,CT,USA,41.316419,-72.065336,https://averypoint.uconn.edu/,Public,464,464,86.51,1130,25,17462,40130,,990,56.67,79.89,11504,35.5,13.0
Sweet Briar College,sweet-briar-college,Sweet Briar,VA,USA,37.556725,-79.081014,https://www.sbc.edu/,Private Non-Profit,463,463,71.74,1227,25,25110,25110,14720,1400,48.1,76.62,,50.55,9.0
Yeshiva of Machzikai Hadas,yeshiva-of-machzikai-hadas,Brooklyn,NY,USA,40.636104,-73.990592,https://yeshivaofmachzikaihadas.com/,Private Non-Profit,461,461,66.15,,,10800,10800,,300,71.21,94.95,,0.0,26.0
Voorhees University,voorhees-university,Denmark,SC,USA,33.307199,-81.127863,https://www.voorhees.edu/,Private Non-Profit,460,460,,,,12630,12630,7345,1500,37.79,62.5,,48.7,10.0
The Juilliard School,the-juilliard-school,New York,NY,USA,40.773725,-73.982913,https://www.juilliard.edu/,Private Non-Profit,460,460,8.96,,,56550,56550,21340,800,90.0,97.2,,21.16,4.0
The University of Texas Health Science Center at Houston,the-university-of-texas-health-science-center-at-houston,Houston,TX,USA,29.702873,-95.403183,https://www.uth.edu/,Public,460,460,,,,,,,,,,,71.3,5.0
Northland College,northland-college,Ashland,WI,USA,46.579087,-90.87476,https://www.northland.edu/,Private Non-Profit,457,457,71.81,1153,24,42491,42491,11100,800,43.32,71.31,,66.02,8.0
College of Saint Mary,college-of-saint-mary,Omaha,NE,USA,41.240028,-96.021425,https://www.csm.edu/,Private Non-Profit,455,455,43.95,1120,,23340,23340,8650,888,59.41,68.18,,56.4,7.0
Defiance College,defiance-college,Defiance,OH,USA,41.296842,-84.357075,https://www.defiance.edu/,Private Non-Profit,454,454,42.43,,20,38778,38778,12138,1400,36.67,61.43,,77.66,10.0
York University,york-university,York,NE,USA,40.869526,-97.579352,https://www.york.edu/,Private Non-Profit,443,443,47.63,988,19,21600,21600,9600,300,37.4,66.67,,70.92,11.0
Union Adventist University,union-adventist-university,Lincoln,NE,USA,40.774778,-96.651095,https://www.ucollege.edu/,Private Non-Profit,439,439,99.89,,21,27990,27990,8000,1600,45.86,79.75,,51.57,7.0
Kentucky Christian University,kentucky-christian-university,Grayson,KY,USA,38.338805,-82.945561,https://www.kcu.edu/,Private Non-Profit,438,438,62.38,1044,19,25000,25000,9400,1400,33.77,45.28,,59.26,12.0
Rabbinical College Bobover Yeshiva Bnei Zion,rabbinical-college-bobover-yeshiva-bnei-zion,Brooklyn,NY,USA,40.631954,-73.985026,https://rabbinicalcollegeboboveryeshiva.edu/,Private Non-Profit,436,436,,,,10000,10000,5800,480,97.14,97.62,,0.0,26.0
Metropolitan College of New York,metropolitan-college-of-new-york,New York,NY,USA,40.708706,-74.014702,https://www.mcny.edu/,Private Non-Profit,430,430,76.54,,,20188,20188,,1000,24.74,38.46,,67.61,13.0
Rust College,rust-college,Holly Springs,MS,USA,34.776862,-89.446999,https://www.rustcollege.edu/,Private Non-Profit,428,428,34.69,,,13840,13840,5980,500,26.95,9.52,,63.46,11.0
Barnes-Jewish College Goldfarb School of Nursing,barnes-jewish-college-goldfarb-school-of-nursing,Saint Louis,MO,USA,38.637165,-90.258772,https://www.barnesjewishcollege.edu/,Private Non-Profit,426,426,,,,,,,,,,,66.51,6.0
Carolina University,carolina-university,Winston-Salem,NC,USA,36.087962,-80.250153,https://www.carolinau.edu/,Private Non-Profit,424,424,34.0,,,16000,16000,12400,2600,29.23,56.41,,50.66,15.0
Pennsylvania State University-Penn State New Kensington,pennsylvania-state-university-penn-state-new-kensington,New Kensington,PA,USA,40.551056,-79.697461,https://newkensington.psu.edu/,Public,423,423,93.31,1133,,14380,23872,,1840,24.43,76.72,19522,54.35,9.0
Mitchell College,mitchell-college,New London,CT,USA,41.328013,-72.09523,https://www.mitchell.edu/,Private Non-Profit,421,421,73.36,,,39050,39050,15540,1200,44.14,57.0,,61.04,14.0
Morris College,morris-college,Sumter,SC,USA,33.938574,-80.346155,https://www.morris.edu/,Private Non-Profit,421,421,,,,16224,16224,7380,3090,20.43,46.61,,80.47,10.0
Caribbean University-Ponce,caribbean-university-ponce,Ponce,PR,USA,18.006633,-66.59425,https://www.caribbean.edu/,Private Non-Profit,419,419,,,,5966,5966,,1650,41.67,50.0,,20.0,10.0
Touro University Worldwide,touro-university-worldwide,Los Alamitos,CA,USA,33.808683,-118.057754,https://www.tuw.edu/,Private Non-Profit,416,416,,,,14600,14600,,1046,42.31,78.26,,47.82,11.0
Maine College of Art & Design,maine-college-of-art-design,Portland,ME,USA,43.655743,-70.261015,https://www.meca.edu/,Private Non-Profit,415,415,77.55,,,41398,41398,15650,1250,48.74,77.89,,70.79,8.0
Pennsylvania State University-Penn State Fayette- Eberly,pennsylvania-state-university-penn-state-fayette-eberly,Lemont Furnace,PA,USA,39.946455,-79.659317,https://fayette.psu.edu/,Public,415,415,91.66,1160,,14380,23872,,1840,33.52,73.68,19450,60.14,9.0
Pacific Northwest College of Art,pacific-northwest-college-of-art,Portland,OR,USA,45.526766,-122.678182,https://willamette.edu/pnca/index.html,Private Non-Profit,412,412,68.54,,,47126,47126,18912,1358,45.68,62.92,,53.46,9.0
University of Holy Cross,university-of-holy-cross,New Orleans,LA,USA,29.912003,-89.99445,https://uhcno.edu/,Private Non-Profit,405,405,99.01,,19,16160,16160,10166,1300,35.82,69.05,,35.79,6.0
Boricua College,boricua-college,New York,NY,USA,40.833434,-73.9458,https://www.boricuacollege.edu/,Private Non-Profit,401,401,,,,12525,12525,,400,70.63,85.11,,15.86,20.0
Alaska Pacific University,alaska-pacific-university,Anchorage,AK,USA,61.190968,-149.804168,https://www.alaskapacific.edu/,Private Non-Profit,400,400,86.21,,,20760,20760,8932,1200,46.88,68.18,,41.86,8.0
College Unbound,college-unbound,Providence,RI,USA,41.80644,-71.412848,https://collegeunbound.edu/,Private Non-Profit,398,398,,,,10488,10488,,225,,57.14,,49.47,7.0
Central Christian College of Kansas,central-christian-college-of-kansas,McPherson,KS,USA,38.357978,-97.668597,https://www.centralchristian.edu/,Private Non-Profit,394,394,,,,21000,21000,8950,1200,23.03,59.46,,60.07,11.0
Life Pacific University,life-pacific-university,San Dimas,CA,USA,34.098705,-117.829388,https://lifepacific.edu/,Private Non-Profit,393,393,93.95,,,20462,20462,11863,938,56.82,56.14,,61.71,11.0
Salem College,salem-college,Winston-Salem,NC,USA,36.086271,-80.241297,https://www.salem.edu/,Private Non-Profit,390,390,87.03,1168,19,32236,32236,13056,1336,56.25,66.67,,49.59,7.0
Moore College of Art and Design,moore-college-of-art-and-design,Philadelphia,PA,USA,39.957078,-75.172105,https://www.moore.edu/,Private Non-Profit,390,390,60.51,1303,,50279,50279,18756,4500,63.44,81.42,,84.23,8.0
Simmons College of Kentucky,simmons-college-of-kentucky,Louisville,KY,USA,38.239519,-85.764811,https://simmonscollegeky.edu/,Private Non-Profit,381,381,98.21,,14,16398,16398,,1000,34.0,51.35,,32.07,8.0
Hannibal-LaGrange University,hannibal-lagrange-university,Hannibal,MO,USA,39.729015,-91.39094,https://www.hlg.edu/,Private Non-Profit,381,381,58.74,1020,22,26880,26880,9400,1200,44.31,79.25,,43.91,7.0
Rabbinical Seminary of America,rabbinical-seminary-of-america,Flushing,NY,USA,40.72308,-73.817161,https://www.rabbinical.org/,Private Non-Profit,379,379,97.54,,,10000,10000,6400,300,34.31,82.22,,0.0,40.0
Eastern Nazarene College,eastern-nazarene-college,Quincy,MA,USA,42.271228,-71.011079,https://www.enc.edu/,Private Non-Profit,378,378,58.96,1035,22,28610,28610,11350,400,35.29,61.64,,58.44,8.0
The University of Tennessee Health Science Center,the-university-of-tennessee-health-science-center,Memphis,TN,USA,35.138847,-90.033196,https://www.uthsc.edu/,Public,376,376,,,,,,,,,,,50.17,7.0
Methodist College,methodist-college,Peoria,IL,USA,40.7804,-89.682864,https://www.methodistcol.edu/,Private Non-Profit,374,374,31.11,,,18008,18008,17280,1700,75.0,0.0,,70.44,8.0
Yeshiva Kollel Tifereth Elizer,yeshiva-kollel-tifereth-elizer,Brooklyn,NY,USA,40.637096,-73.992171,https://www.yeshivakolleltiferethelizer.com/,Private Non-Profit,373,373,75.0,,,12300,12300,4600,300,85.71,46.15,,0.0,29.0
Patrick Henry College,patrick-henry-college,Purcellville,VA,USA,39.138687,-77.690939,https://www.phc.edu/,Private Non-Profit,373,373,81.98,1351,30,28425,28425,11020,500,65.45,87.88,,0.0,14.0
Franklin W Olin College of Engineering,franklin-w-olin-college-of-engineering,Needham,MA,USA,42.293527,-71.263378,https://www.olin.edu/,Private Non-Profit,373,373,21.66,1540,35,64458,64458,19820,216,92.22,98.67,,22.02,9.0
Arkansas Baptist College,arkansas-baptist-college,Little Rock,AR,USA,34.734751,-92.290555,https://www.arkansasbaptist.edu/,Private Non-Profit,373,373,,,,8760,8760,8826,1000,7.98,21.43,,41.73,15.0
Faith Baptist Bible College and Theological Seminary,faith-baptist-bible-college-and-theological-seminary,Ankeny,IA,USA,41.737082,-93.624422,https://faith.edu/,Private Non-Profit,371,371,49.68,1088,24,19530,19530,7950,1240,61.05,80.0,,25.73,15.0
The New England Conservatory of Music,the-new-england-conservatory-of-music,Boston,MA,USA,42.340946,-71.08629,https://necmusic.edu/,Private Non-Profit,371,371,42.75,,,58550,58550,19287,500,77.78,93.62,,25.49,5.0
Naropa University,naropa-university,Boulder,CO,USA,40.014235,-105.266987,https://www.naropa.edu/,Private Non-Profit,368,368,94.0,,,34600,34600,10696,1253,45.95,57.14,,55.1,9.0
Trinity Baptist College,trinity-baptist-college,Jacksonville,FL,USA,30.311171,-81.79626,https://www.tbc.edu/,Private Non-Profit,363,363,62.5,1007,19,14300,14300,8940,1250,44.23,52.27,,59.71,12.0
Pennsylvania State University-Penn State Greater Allegheny,pennsylvania-state-university-penn-state-greater-allegheny,McKeesport,PA,USA,40.345591,-79.827428,https://greaterallegheny.psu.edu/,Public,360,360,94.66,1125,,14380,23872,12022,1840,27.43,69.37,14721,63.91,8.0
College of the Atlantic,college-of-the-atlantic,Bar Harbor,ME,USA,44.395258,-68.221517,https://www.coa.edu/,Private Non-Profit,358,358,65.02,,,46179,46179,10101,600,69.23,83.16,,49.87,10.0
Wells College,wells-college,Aurora,NY,USA,42.742943,-76.696028,https://www.wells.edu/,Private Non-Profit,355,355,69.65,,,35166,35166,14950,1050,40.88,50.34,,80.95,8.0
Talmudical Seminary Oholei Torah,talmudical-seminary-oholei-torah,Brooklyn,NY,USA,40.670089,-73.945759,https://www.tsot.edu/,Private Non-Profit,353,353,78.08,,,8000,8000,6000,300,13.95,54.29,,0.0,14.0
Stephens College,stephens-college,Columbia,MO,USA,38.95204,-92.319204,https://www.stephens.edu/,Private Non-Profit,353,353,91.55,1104,21,28200,28200,13098,1240,46.51,71.05,,62.83,7.0
Southwestern Christian University,southwestern-christian-university,Bethany,OK,USA,35.513314,-97.63934,https://www.swcu.edu/,Private Non-Profit,351,351,,,,21316,21316,9400,2000,12.71,50.0,,44.31,12.0
Pacific Oaks College,pacific-oaks-college,Pasadena,CA,USA,34.153382,-118.151323,https://www.pacificoaks.edu/,Private Non-Profit,346,346,10.0,,,33360,33360,,2028,,,,73.62,3.0
Warner Pacific University,warner-pacific-university,Portland,OR,USA,45.506265,-122.592498,https://www.warnerpacific.edu/,Private Non-Profit,344,344,58.55,,,21010,21010,14222,142,82.09,77.42,,61.26,10.0
Mission University,mission-university,Springfield,MO,USA,37.239696,-93.284286,https://www.mission.edu/,Private Non-Profit,342,342,,,,16230,16230,8260,1100,38.24,70.49,,71.17,12.0
Blackburn College,blackburn-college,Carlinville,IL,USA,39.287896,-89.870241,https://www.blackburn.edu/,Private Non-Profit,341,341,80.14,,20,26758,26758,9120,500,52.41,57.69,,50.52,9.0
Bellin College,bellin-college,Green Bay,WI,USA,44.468277,-87.921722,https://www.bellincollege.edu/,Private Non-Profit,338,338,100.0,,22,28211,28211,,3275,74.29,91.11,,39.25,8.0
Pennsylvania State University-Penn State Wilkes-Barre,pennsylvania-state-university-penn-state-wilkes-barre,Dallas,PA,USA,41.305602,-76.016151,https://wilkesbarre.psu.edu/,Public,338,338,94.53,1145,,14258,23750,,1840,16.67,79.34,15775,55.92,10.0
Paine College,paine-college,Augusta,GA,USA,33.469545,-81.993225,https://www.paine.edu/,Private Non-Profit,338,338,83.36,,,14596,14596,7512,2500,21.69,53.57,,73.55,11.0
Morris Brown College,morris-brown-college,Atlanta,GA,USA,33.753707,-84.407668,https://www.morrisbrown.edu/,Private Non-Profit,338,338,,,,9558,9558,,1000,100.0,63.64,,70.36,14.0
University of the Southwest,university-of-the-southwest,Hobbs,NM,USA,32.775496,-103.186948,https://www.usw.edu/,Private Non-Profit,337,337,,,,16670,16670,8000,,26.67,53.16,,62.54,21.0
Principia College,principia-college,Elsah,IL,USA,38.948835,-90.350285,https://www.principiacollege.edu/,Private Non-Profit,337,337,44.4,1096,25,33280,33280,13370,1000,76.19,75.41,,0.0,5.0
Mesivta Torah Vodaath Rabbinical Seminary,mesivta-torah-vodaath-rabbinical-seminary,Brooklyn,NY,USA,40.6382,-73.969395,https://independentrabbinicalcolleges.org/index.html,Private Non-Profit,337,337,89.74,,,13950,13950,5500,200,33.33,81.48,,0.0,28.0
Nazarene Bible College,nazarene-bible-college,Colorado Springs,CO,USA,38.944824,-104.803251,https://www.nbc.edu/,Private Non-Profit,336,336,,,,10002,10002,,990,,,,15.72,6.0
Clarks Summit University,clarks-summit-university,Clarks Summit,PA,USA,41.495062,-75.685472,https://www.clarkssummitu.edu/,Private Non-Profit,331,331,90.1,,,32400,32400,7600,1200,54.17,62.9,,38.56,9.0
Multnomah University,multnomah-university,Portland,OR,USA,45.527139,-122.575557,https://www.multnomah.edu/,Private Non-Profit,329,329,49.84,,,30310,30310,11000,1500,50.82,34.44,,82.01,10.0
Ottawa University-Online,ottawa-university-online,Overland Park,KS,USA,38.932055,-94.635461,https://www.ottawa.edu/,Private Non-Profit,328,328,,,,,,,,,,,45.18,8.0
The Chicago School at Los Angeles,the-chicago-school-at-los-angeles,Los Angeles,CA,USA,34.049478,-118.257045,https://www.thechicagoschool.edu/in-the-community/locations/,Private Non-Profit,324,324,40.17,,,20844,20844,,2184,,,,31.34,7.0
The University of Texas MD Anderson Cancer Center,the-university-of-texas-md-anderson-cancer-center,Houston,TX,USA,29.707016,-95.396804,https://www.mdanderson.org/,Public,322,322,,,,,,,,,,,35.01,9.0
Pennsylvania College of Art and Design,pennsylvania-college-of-art-and-design,Lancaster,PA,USA,40.041152,-76.308769,https://pcad.edu/,Private Non-Profit,312,312,45.94,,,31370,31370,12535,1650,63.77,82.54,,77.55,9.0
SUM Bible College and Theological Seminary,sum-bible-college-and-theological-seminary,El Dorado Hills,CA,USA,38.620833,-121.054758,https://www.sum.edu/,Private Non-Profit,312,312,64.21,,,10460,10460,7380,800,46.15,58.06,,51.92,16.0
Institute of American Indian and Alaska Native Culture and Arts Development,institute-of-american-indian-and-alaska-native-culture-and-arts-development,Santa Fe,NM,USA,35.586563,-106.010015,https://iaia.edu/,Public,307,307,100.0,,,5801,5801,12488,2400,24.53,58.33,12322,0.0,8.0
Ohio University-Eastern Campus,ohio-university-eastern-campus,Saint Clairsville,OH,USA,40.073392,-80.976073,https://www.ohio.edu/eastern/,Public,305,305,,,,6178,9170,,840,20.0,65.48,4503,8.49,14.0
John Paul the Great Catholic University,john-paul-the-great-catholic-university,Escondido,CA,USA,33.12085,-117.082401,https://jpcatholic.edu/,Private Non-Profit,297,297,79.29,1181,22,29500,29500,15099,1905,65.33,69.86,,70.67,14.0
Puerto Rico Conservatory of Music,puerto-rico-conservatory-of-music,San Juan,PR,USA,18.454016,-66.078811,https://cmpr.edu/,Public,295,295,81.01,,,3370,3370,,1800,57.14,100.0,5244,13.06,4.0
Ner Israel Rabbinical College,ner-israel-rabbinical-college,Baltimore,MD,USA,39.388021,-76.753526,https://nirc.edu/,Private Non-Profit,292,292,79.41,,,14400,14400,7600,250,43.9,94.74,,0.0,20.0
Reformed University,reformed-university,Lawrenceville,GA,USA,33.971966,-84.07814,https://runiv.edu/,Private Non-Profit,287,287,73.42,,,5360,5360,,750,50.0,75.0,,0.0,15.0
SUNY Downstate Health Sciences University,suny-downstate-health-sciences-university,Brooklyn,NY,USA,40.653855,-73.945535,https://www.downstate.edu/,Public,286,286,,,,,,,,,,,44.33,9.0
Gods Bible School and College,gods-bible-school-and-college,Cincinnati,OH,USA,39.1153,-84.505703,https://www.gbs.edu/,Private Non-Profit,285,285,64.03,,,7696,7696,5160,1226,50.0,84.62,,5.97,9.0
Medical University of South Carolina,medical-university-of-south-carolina,Charleston,SC,USA,32.784363,-79.947158,https://web.musc.edu/,Public,281,281,,,,,,,,,,,62.33,8.0
Allen College,allen-college,Waterloo,IA,USA,42.530084,-92.340148,https://www.allencollege.edu/,Private Non-Profit,279,279,,,,20444,20444,,800,,,,62.23,8.0
University of Health Sciences and Pharmacy in St. Louis,university-of-health-sciences-and-pharmacy-in-st-louis,Saint Louis,MO,USA,38.636904,-90.260617,https://www.uhsp.edu/,Private Non-Profit,274,274,75.13,1150,24,31920,31920,15000,1200,75.47,63.21,,68.18,9.0
Pontifical Catholic University of Puerto Rico-Arecibo,pontifical-catholic-university-of-puerto-rico-arecibo,Arecibo,PR,USA,18.446006,-66.679114,https://www.pucpr.edu/arecibo,Private Non-Profit,273,273,85.38,,,6238,6238,,3512,39.19,82.35,,33.44,12.0
Mount Sinai Phillips School of Nursing,mount-sinai-phillips-school-of-nursing,New York,NY,USA,40.804778,-73.936639,https://www.pson.edu/,Private Non-Profit,273,273,,,,,,,,100.0,,,61.7,8.0
Trine University-Regional/Non-Traditional Campuses,trine-university-regionalnon-traditional-campuses,Angola,IN,USA,41.632502,-85.008009,https://trine.edu/online/index.aspx,Private Non-Profit,273,273,21.62,,,9576,9576,,900,100.0,100.0,,17.66,8.0
New Saint Andrews College,new-saint-andrews-college,Moscow,ID,USA,46.731422,-117.001804,https://nsa.edu/,Private Non-Profit,273,273,85.71,1245,,15700,15700,,1400,69.7,87.67,,0.0,15.0
Bryn Athyn College of the New Church,bryn-athyn-college-of-the-new-church,Bryn Athyn,PA,USA,40.134393,-75.060808,https://www.brynathyn.edu/,Private Non-Profit,273,273,74.2,1174,28,27804,27804,13851,1000,46.32,65.79,,65.07,8.0
The King's University,the-kings-university,Southlake,TX,USA,32.93973,-97.121526,https://www.tku.edu/,Private Non-Profit,272,272,100.0,,,12480,12480,,1218,40.0,100.0,,9.41,10.0
Dallas Christian College,dallas-christian-college,Dallas,TX,USA,32.913692,-96.887117,https://www.dallas.edu/,Private Non-Profit,272,272,84.03,1022,,20260,20260,10101,1300,23.91,38.67,,64.94,13.0
Dewey University-Hato Rey,dewey-university-hato-rey,Hato Rey,PR,USA,18.417614,-66.043033,https://dewey.edu/,Private Non-Profit,270,270,,,,6970,6970,,1500,52.24,60.71,,20.79,19.0
Arlington Baptist University,arlington-baptist-university,Arlington,TX,USA,32.739489,-97.156024,https://abu.edu/,Private Non-Profit,268,268,,,,19290,19290,8310,1600,4.55,43.56,,85.65,18.0
Saint Francis Medical Center College of Nursing,saint-francis-medical-center-college-of-nursing,Peoria,IL,USA,40.701241,-89.590322,https://www.sfmccon.edu/,Private Non-Profit,267,267,,,,,,,,,,,47.95,8.0
Cottey College,cottey-college,Nevada,MO,USA,37.836127,-94.371311,https://www.cottey.edu/,Private Non-Profit,266,266,66.31,1190,22,26209,26209,9450,1188,61.45,61.29,,56.27,6.0
Randall University,randall-university,Moore,OK,USA,35.300757,-97.491107,https://www.ru.edu/,Private Non-Profit,262,262,44.81,1020,18,17322,17322,8190,,20.55,57.14,,40.52,9.0
Pennsylvania State University-Penn State Shenango,pennsylvania-state-university-penn-state-shenango,Sharon,PA,USA,41.235131,-80.50924,https://shenango.psu.edu/,Public,261,261,90.91,1170,,14002,23310,,1840,22.95,52.0,14259,44.48,7.0
Montserrat College of Art,montserrat-college-of-art,Beverly,MA,USA,42.550212,-70.876131,https://www.montserrat.edu/,Private Non-Profit,261,261,,,,39000,39000,15475,1900,61.54,75.47,,76.35,8.0
Welch College,welch-college,Gallatin,TN,USA,36.36719,-86.549153,https://www.welch.edu/,Private Non-Profit,261,261,,,,20796,20796,8416,1200,61.43,65.0,,31.01,9.0
Capitol Technology University,capitol-technology-university,Laurel,MD,USA,39.046673,-76.850231,https://www.captechu.edu/,Private Non-Profit,259,259,77.94,,,27318,27318,13676,1600,46.67,73.17,,66.11,9.0
University of Fort Lauderdale,university-of-fort-lauderdale,Lauderhill,FL,USA,26.147098,-80.204938,https://uftl.edu/,Private Non-Profit,259,259,,,,9810,9810,,1500,75.0,,,36.82,10.0
Logan University,logan-university,Chesterfield,MO,USA,38.63133,-90.542333,https://www.logan.edu/,Private Non-Profit,258,258,90.0,998,,9000,9000,,1500,0.0,50.0,,64.52,9.0
Dewey University-Manati,dewey-university-manati,Manati,PR,USA,18.433307,-66.487333,https://dewey.edu/,Private Non-Profit,255,255,,,,7630,7630,,1600,74.29,66.67,,21.23,16.0
Art Academy of Cincinnati,art-academy-of-cincinnati,Cincinnati,OH,USA,39.108805,-84.513913,https://www.artacademy.edu/,Private Non-Profit,254,254,33.14,,,40250,40250,10325,1500,44.44,62.35,,72.04,11.0
Springfield College-Regional Online and Continuing Education,springfield-college-regional-online-and-continuing-education,Springfield,MA,USA,42.1022,-72.556647,https://springfield.edu/regional-and-online,Private Non-Profit,254,254,,,,,,,,,,,76.14,7.0
Midwives College of Utah,midwives-college-of-utah,Salt Lake City,UT,USA,40.71089,-111.857036,https://www.midwifery.edu/,Private Non-Profit,253,253,60.0,,,8256,8256,,875,0.0,100.0,,59.86,4.0
Prescott College,prescott-college,Prescott,AZ,USA,34.5452,-112.477185,https://prescott.edu/,Private Non-Profit,253,253,98.57,,,35685,35685,7790,440,35.94,75.0,,53.67,9.0
Yeshiva of Nitra Rabbinical College,yeshiva-of-nitra-rabbinical-college,Chester,NY,USA,41.353674,-74.255911,https://yeshivaofnitra.org/,Private Non-Profit,249,249,,,,14000,14000,6750,300,18.18,96.0,,0.0,20.0
Baptist University of Florida,baptist-university-of-florida,Graceville,FL,USA,30.962708,-85.503931,https://www.buf.edu/,Private Non-Profit,248,248,64.1,1045,20,13800,13800,6570,1200,69.23,84.21,,16.62,8.0
Sentara College of Health Sciences,sentara-college-of-health-sciences,Chesapeake,VA,USA,36.777043,-76.243308,https://www.sentara.edu/,Private Non-Profit,239,239,,,,,,,,,,,53.31,7.0
Southern California Institute of Architecture,southern-california-institute-of-architecture,Los Angeles,CA,USA,34.044215,-118.232799,https://www.sciarc.edu/,Private Non-Profit,236,236,82.67,,,53564,53564,,3920,70.0,82.14,,22.8,9.0
Texas Tech University Health Sciences Center-El Paso,texas-tech-university-health-sciences-center-el-paso,El Paso,TX,USA,31.771891,-106.43122,https://elpaso.ttuhsc.edu/,Public,235,235,,,,,,,,,,,69.77,9.0
Rabbinical College of Ohr Shimon Yisroel,rabbinical-college-of-ohr-shimon-yisroel,Brooklyn,NY,USA,40.704389,-73.956772,https://ohr-sy.com/,Private Non-Profit,233,233,,,,21850,21850,2700,300,40.0,60.0,,0.0,15.0
Charles R Drew University of Medicine and Science,charles-r-drew-university-of-medicine-and-science,Los Angeles,CA,USA,33.925658,-118.242791,https://www.cdrewu.edu/,Private Non-Profit,233,233,38.78,,,18933,18933,,938,50.0,78.57,,68.7,4.0
Yeshiva Gedolah Imrei Yosef D'spinka,yeshiva-gedolah-imrei-yosef-dspinka,Brooklyn,NY,USA,40.628468,-73.992328,https://spinka58st.com/,Private Non-Profit,232,232,,,,11500,11500,,200,61.54,93.75,,0.0,22.0
Aultman College of Nursing and Health Sciences,aultman-college-of-nursing-and-health-sciences,Canton,OH,USA,40.796186,-81.404053,https://www.aultmancollege.edu/,Private Non-Profit,232,232,41.27,1020,21,19854,19854,,1546,51.85,60.71,,62.0,7.0
University of Saint Katherine,university-of-saint-katherine,San Marcos,CA,USA,33.138387,-117.160766,https://www.usk.edu/,Private Non-Profit,230,230,46.25,,,28800,28800,,938,43.48,57.58,,49.06,14.0
Amridge University,amridge-university,Montgomery,AL,USA,32.362609,-86.17401,https://www.amridgeuniversity.edu/,Private Non-Profit,226,226,,,,,,,,40.0,,,72.37,12.0
Yeshiva Toras Chaim,yeshiva-toras-chaim,Lakewood,NJ,USA,40.098692,-74.182143,https://ytclakewood.com/,Private Non-Profit,225,225,98.41,,,12750,12750,5400,300,26.98,93.1,,0.0,23.0
Albizu University-Miami,albizu-university-miami,Miami,FL,USA,25.795181,-80.354942,https://www.albizu.edu/,Private Non-Profit,225,225,100.0,,,13128,13128,,3609,60.0,66.67,,64.06,13.0
University of Puerto Rico-Medical Sciences,university-of-puerto-rico-medical-sciences,San Juan,PR,USA,18.396548,-66.074894,https://www.rcm.upr.edu/,Public,224,224,,,,,,,,,,,20.83,2.0
Lincoln University,lincoln-university,Oakland,CA,USA,37.804788,-122.269745,https://lincolnuca.edu/,Private Non-Profit,223,223,,,,11420,11420,,850,75.0,100.0,,0.0,16.0
Ottawa University-Kansas City,ottawa-university-kansas-city,Overland Park,KS,USA,38.932055,-94.635461,https://www.ottawa.edu/,Private Non-Profit,223,223,,,,,,,,,,,61.82,5.0
Grace School of Theology,grace-school-of-theology,Conroe,TX,USA,30.205731,-95.472493,https://www.gsot.edu/,Private Non-Profit,215,215,,,,6760,6760,,900,,,,7.61,12.0
San Francisco Conservatory of Music,san-francisco-conservatory-of-music,San Francisco,CA,USA,37.775543,-122.420292,https://sfcm.edu/,Private Non-Profit,215,215,51.94,,,54550,54550,20200,1000,52.46,73.81,,47.51,3.0
Evangel University-College of Online Learning,evangel-university-college-of-online-learning,Springfield,MO,USA,37.220956,-93.262614,https://www.evangel.edu/,Private Non-Profit,213,213,45.0,,,8025,8025,,903,,71.43,,81.25,8.0
Bethesda University,bethesda-university,Anaheim,CA,USA,33.842295,-117.941323,https://www.buc.edu/,Private Non-Profit,212,212,,,,7220,7220,,400,18.18,54.55,,15.43,11.0
Kehilath Yakov Rabbinical Seminary,kehilath-yakov-rabbinical-seminary,Ossining,NY,USA,41.220521,-73.814887,https://kehilathyakov.com/,Private Non-Profit,206,206,,,,12800,12800,3400,150,46.94,98.04,,0.0,15.0
Yeshiva Yesoda Hatorah Vetz Chaim,yeshiva-yesoda-hatorah-vetz-chaim,Brooklyn,NY,USA,40.706959,-73.961026,https://yeshivayh.org/,Private Non-Profit,205,205,,,,21000,21000,4300,500,34.62,97.22,,0.0,19.0
Holy Apostles College and Seminary,holy-apostles-college-and-seminary,Cromwell,CT,USA,41.60682,-72.647853,https://www.holyapostles.edu/,Private Non-Profit,203,203,,,,9580,9580,14810,800,100.0,66.67,,18.08,11.0
Rabbinical College of America,rabbinical-college-of-america,Morristown,NJ,USA,40.805705,-74.49878,https://www.rca.edu/,Private Non-Profit,197,197,87.14,,,13000,13000,8000,300,18.33,88.14,,0.0,12.0
Faith International University,faith-international-university,Tacoma,WA,USA,47.280168,-122.51687,https://www.faithiu.edu/,Private Non-Profit,196,196,,,,8850,8850,,762,66.67,66.67,,31.82,14.0
Luther Rice College & Seminary,luther-rice-college-seminary,Lithonia,GA,USA,33.698126,-84.123179,https://www.lutherrice.edu/,Private Non-Profit,195,195,34.29,,,10538,10538,,1608,0.0,60.0,,50.47,10.0
Cleveland Institute of Music,cleveland-institute-of-music,Cleveland,OH,USA,41.512444,-81.608878,https://www.cim.edu/,Private Non-Profit,193,193,38.18,,,42500,42500,14550,1600,68.52,97.56,,36.68,6.0
Universidad Teologica del Caribe,universidad-teologica-del-caribe,Trujillo Alto,PR,USA,18.373928,-66.010617,https://utcpr.edu/,Private Non-Profit,192,192,,,,6660,6660,,1000,21.05,100.0,,44.13,3.0
Bennett College,bennett-college,Greensboro,NC,USA,36.067531,-79.77998,https://www.bennett.edu/,Private Non-Profit,191,191,33.61,890,,19140,19140,9804,422,20.63,90.0,,72.02,7.0
City Vision University,city-vision-university,Kansas City,MO,USA,39.101164,-94.569475,https://www.cityvision.edu/,Private Non-Profit,188,188,,,,6400,6400,,600,,66.67,,0.0,6.0
Trinity College of Florida,trinity-college-of-florida,Trinity,FL,USA,28.194732,-82.678318,https://trinitycollege.edu/,Private Non-Profit,187,187,96.3,905,21,16300,16300,7600,1450,0.0,15.0,,77.94,12.0
Beis Medrash Heichal Dovid,beis-medrash-heichal-dovid,Far Rockaway,NY,USA,40.596845,-73.751633,https://www.heichaldovid.org/,Private Non-Profit,183,183,70.0,,,10040,10040,4200,300,17.65,87.23,,0.0,26.0
World Mission University,world-mission-university,Los Angeles,CA,USA,34.064918,-118.289484,https://www.wmu.edu/,Private Non-Profit,180,180,,,,6920,6920,,600,50.0,100.0,,3.13,33.0
Humphreys University-Stockton and Modesto Campuses,humphreys-university-stockton-and-modesto-campuses,Stockton,CA,USA,38.011489,-121.316918,https://www.humphreys.edu/,Private Non-Profit,178,178,,,,14760,14760,,938,50.0,100.0,,59.12,5.0
Caribbean University-Vega Baja,caribbean-university-vega-baja,Vega Baja,PR,USA,18.444882,-66.40315,https://www.caribbean.edu/,Private Non-Profit,176,176,,,,5966,5966,,1650,62.5,68.75,,19.86,11.0
Blessing Rieman College of Nursing and Health Sciences,blessing-rieman-college-of-nursing-and-health-sciences,Quincy,IL,USA,39.949641,-91.357497,https://www.brcn.edu/,Private Non-Profit,176,176,,,,,,,,,,,45.75,10.0
Yeshiva of Kasho,yeshiva-of-kasho,Brooklyn,NY,USA,40.671255,-74.00015,https://yokny.org/,Private Non-Profit,174,174,,,,14000,14000,2500,500,10.87,88.89,,0.0,12.0
Jewish Theological Seminary of America,jewish-theological-seminary-of-america,New York,NY,USA,40.811892,-73.960582,https://www.jtsa.edu/,Private Non-Profit,172,172,45.07,1507,33,65545,65545,18400,500,86.84,100.0,,16.78,8.0
Hodges University,hodges-university,Fort Myers,FL,USA,26.610865,-81.821419,https://www.hodges.edu/,Private Non-Profit,171,171,,,,15580,15580,,1200,22.39,100.0,,36.62,8.0
Calvary University,calvary-university,Kansas City,MO,USA,38.839578,-94.547927,https://www.calvary.edu/,Private Non-Profit,170,170,70.91,1008,20,13692,13692,6304,794,52.63,61.54,,26.99,8.0
Virginia University of Lynchburg,virginia-university-of-lynchburg,Lynchburg,VA,USA,37.395187,-79.151615,https://www.vul.edu/,Private Non-Profit,170,170,,,,9248,9248,9400,800,26.09,75.0,,74.23,12.0
Whitworth University-Adult Degree Programs,whitworth-university-adult-degree-programs,Spokane,WA,USA,47.751642,-117.411568,https://www.whitworth.edu/cms/,Private Non-Profit,170,170,,,,,,,,,,,63.28,10.0
Manna University,manna-university,Fayetteville,NC,USA,35.058616,-78.961305,https://www.manna.edu/,Private Non-Profit,169,169,100.0,,,7163,7163,,800,69.23,60.0,,27.01,10.0
Congregation Talmidei Mesivta Tiferes Shmiel Aleksander,congregation-talmidei-mesivta-tiferes-shmiel-aleksander,Brooklyn,NY,USA,40.624233,-73.994778,https://yeshivaaleksander.org/,Private Non-Profit,169,169,,,,21000,21000,6000,500,12.28,96.36,,0.0,9.0
Appalachian Bible College,appalachian-bible-college,Mount Hope,WV,USA,37.853335,-81.198867,https://abc.edu/,Private Non-Profit,168,168,98.57,1068,23,18230,18230,9160,1326,75.61,85.0,,20.91,8.0
Martin University,martin-university,Indianapolis,IN,USA,39.798144,-86.103953,https://www.martin.edu/,Private Non-Profit,164,164,,,,12830,12830,,650,33.33,75.0,,64.19,11.0
Crowley's Ridge College,crowleys-ridge-college,Paragould,AR,USA,36.064845,-90.584395,https://www.crc.edu/,Private Non-Profit,162,162,,,,16440,16440,7900,800,26.09,71.11,,64.5,9.0
Bethany Global University,bethany-global-university,Bloomington,MN,USA,44.795501,-93.371754,https://bethanygu.edu/,Private Non-Profit,162,162,93.88,,,20700,20700,4930,500,61.19,56.1,,45.95,10.0
Barclay College,barclay-college,Haviland,KS,USA,37.62012,-99.105351,https://www.barclaycollege.edu/,Private Non-Profit,161,161,54.49,,,26590,26590,12100,1200,55.17,47.62,,61.84,7.0
Mid-Atlantic Christian University,mid-atlantic-christian-university,Elizabeth City,NC,USA,36.303812,-76.216483,https://www.macuniversity.edu/,Private Non-Profit,161,161,76.21,,18,17280,17280,10800,1200,42.59,47.62,,56.39,9.0
Warner Pacific University Professional and Graduate Studies,warner-pacific-university-professional-and-graduate-studies,Portland,OR,USA,45.506265,-122.592498,https://www.warnerpacific.edu/,Private Non-Profit,161,161,67.06,,,,,,,,,,42.01,10.0
Rabbinical Academy Mesivta Rabbi Chaim Berlin,rabbinical-academy-mesivta-rabbi-chaim-berlin,Brooklyn,NY,USA,40.618347,-73.963615,https://rabbinicalacademyrabbichaimberlin.com/,Private Non-Profit,160,160,100.0,,,10800,10800,3300,300,19.23,83.72,,0.0,18.0
Beulah Heights University,beulah-heights-university,Atlanta,GA,USA,33.736993,-84.35768,https://www.beulah.edu/,Private Non-Profit,158,158,,,,8492,8492,,1000,16.67,60.0,,26.57,6.0
Gratz College,gratz-college,Melrose Park,PA,USA,40.067206,-75.133915,https://www.gratz.edu/,Private Non-Profit,158,158,,,,,,,,,,,0.79,12.0
Yeshiva Ohr Elchonon Chabad West Coast Talmudical Seminary,yeshiva-ohr-elchonon-chabad-west-coast-talmudical-seminary,Los Angeles,CA,USA,34.085465,-118.346613,https://www.yoec.edu/,Private Non-Profit,157,157,61.68,,,16900,16900,8100,300,20.0,89.71,,0.0,16.0
Saint Anthony College of Nursing,saint-anthony-college-of-nursing,Rockford,IL,USA,42.310147,-88.991968,https://www.sacn.edu/,Private Non-Profit,152,152,100.0,,,27811,27811,,2000,,,,65.75,6.0
California College of ASU,california-college-of-asu,Los Angeles,CA,USA,34.039355,-118.25968,https://www.columbiacollege.edu/,Private Non-Profit,149,149,,,,26175,26175,,1080,48.42,36.36,,60.55,9.0
Sh'or Yoshuv Rabbinical College,shor-yoshuv-rabbinical-college,Lawrence,NY,USA,40.605227,-73.740085,https://www.shoryoshuv.org/,Private Non-Profit,147,147,,,,11700,11700,8500,300,0.0,100.0,,0.0,5.0
Central Christian College of the Bible,central-christian-college-of-the-bible,Moberly,MO,USA,39.395963,-92.427259,https://www.cccb.edu/,Private Non-Profit,145,145,,,,11200,11200,9400,1240,40.91,80.0,,46.2,10.0
Providence Christian College,providence-christian-college,Pasadena,CA,USA,34.149327,-118.141062,https://www.providencecc.edu/,Private Non-Profit,144,144,92.52,,,35147,35147,11288,1200,52.63,81.58,,62.5,12.0
Kansas Christian College,kansas-christian-college,Overland Park,KS,USA,38.994848,-94.666878,https://www.kansaschristian.edu/,Private Non-Profit,143,143,,,,10950,10950,9650,600,28.57,48.15,,61.17,15.0
University of Wisconsin-Parkside Flex,university-of-wisconsin-parkside-flex,Kenosha,WI,USA,42.645603,-87.855007,https://flex.wisconsin.edu/,Public,143,143,,,,,,,,,,,33.56,18.0
Women's Institute of Torah Seminary and College,womens-institute-of-torah-seminary-and-college,Baltimore,MD,USA,39.361349,-76.699496,https://www.wits.edu/,Private Non-Profit,141,141,96.15,,,9300,9300,,300,100.0,96.0,,0.0,9.0
Yeshiva Shaarei Torah of Rockland,yeshiva-shaarei-torah-of-rockland,Suffern,NY,USA,41.12362,-74.090159,https://www.yst.edu/,Private Non-Profit,141,141,34.69,,,13000,13000,3480,300,,80.0,,0.0,11.0
American College of the Building Arts,american-college-of-the-building-arts,Charleston,SC,USA,32.805094,-79.946888,https://acba.edu/,Private Non-Profit,140,140,62.07,1137,24,20572,20572,,950,64.0,100.0,,37.59,8.0
Trinity International University-Illinois,trinity-international-university-illinois,Deerfield,IL,USA,42.197945,-87.880851,https://www.tiu.edu/,Private Non-Profit,140,140,93.18,,18,12320,12320,6090,1392,45.65,4.65,,69.14,9.0
Trinity Bible College and Graduate School,trinity-bible-college-and-graduate-school,Ellendale,ND,USA,46.001037,-98.517906,https://trinitybiblecollege.edu/,Private Non-Profit,138,138,36.22,1120,,18762,18762,7282,1000,38.78,72.41,,74.64,9.0
Universidad Pentecostal Mizpa,universidad-pentecostal-mizpa,Rio Piedras,PR,USA,18.358258,-66.085117,https://mizpa.edu/,Private Non-Profit,138,138,,,,4220,4220,3760,1000,14.29,0.0,,0.0,10.0
United States Sports Academy,united-states-sports-academy,Daphne,AL,USA,30.639329,-87.91163,https://www.ussa.edu/,Private Non-Profit,136,136,35.29,,,18900,18900,,990,,0.0,,51.3,14.0
Johnson University Florida,johnson-university-florida,Kissimmee,FL,USA,28.302547,-81.363053,https://johnsonu.edu/,Private Non-Profit,136,136,23.32,940,20,19658,19658,8943,1200,23.64,48.48,,56.13,10.0
Yeshiva Karlin Stolin,yeshiva-karlin-stolin,Brooklyn,NY,USA,40.624918,-73.983373,https://yeshivakarlinstolin.org/,Private Non-Profit,136,136,,,,14000,14000,3600,240,33.33,87.5,,0.0,15.0
Watts College of Nursing,watts-college-of-nursing,Durham,NC,USA,36.027649,-78.9413,https://wattscollegeofnursing.edu/,Private Non-Profit,134,134,,,,,,,,,,,78.53,11.0
Ecclesia College,ecclesia-college,Springdale,AR,USA,36.2141,-94.236643,https://ecollege.edu/,Private Non-Profit,132,132,47.5,,,16850,16850,6000,1080,36.54,40.91,,53.46,10.0
Clear Creek Baptist Bible College,clear-creek-baptist-bible-college,Pineville,KY,USA,36.725236,-83.727702,https://ccbbc.edu/,Private Non-Profit,132,132,,,,10120,10120,5129,1400,33.33,62.5,,0.0,11.0
Manhattan Christian College,manhattan-christian-college,Manhattan,KS,USA,39.184806,-96.579383,https://www.mccks.edu/,Private Non-Profit,132,132,100.0,1020,22,18424,18424,9244,1300,54.79,67.86,,63.45,12.0
Great Lakes Christian College,great-lakes-christian-college,Lansing,MI,USA,42.754249,-84.638714,https://www.glcc.edu/,Private Non-Profit,130,130,,,,19990,19990,10000,1100,25.93,39.47,,61.65,13.0
Machzikei Hadath Rabbinical College,machzikei-hadath-rabbinical-college,Brooklyn,NY,USA,40.627937,-73.988378,https://mhrc.edu/,Private Non-Profit,129,129,95.0,,,13500,13500,1000,300,27.91,78.79,,0.0,13.0
Champion Christian College,champion-christian-college,Hot Springs,AR,USA,34.499589,-93.065945,https://champion.edu/,Private Non-Profit,128,128,,,,10870,10870,7400,1200,,50.0,,70.37,5.0
Antioch College,antioch-college,Yellow Springs,OH,USA,39.799806,-83.888077,https://antiochcollege.edu/,Private Non-Profit,127,127,81.67,,23,37143,37143,7640,1200,26.32,61.29,,71.65,6.0
Hobe Sound Bible College,hobe-sound-bible-college,Hobe Sound,FL,USA,27.066304,-80.13184,https://hsbc.edu/,Private Non-Profit,125,125,,,,9068,9068,7896,500,60.71,70.83,,9.7,10.0
Bais Medrash Toras Chesed,bais-medrash-toras-chesed,Lakewood,NJ,USA,40.099704,-74.21127,https://www.bmtc.edu/,Private Non-Profit,125,125,63.01,,,8100,8100,4400,400,32.14,87.88,,0.0,16.0
Mechon L'hoyroa,mechon-lhoyroa,Monsey,NY,USA,41.117029,-74.058177,https://www.mechonlhoyroa.com/,Private Non-Profit,124,124,,,,11800,11800,,300,,,,0.0,21.0
Carolina College of Biblical Studies,carolina-college-of-biblical-studies,Fayetteville,NC,USA,35.05141,-78.939514,https://ccbs.edu/,Private Non-Profit,122,122,,,,6276,6276,,1200,22.22,0.0,,25.89,4.0
Talmudical Yeshiva of Philadelphia,talmudical-yeshiva-of-philadelphia,Philadelphia,PA,USA,39.989249,-75.247964,https://www.meterware.com/typ/Talmudical_Yeshiva_of_Philadelphia/?C=N;O=D,Private Non-Profit,120,120,75.51,,,10869,10869,8811,900,81.58,90.63,,0.0,15.0
Rush University,rush-university,Chicago,IL,USA,41.874742,-87.668581,https://www.rushu.rush.edu/,Private Non-Profit,120,120,,,,,,,,,,,49.57,5.0
Kuyper College,kuyper-college,Grand Rapids,MI,USA,43.02195,-85.592657,https://www.kuyper.edu/,Private Non-Profit,119,119,33.85,,,26390,26390,9880,1000,53.57,100.0,,39.24,18.0
Yeshiva Derech Chaim,yeshiva-derech-chaim,Brooklyn,NY,USA,40.636889,-73.979757,https://ydc.edu/,Private Non-Profit,119,119,70.21,,,12700,12700,4800,300,18.18,88.89,,0.0,11.0
Criswell College,criswell-college,Dallas,TX,USA,32.793513,-96.77669,https://www.criswell.edu/,Private Non-Profit,118,118,91.67,,,14310,14310,8681,842,57.14,63.64,,23.77,5.0
Yeshiva Sholom Shachna,yeshiva-sholom-shachna,Brooklyn,NY,USA,40.6275,-73.973431,https://yeshivasholomshachna.com/,Private Non-Profit,118,118,86.96,,,10750,10750,4700,300,6.06,71.43,,0.0,20.0
Upstate Medical University,upstate-medical-university,Syracuse,NY,USA,43.041819,-76.140009,https://www.upstate.edu/,Public,117,117,,,,,,,,,,,55.06,8.0
Rabbinical College Ohr Yisroel,rabbinical-college-ohr-yisroel,Brooklyn,NY,USA,40.629707,-73.896524,https://www.rabbinicalcollegeohryisroel.com/,Private Non-Profit,116,116,,,,9000,9000,4000,350,51.52,86.11,,0.0,19.0
Veritas Baptist College,veritas-baptist-college,Lawrenceburg,IN,USA,39.093747,-84.848698,https://www.vbc.edu/,Private Non-Profit,114,114,100.0,,,8992,8992,,800,28.57,60.0,,8.7,4.0
Goddard College,goddard-college,Plainfield,VT,USA,44.279087,-72.438388,https://www.goddard.edu/,Private Non-Profit,113,113,19.51,,,19568,19568,2100,1200,75.0,100.0,,68.75,7.0
Pacific Rim Christian University,pacific-rim-christian-university,Honolulu,HI,USA,21.328198,-157.888379,https://www.pacrim.edu/#home,Private Non-Profit,113,113,,,,12380,12380,9900,850,52.38,85.71,,54.74,7.0
Caribbean University-Carolina,caribbean-university-carolina,Carolina,PR,USA,18.380193,-65.960036,https://www.caribbean.edu/,Private Non-Profit,113,113,,,,5966,5966,,1650,44.0,57.14,,15.27,9.0
MGH Institute of Health Professions,mgh-institute-of-health-professions,Boston,MA,USA,42.375018,-71.054002,https://www.mghihp.edu/,Private Non-Profit,112,112,,,,,,,,,,,66.43,10.0
Amberton University,amberton-university,Garland,TX,USA,32.859931,-96.65302,https://www.amberton.edu/,Private Non-Profit,110,110,,,,,,,,,,,14.63,9.0
Beth Medrash of Asbury Park,beth-medrash-of-asbury-park,Lakewood,NJ,USA,40.043705,-74.210816,https://baismedrashzichronmeir.com/,Private Non-Profit,109,109,42.31,,,12010,12010,2800,300,0.0,78.26,,0.0,22.0
Bridges Christian College,bridges-christian-college,New Orleans,LA,USA,29.935984,-90.103551,https://www.bcc.edu/,Private Non-Profit,108,108,,,,6600,6600,,150,,50.0,,0.0,3.0
Bet Medrash Gadol Ateret Torah,bet-medrash-gadol-ateret-torah,Brooklyn,NY,USA,40.607809,-73.969945,https://betmedrashgadolaterettorah.com/,Private Non-Profit,108,108,65.31,,,10700,10700,3400,300,52.17,89.29,,0.0,6.0
Antioch University,antioch-university,Yellow Springs,OH,USA,39.80321,-83.908684,https://www.antioch.edu/,Private Non-Profit,107,107,,,,,,,,,,,60.95,10.0
Yeshivas Sanz Klauzenburg,yeshivas-sanz-klauzenburg,Brooklyn,NY,USA,40.632725,-73.990129,https://yeshivasanzk.org/,Private Non-Profit,107,107,,,,14000,14000,3500,500,27.27,100.0,,0.0,4.0
Bacone College,bacone-college,Muskogee,OK,USA,35.777082,-95.334046,https://www.bacone.edu/,Private Non-Profit,106,106,,,16,15060,15060,10100,2500,2.39,30.77,,28.89,13.0
Curtis Institute of Music,curtis-institute-of-music,Philadelphia,PA,USA,39.948857,-75.170727,https://www.curtis.edu/,Private Non-Profit,106,106,6.95,,,6000,6000,20653,4530,94.74,96.97,,0.0,2.0
Webb Institute,webb-institute,Glen Cove,NY,USA,40.884444,-73.644909,https://www.webb.edu/,Private Non-Profit,105,105,20.0,1480,33,61060,61060,14690,4700,80.77,96.0,,22.55,10.0
Boise Bible College,boise-bible-college,Boise,ID,USA,43.658651,-116.291321,https://www.boisebible.edu/,Private Non-Profit,103,103,96.43,1080,21,11240,11240,8252,336,48.15,64.29,,34.38,12.0
Polytechnic University of Puerto Rico-Orlando,polytechnic-university-of-puerto-rico-orlando,Orlando,FL,USA,28.55158,-81.253943,https://www.pupr.edu/orlando,Private Non-Profit,102,102,,,,14262,14262,,2775,8.33,20.0,,68.7,5.0
Cincinnati College of Mortuary Science,cincinnati-college-of-mortuary-science,Cincinnati,OH,USA,39.206578,-84.505604,https://www.ccms.edu/,Private Non-Profit,101,101,,,,,,,,,,,64.84,17.0
Pennsylvania Academy of the Fine Arts,pennsylvania-academy-of-the-fine-arts,Philadelphia,PA,USA,39.955692,-75.163456,https://www.pafa.org/,Private Non-Profit,99,99,87.5,,,44600,44600,18662,1768,67.57,83.33,,47.37,5.0
Baptist University of the Americas,baptist-university-of-the-americas,San Antonio,TX,USA,29.342919,-98.541223,https://www.bua.edu/,Private Non-Profit,98,98,,,,7680,7680,7670,600,27.27,55.56,,1.85,12.0
Northcentral University,northcentral-university,San Diego,CA,USA,32.829299,-117.127296,https://www.nu.edu/,Private Non-Profit,98,98,,,,,,,,,,,31.13,1.0
Rabbi Jacob Joseph School,rabbi-jacob-joseph-school,Edison,NJ,USA,40.501001,-74.397954,https://rabbijacobjoseph.com/,Private Non-Profit,96,96,90.32,,,12700,12700,3600,300,3.57,90.63,,0.0,16.0
Catholic Distance University,catholic-distance-university,Charles Town,WV,USA,39.287311,-77.859242,https://cdu.edu/,Private Non-Profit,95,95,,,,9600,9600,,1175,,,,20.0,3.0
Thomas More College of Liberal Arts,thomas-more-college-of-liberal-arts,Merrimack,NH,USA,42.80683,-71.48437,https://www.thomasmorecollege.edu/,Private Non-Profit,95,95,,,,29300,29300,11000,600,61.54,91.67,,87.37,10.0
Clinton College,clinton-college,Rock Hill,SC,USA,34.913721,-81.043469,https://www.clintoncollege.edu/,Private Non-Profit,94,94,,,,10516,10516,10494,1200,11.11,36.36,,83.76,10.0
Elim Bible Institute and College,elim-bible-institute-and-college,Lima,NY,USA,42.909692,-77.615151,https://elim.edu/,Private Non-Profit,94,94,100.0,,,10480,10480,7400,700,69.7,100.0,,35.96,7.0
Yeshivas Emek Hatorah,yeshivas-emek-hatorah,Howell,NJ,USA,40.112501,-74.232083,https://yeshivasemekhatorah.com/,Private Non-Profit,93,93,100.0,,,9750,9750,3200,300,4.35,100.0,,0.0,19.0
Bethlehem College & Seminary,bethlehem-college-seminary,Minneapolis,MN,USA,44.968872,-93.255399,https://bcsmn.edu/,Private Non-Profit,92,92,,,,7144,7144,7000,500,50.0,100.0,,0.0,14.0
San Diego Christian College,san-diego-christian-college,Santee,CA,USA,32.843454,-116.978089,https://sdcc.edu/,Private Non-Profit,91,91,62.81,,,26300,26300,11080,1000,23.53,12.7,,16.39,10.0
Saint Joseph Seminary College,saint-joseph-seminary-college,St. Benedict,LA,USA,30.526778,-90.113621,https://www.sjasc.edu/,Private Non-Profit,91,91,,,,26770,26770,15950,1300,40.0,87.5,,2.8,5.0
Bais HaMedrash and Mesivta of Baltimore,bais-hamedrash-and-mesivta-of-baltimore,Baltimore,MD,USA,39.379528,-76.674414,https://www.bhmb.edu/,Private Non-Profit,91,91,100.0,,,13100,13100,6000,200,12.0,84.0,,0.0,14.0
Northpoint Bible College,northpoint-bible-college,Haverhill,MA,USA,42.765357,-71.079335,https://www.northpoint.edu/,Private Non-Profit,89,89,,,,14160,14160,11802,1800,50.85,18.52,,50.55,9.0
Davis College,davis-college,Pottersville,NY,USA,43.730713,-73.812057,https://davisny.edu/,Private Non-Profit,88,88,33.33,,,17500,17500,7600,600,38.89,100.0,,21.23,6.0
Yeshiva D'monsey Rabbinical College,yeshiva-dmonsey-rabbinical-college,Monsey,NY,USA,41.114173,-74.064721,https://yeshivadmonsey.com/,Private Non-Profit,86,86,42.31,,,9200,9200,5100,300,5.26,76.19,,0.0,14.0
Ascent College,ascent-college,Gainesville,VA,USA,38.805988,-77.624657,https://ascent.edu/,Private Non-Profit,85,85,,,,7680,7680,,730,50.0,,,29.0,8.0
Yeshivath Shaar Hatorah,yeshivath-shaar-hatorah,Kew Gardens,NY,USA,40.704048,-73.835009,https://shaarhatorah.edu/,Private Non-Profit,84,84,91.84,,,19200,19200,2300,150,54.55,95.83,,0.0,15.0
Yeshiva Gedolah Kesser Torah,yeshiva-gedolah-kesser-torah,Monsey,NY,USA,41.124819,-74.068553,https://yeshivagedolahkessertorah.com/,Private Non-Profit,82,82,35.71,,,9600,9600,3000,300,38.1,100.0,,0.0,16.0
Huntsville Bible College,huntsville-bible-college,Huntsville,AL,USA,34.750363,-86.594888,https://www.huntsvillebiblecollege.org/,Private Non-Profit,82,82,,,,4730,4730,,550,0.0,100.0,,51.52,7.0
Rabbinical Seminary Mkor Chaim,rabbinical-seminary-mkor-chaim,Lakewood,NJ,USA,40.046838,-74.214817,https://www.mkorchaim.org/,Private Non-Profit,81,81,100.0,,,8450,8450,3000,300,25.0,96.3,,0.0,16.0
Lakeview College of Nursing,lakeview-college-of-nursing,Danville,IL,USA,40.13855,-87.644379,https://lcn.edu/,Private Non-Profit,81,81,,,,,,,,,,,59.48,8.0
Hebrew Theological College,hebrew-theological-college,Skokie,IL,USA,42.010103,-87.760874,https://www.htc.edu/,Private Non-Profit,81,81,92.0,,,14700,14700,14400,2024,73.08,100.0,,13.13,5.0
Cleveland University-Kansas City,cleveland-university-kansas-city,Overland Park,KS,USA,38.932019,-94.679076,https://www.cleveland.edu/,Private Non-Profit,79,79,80.0,,,14400,14400,,1500,33.33,50.0,,91.11,5.0
Talmudical Academy-New Jersey,talmudical-academy-new-jersey,Adelphia,NJ,USA,40.217456,-74.250167,https://talmudicalacademynj.com/,Private Non-Profit,78,78,41.67,,,15800,15800,3000,300,10.0,100.0,,0.0,20.0
Telshe Yeshiva-Chicago,telshe-yeshiva-chicago,Chicago,IL,USA,41.975536,-87.71755,https://telsheyeshivachicago.com/,Private Non-Profit,78,78,100.0,,,15000,15000,2000,300,7.69,87.88,,0.0,15.0
Yeshiva of the Telshe Alumni,yeshiva-of-the-telshe-alumni,Riverdale,NY,USA,40.896668,-73.911096,https://yeshivatelshealumni.com/,Private Non-Profit,78,78,,,,9400,9400,4800,300,6.06,,,0.0,16.0
Yeshivah Gedolah Rabbinical College,yeshivah-gedolah-rabbinical-college,Miami Beach,FL,USA,25.782445,-80.141334,https://www.lecfl.com/,Private Non-Profit,77,77,,,,9300,9300,9500,0,36.36,83.33,,0.0,12.0
St. John's College-Department of Nursing,st-johns-college-department-of-nursing,Springfield,IL,USA,39.807602,-89.64532,https://www.hshs.org/stjohnscollege/,Private Non-Profit,76,76,,,,,,,,,,,62.2,8.0
Southeastern Free Will Baptist Bible College,southeastern-free-will-baptist-bible-college,Wendell,NC,USA,35.80023,-78.4164,https://www.sfwbc.edu/,Private Non-Profit,74,74,,,,11250,11250,5153,1200,54.55,93.33,,24.32,8.0
Atlantic Institute of Oriental Medicine,atlantic-institute-of-oriental-medicine,Fort Lauderdale,FL,USA,26.121964,-80.142235,https://www.atom.edu/,Private Non-Profit,74,74,,,,,,,,,,,0.0,15.0
Torah Temimah Talmudical Seminary,torah-temimah-talmudical-seminary,Staten Island,NY,USA,40.557785,-74.168769,https://torahtemimahtalmudicalseminary.com/,Private Non-Profit,73,73,64.71,,,9600,9600,4200,300,9.52,90.0,,0.0,24.0
Yeshiva Yesodei Hatorah,yeshiva-yesodei-hatorah,Lakewood,NJ,USA,40.065908,-74.202016,https://yeshivayesodeihatorahlakewood.com/,Private Non-Profit,72,72,100.0,,,12500,12500,2800,300,7.41,65.22,,0.0,9.0
Kentucky Mountain Bible College,kentucky-mountain-bible-college,Jackson,KY,USA,37.603443,-83.438765,https://www.kmbc.edu/,Private Non-Profit,72,72,35.71,980,23,10060,10060,5370,500,35.71,81.82,,35.9,9.0
Grace Mission University,grace-mission-university,Fullerton,CA,USA,33.867663,-117.958208,https://www.gm.edu/,Private Non-Profit,72,72,,,,3480,3480,,1250,0.0,57.14,,0.0,19.0
Yeshiva Gedolah of Greater Detroit,yeshiva-gedolah-of-greater-detroit,Oak Park,MI,USA,42.471924,-83.200754,https://www.yeshivagedolahgreaterdetroit.com/,Private Non-Profit,71,71,92.59,,,8600,8600,5000,300,46.15,80.95,,0.0,12.0
America Evangelical University,america-evangelical-university,Gardena,CA,USA,33.883102,-118.295931,https://www.aeu.edu/,Private Non-Profit,71,71,,,,6200,6200,,1200,100.0,66.67,,29.41,13.0
VanderCook College of Music,vandercook-college-of-music,Chicago,IL,USA,41.836833,-87.629138,https://www.vandercook.edu/,Private Non-Profit,70,70,97.3,,,30910,30910,,1200,46.67,66.67,,50.0,4.0
College of Athens,college-of-athens,Watkinsville,GA,USA,33.849669,-83.421106,https://collegeofathens.edu/,Private Non-Profit,70,70,,,,9050,9050,,800,,50.0,,0.0,4.0
Yeshiva Gedolah Tiferes Boruch,yeshiva-gedolah-tiferes-boruch,North Plainfield,NJ,USA,40.619593,-74.4346,https://yeshivagedolahtiferesboruch.com/,Private Non-Profit,70,70,100.0,,,9850,9850,1450,300,0.0,89.47,,0.0,18.0
Trinity International University-Florida,trinity-international-university-florida,Miami,FL,USA,25.68307,-80.417646,https://tiu.edu/florida/,Private Non-Profit,69,69,,,,14180,14180,,1182,,100.0,,75.41,3.0
Heritage Christian University,heritage-christian-university,Florence,AL,USA,34.856153,-87.663051,https://www.hcu.edu/,Private Non-Profit,63,63,100.0,,,11982,11982,7561,1600,50.0,66.67,,2.44,8.0
San Francisco Bay University,san-francisco-bay-university,Fremont,CA,USA,37.485056,-121.927899,https://www.sfbu.edu/,Private Non-Profit,62,62,69.39,,,8775,8775,9200,1210,,81.25,,0.0,6.0
Antioch University-Los Angeles,antioch-university-los-angeles,Culver City,CA,USA,33.988533,-118.384458,https://www.antiochla.edu/,Private Non-Profit,61,61,,,,,,,,,,,48.65,3.0
Divine Word College,divine-word-college,Epworth,IA,USA,42.441721,-90.934578,https://www.dwci.edu/,Private Non-Profit,61,61,,,,15000,15000,4200,300,100.0,,,0.0,5.0
San Juan Bautista School of Medicine,san-juan-bautista-school-of-medicine,Caguas,PR,USA,18.220528,-66.050389,https://www.sanjuanbautista.edu/,Private Non-Profit,60,60,100.0,,,9489,15686,,1772,33.33,62.5,,16.44,8.0
Epic Bible College & Graduate School,epic-bible-college-graduate-school,Sacramento,CA,USA,38.645152,-121.362642,https://epic.edu/,Private Non-Profit,60,60,,,,15072,15072,,750,0.0,,,44.87,9.0
Trinity College of Nursing & Health Sciences,trinity-college-of-nursing-health-sciences,Rock Island,IL,USA,41.484924,-90.568862,https://www.trinitycollegeqc.edu/default.aspx,Private Non-Profit,59,59,,,,,,,,,,,97.53,4.0
Keser Torah-Mayan Hatalmud,keser-torah-mayan-hatalmud,Lakewood,NJ,USA,40.098369,-74.17029,https://www.mayanhatalmud.org/,Private Non-Profit,59,59,71.43,,,11060,11060,1540,300,33.33,91.67,,0.0,19.0
Bastyr University,bastyr-university,Kenmore,WA,USA,47.729935,-122.251708,https://www.bastyr.edu/,Private Non-Profit,58,58,,,,,,,,,,,51.35,9.0
Magdalen College,magdalen-college,Warner,NH,USA,43.314908,-71.834444,https://www.magdalen.edu/,Private Non-Profit,58,58,44.44,,,23600,23600,10900,700,53.33,80.0,,64.41,12.0
Ottawa University-Milwaukee,ottawa-university-milwaukee,Brookfield,WI,USA,43.02963,-88.115185,https://www.ottawa.edu/,Private Non-Profit,57,57,,,,,,,,,,,55.56,2.0
California Institute of Integral Studies,california-institute-of-integral-studies,San Francisco,CA,USA,37.774924,-122.416102,https://www.ciis.edu/,Private Non-Profit,57,57,,,,,,,,,,,49.43,17.0
Yeshiva College of the Nations Capital,yeshiva-college-of-the-nations-capital,Silver  Spring,MD,USA,39.042404,-77.030566,https://ycnc.org/,Private Non-Profit,57,57,,,,11100,11100,12500,200,50.0,70.0,,0.0,8.0
Yeshiva of Far Rockaway Derech Ayson Rabbinical Seminary,yeshiva-of-far-rockaway-derech-ayson-rabbinical-seminary,Far Rockaway,NY,USA,40.60049,-73.743901,https://www.yofr.org/,Private Non-Profit,57,57,88.0,,,11150,11150,3700,300,53.33,85.71,,0.0,10.0
Rabbinical College Telshe,rabbinical-college-telshe,Wickliffe,OH,USA,41.593533,-81.485261,https://independentrabbinicalcolleges.org/index.html,Private Non-Profit,57,57,80.56,,,17900,17900,3000,600,53.33,88.46,,0.0,11.0
International Baptist College and Seminary,international-baptist-college-and-seminary,Chandler,AZ,USA,33.273788,-111.879629,https://www.ibcs.edu/ibc/,Private Non-Profit,55,55,,,,13500,13500,7800,1000,42.86,100.0,,12.73,4.0
Pacific Islands University,pacific-islands-university,Mangilao,GU,USA,13.465046,144.835821,https://www.piu.edu/,Private Non-Profit,55,55,39.44,,,7203,7203,4564,300,50.0,100.0,,5.8,15.0
Allegheny Wesleyan College,allegheny-wesleyan-college,Salem,OH,USA,40.86722,-80.861232,https://awc.edu/,Private Non-Profit,54,54,,,,6800,6800,4000,800,40.0,57.14,,45.35,6.0
Carolina Christian College,carolina-christian-college,Winston Salem,NC,USA,36.146168,-80.256252,https://www.carolina.edu/,Private Non-Profit,53,53,,,,9420,9420,6400,800,0.0,16.67,,87.23,5.0
Yeshiva Gedolah of Cliffwood,yeshiva-gedolah-of-cliffwood,Keyport,NJ,USA,40.442213,-74.224235,https://yeshivagedolahcliffwood.com/,Private Non-Profit,53,53,80.0,,,8550,8550,3000,300,10.53,81.82,,0.0,18.0
Yeshivas Be'er Yitzchok,yeshivas-beer-yitzchok,Elizabeth,NJ,USA,40.682465,-74.213255,https://yeshivasbeeryitzchok.org/,Private Non-Profit,52,52,100.0,,,11450,11450,5200,300,14.29,60.0,,0.0,7.0
Oak Valley College,oak-valley-college,Rialto,CA,USA,34.150067,-117.39089,https://oakvalley.edu/,Private Non-Profit,52,52,,,,16100,16100,,600,43.48,73.33,,0.0,7.0
Antioch University-Santa Barbara,antioch-university-santa-barbara,Santa Barbara,CA,USA,34.419203,-119.6958,https://www.antiochsb.edu/,Private Non-Profit,52,52,,,,,,,,,,,38.33,5.0
Baptist Missionary Association Theological Seminary,baptist-missionary-association-theological-seminary,Jacksonville,TX,USA,31.978961,-95.255524,https://www.bmats.edu/,Private Non-Profit,49,49,23.08,,,10050,10050,9000,1100,,,,3.39,3.0
Hellenic College-Holy Cross Greek Orthodox School of Theology,hellenic-college-holy-cross-greek-orthodox-school-of-theology,Brookline,MA,USA,42.317018,-71.129418,https://www.hchc.edu/,Private Non-Profit,49,49,90.48,,,22490,22490,16192,600,44.44,100.0,,35.9,7.0
American Baptist College,american-baptist-college,Nashville,TN,USA,36.202623,-86.789912,https://www.abcnash.edu/,Private Non-Profit,48,48,,,,12474,12474,8640,1500,33.33,80.0,,66.04,5.0
Yeshiva Gedolah Zichron Leyma,yeshiva-gedolah-zichron-leyma,Union,NJ,USA,40.6992,-74.268351,https://www.yzl.edu/,Private Non-Profit,47,47,70.59,,,11350,11350,2200,300,75.0,85.71,,0.0,9.0
Mesivtha Tifereth Jerusalem of America,mesivtha-tifereth-jerusalem-of-america,New York,NY,USA,40.713812,-73.991271,https://mtj.edu/,Private Non-Profit,45,45,60.87,,,13560,13560,4000,200,16.67,93.33,,0.0,5.0
Pontifical College Josephinum,pontifical-college-josephinum,Columbus,OH,USA,40.120735,-83.018829,https://www.pcj.edu/,Private Non-Profit,45,45,83.33,,,27829,27829,12456,1800,27.27,100.0,,14.71,5.0
New Hope Christian College-Eugene,new-hope-christian-college-eugene,Eugene,OR,USA,44.032674,-123.15355,https://www.newhope.edu/,Private Non-Profit,45,45,65.63,,,17620,17620,8400,1000,25.0,63.64,,75.0,3.0
Lincoln Christian University,lincoln-christian-university,Lincoln,IL,USA,40.148924,-89.346721,https://www.lincolnchristian.edu/,Private Non-Profit,44,44,,,,15400,15400,,1000,58.23,0.0,,29.89,2.0
Christ Mission College,christ-mission-college,San Antonio,TX,USA,29.543412,-98.70699,https://cmctx.edu/,Private Non-Profit,43,43,,,,8229,8229,5322,120,0.0,71.43,,0.0,10.0
Saint Charles Borromeo Seminary-Overbrook,saint-charles-borromeo-seminary-overbrook,Wynnewood,PA,USA,39.99133,-75.255675,https://www.scs.edu/,Private Non-Profit,41,41,100.0,,,25023,25023,16113,1250,44.44,100.0,,18.75,4.0
Family of Faith Christian University,family-of-faith-christian-university,Shawnee,OK,USA,35.462234,-96.901413,https://www.familyoffaith.edu/,Private Non-Profit,41,41,100.0,,,8220,8220,9492,1200,25.0,,,20.59,8.0
University of the West,university-of-the-west,Rosemead,CA,USA,34.045985,-118.082964,https://www.uwest.edu/,Private Non-Profit,41,41,100.0,,,14718,14718,12760,938,31.11,40.0,,25.81,5.0
Bais Medrash Elyon,bais-medrash-elyon,Monsey,NY,USA,41.114079,-74.069798,https://baismedroshelyon.com/,Private Non-Profit,41,41,80.0,,,8600,8600,4600,300,,66.67,,0.0,19.0
Palmer College of Chiropractic,palmer-college-of-chiropractic,Davenport,IA,USA,41.529021,-90.574607,https://www.palmer.edu/,Private Non-Profit,41,41,,,,,,,,0.0,,,75.0,10.0
Williamson Christian College,williamson-christian-college,Franklin,TN,USA,35.95616,-86.828311,https://www.williamsoncc.edu/,Private Non-Profit,40,40,,,,15010,15010,,1080,50.0,75.0,,34.15,7.0
Presbyterian Theological Seminary in America,presbyterian-theological-seminary-in-america,Santa Fe Springs,CA,USA,33.88856,-118.047065,https://ch.ptsa.edu/en,Private Non-Profit,38,38,,,,8839,8839,,1300,80.0,,,2.78,6.0
Yeshiva Zichron Aryeh,yeshiva-zichron-aryeh,Far Rockaway,NY,USA,40.606105,-73.764423,https://yeshivazichronaryeh.com/,Private Non-Profit,36,36,60.0,,,9620,9620,6880,300,0.0,,,0.0,4.0
William James College,william-james-college,Newton,MA,USA,42.294995,-71.203256,https://www.williamjames.edu/,Private Non-Profit,36,36,,,,,,,,,,,42.5,4.0
Charlotte Christian College and Theological Seminary,charlotte-christian-college-and-theological-seminary,Charlotte,NC,USA,35.159664,-80.737194,https://www.charlottechristian.edu/,Private Non-Profit,36,36,,,,11960,11960,,850,0.0,,,71.11,3.0
Kairos University,kairos-university,Sioux Falls,SD,USA,43.525446,-96.735896,https://www.kairos.edu/,Private Non-Profit,36,36,74.29,,,,,,,,,,0.0,8.0
Great Northern University,great-northern-university,Spokane,WA,USA,47.675837,-117.400562,https://www.greatnorthernu.org/,Private Non-Profit,36,36,100.0,,,17700,17700,11538,977,,100.0,,31.43,3.0
Alaska Bible College,alaska-bible-college,Palmer,AK,USA,61.598553,-149.111972,https://www.akbible.edu/,Private Non-Profit,34,34,,,,10930,10930,7000,400,100.0,33.33,,12.82,5.0
NewU University,newu-university,Washington,DC,USA,38.903529,-77.033557,https://newu.university/,Private Non-Profit,34,34,99.02,,,16500,16500,,0,,81.25,,0.0,4.0
Selma University,selma-university,Selma,AL,USA,32.420387,-87.032392,https://selmau.edu/,Private Non-Profit,34,34,,,,4800,4800,3600,800,24.0,,,0.0,3.0
Conception Seminary College,conception-seminary-college,Conception,MO,USA,40.24044,-94.682831,https://www.conception.edu/,Private Non-Profit,32,32,100.0,1250,21,25208,25208,14990,650,64.29,100.0,,19.23,5.0
New York College of Health Professions,new-york-college-of-health-professions,Syosset,NY,USA,40.811129,-73.51534,https://www.nycollege.edu/,Private Non-Profit,32,32,,,,14235,14235,,2025,54.17,,,51.61,5.0
The Chicago School at Chicago,the-chicago-school-at-chicago,Chicago,IL,USA,41.888293,-87.63379,https://www.thechicagoschool.edu/in-the-community/locations/,Private Non-Profit,31,31,33.33,,,20844,20844,,2184,,,,79.41,8.0
Boston Baptist College,boston-baptist-college,Boston,MA,USA,42.254037,-71.1103,https://www.boston.edu/,Private Non-Profit,31,31,100.0,,,14304,14304,7800,800,44.44,80.0,,40.0,4.0
Southern California Seminary,southern-california-seminary,El Cajon,CA,USA,32.799614,-116.905461,https://www.socalsem.edu/,Private Non-Profit,30,30,,,,18720,18720,15471,938,,,,21.43,9.0
Polytechnic University of Puerto Rico-Miami,polytechnic-university-of-puerto-rico-miami,Miami,FL,USA,25.80915,-80.328482,https://www.pupr.edu/miami/,Private Non-Profit,29,29,,,,14082,14082,,2463,0.0,,,100.0,3.0
Heritage Bible College,heritage-bible-college,Dunn,NC,USA,35.307368,-78.664393,https://www.heritagebiblecollege.edu/,Private Non-Profit,28,28,,,,8688,8688,,1000,40.0,66.67,,96.15,2.0
National University of Natural Medicine,national-university-of-natural-medicine,Portland,OR,USA,45.501931,-122.6766,https://www.nunm.edu/,Private Non-Profit,28,28,,,,,,,,,,,58.33,9.0
Mount Angel Seminary,mount-angel-seminary,Saint Benedict,OR,USA,45.057871,-122.775405,https://www.mountangelabbey.org/seminary,Private Non-Profit,28,28,100.0,,,29694,29694,16704,1000,33.33,,,21.21,6.0
Talmudic College of Florida,talmudic-college-of-florida,Miami Beach,FL,USA,25.811996,-80.136293,https://www.talmudicu.edu/,Private Non-Profit,26,26,,,,16750,16750,10250,1000,58.82,75.0,,0.0,4.0
Messenger College,messenger-college,Bedford,TX,USA,32.85076,-97.161015,https://www.messengercollege.edu/,Private Non-Profit,26,26,50.0,,,11200,11200,12635,1500,55.56,66.67,,100.0,8.0
CHI Health School of Radiologic Technology,chi-health-school-of-radiologic-technology,Omaha,NE,USA,41.32206,-96.020431,https://www.chihealth.com/school-of-radiologic-technology,Private Non-Profit,25,25,,,,,,,,,,,50.0,8.0
Mid-South Christian College,mid-south-christian-college,Memphis,TN,USA,35.064172,-89.911799,https://www.midsouthchristian.edu/,Private Non-Profit,23,23,100.0,,,11905,11905,4600,400,75.0,100.0,,0.0,3.0
National University of Health Sciences,national-university-of-health-sciences,Lombard,IL,USA,41.861697,-88.013171,https://www.nuhs.edu/,Private Non-Profit,22,22,,,,,,,,,,,27.27,7.0
Central Yeshiva Beth Joseph,central-yeshiva-beth-joseph,Brooklyn,NY,USA,40.615411,-73.959386,https://centralyeshivabethjoseph.com/,Private Non-Profit,22,22,,,,,,,,,,,0.0,4.0
California Jazz Conservatory,california-jazz-conservatory,Berkeley,CA,USA,37.871235,-122.268878,https://www.cjc.edu/,Private Non-Profit,20,20,100.0,,,23700,23700,,938,50.0,,,52.17,4.0
Louisiana State University Health Sciences Center-Shreveport,louisiana-state-university-health-sciences-center-shreveport,Shreveport,LA,USA,32.480683,-93.761018,https://www.lsuhs.edu/,Public,20,20,,,,,,,,,,,43.48,3.0
Touro University Nevada,touro-university-nevada,Henderson,NV,USA,36.043189,-115.024012,https://www.tun.touro.edu/,Private Non-Profit,19,19,,,,,,,,,,,33.33,9.0
Palo Alto University,palo-alto-university,Palo Alto,CA,USA,37.382216,-122.187437,https://www.paloaltou.edu/,Private Non-Profit,19,19,,,,,,,,,,,30.77,12.0
St. John Vianney College Seminary,st-john-vianney-college-seminary,Miami,FL,USA,25.742579,-80.337411,https://www.sjvcs.edu/,Private Non-Profit,18,18,100.0,,,23100,23100,12100,800,100.0,100.0,,0.0,4.0
Yeshiva Ohr Yisrael,yeshiva-ohr-yisrael,Brooklyn,NY,USA,40.61359,-73.944041,https://www.yoy.edu/,Private Non-Profit,17,17,100.0,,,9400,9400,5700,235,12.5,25.0,,0.0,3.0
Summit Christian College,summit-christian-college,Gering,NE,USA,41.829274,-103.675715,https://www.summitcc.edu/,Private Non-Profit,17,17,14.29,,20,8278,8278,6367,300,66.67,100.0,,0.0,3.0
Talmudical Institute of Upstate New York,talmudical-institute-of-upstate-new-york,Rochester,NY,USA,43.147062,-77.574943,https://www.tiuny.org/,Private Non-Profit,16,16,100.0,,,6150,6150,4400,300,16.67,42.86,,0.0,8.0
Notre Dame de Namur University,notre-dame-de-namur-university,Belmont,CA,USA,37.517111,-122.284794,https://www.ndnu.edu/,Private Non-Profit,14,14,,,,,,,,31.55,,,,6.0
Saint John's Seminary,saint-johns-seminary,Brighton,MA,USA,42.344146,-71.161998,https://www.sjs.edu/,Private Non-Profit,14,14,,,,,,,,,,,0.0,6.0
Yeshiva Bais Aharon,yeshiva-bais-aharon,Lakewood,NJ,USA,40.101002,-74.203094,https://www.yeshivabaisaharon.com/,Private Non-Profit,13,13,75.0,,,10350,10350,2640,300,0.0,0.0,,0.0,4.0
Shasta Bible College and Graduate School,shasta-bible-college-and-graduate-school,Redding,CA,USA,40.566034,-122.314419,https://www.shasta.edu/,Private Non-Profit,12,12,100.0,,,14535,14535,4500,900,33.33,0.0,,20.83,3.0
Pathways College,pathways-college,Phoenix,AZ,USA,33.472223,-112.06553,https://www.pathwayscollege.edu/,Private Non-Profit,9,9,,,,6180,6180,,1152,,,,0.0,9.0
Middlebury Institute of International Studies at Monterey,middlebury-institute-of-international-studies-at-monterey,Monterey,CA,USA,36.599736,-121.897325,https://www.middlebury.edu/institute/,Private Non-Profit,8,8,,,,,,,,,,,33.33,1.0
American Islamic College,american-islamic-college,Chicago,IL,USA,41.954969,-87.646898,https://www.aicusa.edu/,Private Non-Profit,6,6,100.0,,,7650,7650,,600,,0.0,,0.0,2.0
The Chicago School at San Diego,the-chicago-school-at-san-diego,San Diego,CA,USA,32.718575,-117.167054,https://www.thechicagoschool.edu/in-the-community/locations/,Private Non-Profit,5,5,100.0,,,20844,20844,,2184,,,,50.0,5.0
Fairfax University of America,fairfax-university-of-america,Fairfax,VA,USA,38.84905,-77.347751,https://www.fxua.edu/,Private Non-Profit,5,5,,,,10128,10128,,1600,0.0,62.5,,0.0,3.0
University of Western States,university-of-western-states,Portland,OR,USA,45.536519,-122.580586,https://www.uws.edu/,Private Non-Profit,0,0,,,,,,,,,,,0.0,
New England College of Optometry,new-england-college-of-optometry,Boston,MA,USA,42.351853,-71.086829,https://www.neco.edu/,Private Non-Profit,,,,,,,,,,,,,,
